-- phpMyAdmin SQL Dump
-- version 5.1.1deb5ubuntu1
-- https://www.phpmyadmin.net/
--
-- Host: localhost:3306
-- Generation Time: Jul 01, 2026 at 09:32 PM
-- Server version: 8.0.46-0ubuntu0.22.04.3
-- PHP Version: 8.3.30

SET SQL_MODE = "NO_AUTO_VALUE_ON_ZERO";
START TRANSACTION;
SET time_zone = "+00:00";


/*!40101 SET @OLD_CHARACTER_SET_CLIENT=@@CHARACTER_SET_CLIENT */;
/*!40101 SET @OLD_CHARACTER_SET_RESULTS=@@CHARACTER_SET_RESULTS */;
/*!40101 SET @OLD_COLLATION_CONNECTION=@@COLLATION_CONNECTION */;
/*!40101 SET NAMES utf8mb4 */;

--
-- Database: `climbing_db`
--

-- --------------------------------------------------------

--
-- Table structure for table `articles`
--

CREATE TABLE `articles` (
  `id` bigint UNSIGNED NOT NULL,
  `category` varchar(191) CHARACTER SET utf8mb4 COLLATE utf8mb4_unicode_ci DEFAULT NULL,
  `url_title` varchar(191) CHARACTER SET utf8mb4 COLLATE utf8mb4_unicode_ci NOT NULL,
  `price_from` varchar(191) CHARACTER SET utf8mb4 COLLATE utf8mb4_unicode_ci DEFAULT NULL,
  `open_time` time DEFAULT NULL,
  `closed_time` time DEFAULT NULL,
  `weather` text CHARACTER SET utf8mb4 COLLATE utf8mb4_unicode_ci,
  `map` text CHARACTER SET utf8mb4 COLLATE utf8mb4_unicode_ci,
  `image` varchar(191) CHARACTER SET utf8mb4 COLLATE utf8mb4_unicode_ci DEFAULT NULL,
  `published` int DEFAULT NULL,
  `us_article_id` bigint UNSIGNED NOT NULL,
  `ka_article_id` bigint UNSIGNED NOT NULL,
  `created_at` timestamp NULL DEFAULT NULL,
  `updated_at` timestamp NULL DEFAULT NULL
) ENGINE=InnoDB DEFAULT CHARSET=utf8mb4 COLLATE=utf8mb4_unicode_ci;

--
-- Dumping data for table `articles`
--

INSERT INTO `articles` (`id`, `category`, `url_title`, `price_from`, `open_time`, `closed_time`, `weather`, `map`, `image`, `published`, `us_article_id`, `ka_article_id`, `created_at`, `updated_at`) VALUES
(1, 'outdoor', 'Climbing_In_Sveri(Chiatura)', NULL, NULL, NULL, '<iframe src=\"https://www.meteoblue.com/en/weather/widget/daily/sveri_georgia_611801?geoloc=fixed&days=5&tempunit=CELSIUS&windunit=KILOMETER_PER_HOUR&precipunit=MILLIMETER&coloured=coloured&pictoicon=0&pictoicon=1&maxtemperature=0&maxtemperature=1&mintemperature=0&mintemperature=1&windspeed=0&windspeed=1&windgust=0&winddirection=0&winddirection=1&uv=0&humidity=0&precipitation=0&precipitation=1&precipitationprobability=0&precipitationprobability=1&spot=0&pressure=0&layout=light\"  frameborder=\"0\" scrolling=\"NO\" allowtransparency=\"true\" sandbox=\"allow-same-origin allow-scripts allow-popups allow-popups-to-escape-sandbox\" style=\"width: 270px; height: 420px\"></iframe><div><!-- DO NOT REMOVE THIS LINK --><a href=\"https://www.meteoblue.com/en/weather/week/sveri_georgia_611801?utm_source=weather_widget&utm_medium=linkus&utm_content=daily&utm_campaign=Weather%2BWidget\" target=\"_blank\" rel=\"noopener\">meteoblue</a></div>', '<iframe src=\"https://www.google.com/maps/d/embed?mid=12CPDODNpgnsWFAUlZRxj1sdNL_-64WPt&ehbc=2E312F\" width=\"100%\" height=\"480\"></iframe>', '2025-01-21-01-01-26-1737408326{363306}.webp', 1, 201, 1, '2021-03-02 07:04:04', '2025-01-21 01:25:26'),
(6, 'outdoor', 'Climbing_In_Katskhi_(Chiatura)', NULL, NULL, NULL, '<iframe src=\"https://www.meteoblue.com/en/weather/widget/daily/kats%e2%80%99khi_georgia_614096?geoloc=fixed&days=5&tempunit=CELSIUS&windunit=KILOMETER_PER_HOUR&precipunit=MILLIMETER&coloured=coloured&pictoicon=0&pictoicon=1&maxtemperature=0&maxtemperature=1&mintemperature=0&mintemperature=1&windspeed=0&windspeed=1&windgust=0&winddirection=0&winddirection=1&uv=0&humidity=0&precipitation=0&precipitation=1&precipitationprobability=0&precipitationprobability=1&spot=0&pressure=0&layout=light&location_url=https%3A%2F%2Fwww.meteoblue.com%2Fen%2Fweather%2Fwidget%2Fdaily%2Fkats%25e2%2580%2599khi_georgia_614096&location_mainUrl=https%3A%2F%2Fwww.meteoblue.com%2Fen%2Fweather%2Fweek%2Fkats%25e2%2580%2599khi_georgia_614096&nolocation_url=https%3A%2F%2Fwww.meteoblue.com%2Fen%2Fweather%2Fwidget%2Fdaily&nolocation_mainUrl=https%3A%2F%2Fwww.meteoblue.com%2Fen%2Fweather%2Fweek%2Findex&dailywidth=54&tracking=%3Futm_source%3Dweather_widget%26utm_medium%3Dlinkus%26utm_content%3Ddaily%26utm_campaign%3DWeather%252BWidget\"  frameborder=\"0\" scrolling=\"NO\" allowtransparency=\"true\" sandbox=\"allow-same-origin allow-scripts allow-popups allow-popups-to-escape-sandbox\" style=\"width: 270px;height: 315px\"></iframe><div><!-- DO NOT REMOVE THIS LINK --><a href=\"https://www.meteoblue.com/en/weather/week/kats%e2%80%99khi_georgia_614096?utm_source=weather_widget&utm_medium=linkus&utm_content=daily&utm_campaign=Weather%2BWidget\" target=\"_blank\">meteoblue</a></div>', '<iframe src=\"https://www.google.com/maps/d/u/0/embed?mid=1a-cqz5NYhP7Jk-voAaUxFrU9WImkVFq3\" width=\"100%\" height=\"480\"></iframe>', '2021-11-21-19-11-31.webp', 1, 206, 6, '2021-03-02 13:31:38', '2021-11-21 15:20:31'),
(7, 'outdoor', 'Urban_Climbing_In_Tbilisi', NULL, NULL, NULL, '<iframe src=\"https://www.meteoblue.com/en/weather/widget/daily/tbilisi%27s-sea_georgia_611714?geoloc=fixed&days=5&tempunit=CELSIUS&windunit=KILOMETER_PER_HOUR&precipunit=MILLIMETER&coloured=coloured&pictoicon=0&pictoicon=1&maxtemperature=0&maxtemperature=1&mintemperature=0&mintemperature=1&windspeed=0&windspeed=1&windgust=0&winddirection=0&winddirection=1&uv=0&humidity=0&precipitation=0&precipitation=1&precipitationprobability=0&precipitationprobability=1&spot=0&pressure=0&layout=light&location_url=https%3A%2F%2Fwww.meteoblue.com%2Fen%2Fweather%2Fwidget%2Fdaily%2Ftbilisi%2527s-sea_georgia_611714&location_mainUrl=https%3A%2F%2Fwww.meteoblue.com%2Fen%2Fweather%2Fweek%2Ftbilisi%2527s-sea_georgia_611714&nolocation_url=https%3A%2F%2Fwww.meteoblue.com%2Fen%2Fweather%2Fwidget%2Fdaily&nolocation_mainUrl=https%3A%2F%2Fwww.meteoblue.com%2Fen%2Fweather%2Fweek%2Findex&dailywidth=54&tracking=%3Futm_source%3Dweather_widget%26utm_medium%3Dlinkus%26utm_content%3Ddaily%26utm_campaign%3DWeather%252BWidget\"  frameborder=\"0\" scrolling=\"NO\" allowtransparency=\"true\" sandbox=\"allow-same-origin allow-scripts allow-popups allow-popups-to-escape-sandbox\" style=\"width: 270px;height: 315px\"></iframe><div><!-- DO NOT REMOVE THIS LINK --><a href=\"https://www.meteoblue.com/en/weather/week/tbilisi%27s-sea_georgia_611714?utm_source=weather_widget&utm_medium=linkus&utm_content=daily&utm_campaign=Weather%2BWidget\" target=\"_blank\">meteoblue</a></div>', '<iframe src=\"https://www.google.com/maps/d/u/0/embed?mid=1Nzu-J7c65ivpXrma5iAdWye1a7nhYslt\" width=\"100%\" height=\"480\"></iframe>', '2021-05-18-21-05-11.webp', 1, 207, 7, '2021-03-02 13:36:24', '2022-02-06 15:22:09'),
(8, 'outdoor', 'climbing_in_chiatura', NULL, NULL, NULL, '<iframe src=\"https://www.meteoblue.com/en/weather/widget/daily/chiat%27ura_georgia_615211?geoloc=fixed&days=5&tempunit=CELSIUS&windunit=KILOMETER_PER_HOUR&precipunit=MILLIMETER&coloured=coloured&pictoicon=0&pictoicon=1&maxtemperature=0&maxtemperature=1&mintemperature=0&mintemperature=1&windspeed=0&windspeed=1&windgust=0&winddirection=0&winddirection=1&uv=0&humidity=0&precipitation=0&precipitation=1&precipitationprobability=0&precipitationprobability=1&spot=0&pressure=0&layout=light\"  frameborder=\"0\" scrolling=\"NO\" allowtransparency=\"true\" sandbox=\"allow-same-origin allow-scripts allow-popups allow-popups-to-escape-sandbox\" style=\"width: 270px;height: 315px\"></iframe><div><!-- DO NOT REMOVE THIS LINK --><a href=\"https://www.meteoblue.com/en/weather/forecast/week/chiat%27ura_georgia_615211?utm_source=weather_widget&utm_medium=linkus&utm_content=daily&utm_campaign=Weather%2BWidget\" target=\"_blank\">meteoblue</a></div>', '<iframe src=\"https://www.google.com/maps/d/u/0/embed?mid=1LMcw-rOZ0wZ2p9mYwPy20UGsx43CSfq7\" width=\"100%\" height=\"480\"></iframe>', '2021-03-21-10-03-56.webp', 1, 208, 8, '2021-03-02 13:38:50', '2021-03-31 16:20:57'),
(9, 'outdoor', 'Climbing_In_Mestia_(Chalaadi)', NULL, NULL, NULL, '<iframe src=\"https://www.meteoblue.com/en/weather/widget/daily/mestia_georgia_612987?geoloc=fixed&days=5&tempunit=CELSIUS&windunit=KILOMETER_PER_HOUR&precipunit=MILLIMETER&coloured=coloured&pictoicon=0&pictoicon=1&maxtemperature=0&maxtemperature=1&mintemperature=0&mintemperature=1&windspeed=0&windspeed=1&windgust=0&winddirection=0&winddirection=1&uv=0&humidity=0&precipitation=0&precipitation=1&precipitationprobability=0&precipitationprobability=1&spot=0&pressure=0&layout=light&location_url=https%3A%2F%2Fwww.meteoblue.com%2Fen%2Fweather%2Fwidget%2Fdaily%2Fmestia_georgia_612987&location_mainUrl=https%3A%2F%2Fwww.meteoblue.com%2Fen%2Fweather%2Fweek%2Fmestia_georgia_612987&nolocation_url=https%3A%2F%2Fwww.meteoblue.com%2Fen%2Fweather%2Fwidget%2Fdaily&nolocation_mainUrl=https%3A%2F%2Fwww.meteoblue.com%2Fen%2Fweather%2Fweek%2Findex&dailywidth=54&tracking=%3Futm_source%3Dweather_widget%26utm_medium%3Dlinkus%26utm_content%3Ddaily%26utm_campaign%3DWeather%252BWidget\"  frameborder=\"0\" scrolling=\"NO\" allowtransparency=\"true\" sandbox=\"allow-same-origin allow-scripts allow-popups allow-popups-to-escape-sandbox\" style=\"width: 270px;height: 315px\"></iframe><div><!-- DO NOT REMOVE THIS LINK --><a href=\"https://www.meteoblue.com/en/weather/week/mestia_georgia_612987?utm_source=weather_widget&utm_medium=linkus&utm_content=daily&utm_campaign=Weather%2BWidget\" target=\"_blank\">meteoblue</a></div>', '<iframe src=\"https://www.google.com/maps/embed?pb=!1m18!1m12!1m3!1d2912.695062829864!2d42.74269431502385!3d43.110922895344814!2m3!1f0!2f0!3f0!3m2!1i1024!2i768!4f13.1!3m3!1m2!1s0x0%3A0x0!2zNDPCsDA2JzM5LjMiTiA0MsKwNDQnNDEuNiJF!5e0!3m2!1sru!2sge!4v1553756606635\" width=\"100%\" height=\"450\" frameborder=\"0\" style=\"border:0\" allowfullscreen></iframe>', '2022-04-07-16-04-01.webp', 1, 209, 9, '2021-03-02 13:41:37', '2022-04-07 12:06:01'),
(10, 'outdoor', 'Climbing_In_Dzevri', NULL, NULL, NULL, '<iframe src=\"https://www.meteoblue.com/en/weather/widget/daily/dzevri_georgia_614820?geoloc=fixed&days=5&tempunit=CELSIUS&windunit=KILOMETER_PER_HOUR&precipunit=MILLIMETER&coloured=coloured&pictoicon=0&pictoicon=1&maxtemperature=0&maxtemperature=1&mintemperature=0&mintemperature=1&windspeed=0&windspeed=1&windgust=0&winddirection=0&winddirection=1&uv=0&humidity=0&precipitation=0&precipitation=1&precipitationprobability=0&precipitationprobability=1&spot=0&pressure=0&layout=light&location_url=https%3A%2F%2Fwww.meteoblue.com%2Fen%2Fweather%2Fwidget%2Fdaily%2Fdzevri_georgia_614820&location_mainUrl=https%3A%2F%2Fwww.meteoblue.com%2Fen%2Fweather%2Fweek%2Fdzevri_georgia_614820&nolocation_url=https%3A%2F%2Fwww.meteoblue.com%2Fen%2Fweather%2Fwidget%2Fdaily&nolocation_mainUrl=https%3A%2F%2Fwww.meteoblue.com%2Fen%2Fweather%2Fweek%2Findex&dailywidth=54&tracking=%3Futm_source%3Dweather_widget%26utm_medium%3Dlinkus%26utm_content%3Ddaily%26utm_campaign%3DWeather%252BWidget\"  frameborder=\"0\" scrolling=\"NO\" allowtransparency=\"true\" sandbox=\"allow-same-origin allow-scripts allow-popups allow-popups-to-escape-sandbox\" style=\"width: 270px;height: 315px\"></iframe><div><!-- DO NOT REMOVE THIS LINK --><a href=\"https://www.meteoblue.com/en/weather/week/dzevri_georgia_614820?utm_source=weather_widget&utm_medium=linkus&utm_content=daily&utm_campaign=Weather%2BWidget\" target=\"_blank\">meteoblue</a></div>', '<iframe src=\"https://www.google.com/maps/embed?pb=!1m18!1m12!1m3!1d94516.67283665191!2d42.882576641842896!3d42.243374712162456!2m3!1f0!2f0!3f0!3m2!1i1024!2i768!4f13.1!3m3!1m2!1s0x405c96d19c1d1499%3A0xf6250f5c4966dc42!2sDzevri!5e0!3m2!1sru!2sge!4v1553759751853\" width=\"100%\" height=\"450\" frameborder=\"0\" style=\"border:0\" allowfullscreen></iframe>', '2022-04-09-20-04-45.webp', 1, 210, 10, '2021-03-02 13:44:09', '2022-04-09 16:42:45'),
(11, 'outdoor', 'Climbing_In_Kutaisi(Choma)', NULL, NULL, NULL, '<iframe src=\"https://www.meteoblue.com/en/weather/widget/daily/kutaisi_georgia_613607?geoloc=fixed&days=5&tempunit=CELSIUS&windunit=KILOMETER_PER_HOUR&precipunit=MILLIMETER&coloured=coloured&pictoicon=0&pictoicon=1&maxtemperature=0&maxtemperature=1&mintemperature=0&mintemperature=1&windspeed=0&windspeed=1&windgust=0&winddirection=0&winddirection=1&uv=0&humidity=0&precipitation=0&precipitation=1&precipitationprobability=0&precipitationprobability=1&spot=0&pressure=0&layout=light&location_url=https%3A%2F%2Fwww.meteoblue.com%2Fen%2Fweather%2Fwidget%2Fdaily%2Fkutaisi_georgia_613607&location_mainUrl=https%3A%2F%2Fwww.meteoblue.com%2Fen%2Fweather%2Fweek%2Fkutaisi_georgia_613607&nolocation_url=https%3A%2F%2Fwww.meteoblue.com%2Fen%2Fweather%2Fwidget%2Fdaily&nolocation_mainUrl=https%3A%2F%2Fwww.meteoblue.com%2Fen%2Fweather%2Fweek%2Findex&dailywidth=54&tracking=%3Futm_source%3Dweather_widget%26utm_medium%3Dlinkus%26utm_content%3Ddaily%26utm_campaign%3DWeather%252BWidget\"  frameborder=\"0\" scrolling=\"NO\" allowtransparency=\"true\" sandbox=\"allow-same-origin allow-scripts allow-popups allow-popups-to-escape-sandbox\" style=\"width: 270px;height: 315px\"></iframe><div><!-- DO NOT REMOVE THIS LINK --><a href=\"https://www.meteoblue.com/en/weather/week/kutaisi_georgia_613607?utm_source=weather_widget&utm_medium=linkus&utm_content=daily&utm_campaign=Weather%2BWidget\" target=\"_blank\">meteoblue</a></div>', '<iframe src=\"https://www.google.com/maps/embed?pb=!1m18!1m12!1m3!1d738.0248089064232!2d42.705723829207905!3d42.27640499099402!2m3!1f0!2f0!3f0!3m2!1i1024!2i768!4f13.1!3m3!1m2!1s0x0%3A0x0!2zNDLCsDE2JzM1LjEiTiA0MsKwNDInMjIuNiJF!5e0!3m2!1sru!2sge!4v1553760347864\" width=\"100%\" height=\"450\" frameborder=\"0\" style=\"border:0\" allowfullscreen></iframe>', '2021-11-16-20-11-56.webp', 1, 211, 11, '2021-03-02 13:46:18', '2021-11-16 16:11:19'),
(12, 'outdoor', 'Climbing_In_Arsha', NULL, NULL, NULL, '<iframe src=\"https://www.meteoblue.com/en/weather/widget/daily/arsha_georgia_615681?geoloc=fixed&days=5&tempunit=CELSIUS&windunit=KILOMETER_PER_HOUR&precipunit=MILLIMETER&coloured=coloured&pictoicon=0&pictoicon=1&maxtemperature=0&maxtemperature=1&mintemperature=0&mintemperature=1&windspeed=0&windspeed=1&windgust=0&winddirection=0&winddirection=1&uv=0&humidity=0&precipitation=0&precipitation=1&precipitationprobability=0&precipitationprobability=1&spot=0&pressure=0&layout=light&location_url=https%3A%2F%2Fwww.meteoblue.com%2Fen%2Fweather%2Fwidget%2Fdaily%2Farsha_georgia_615681&location_mainUrl=https%3A%2F%2Fwww.meteoblue.com%2Fen%2Fweather%2Fweek%2Farsha_georgia_615681&nolocation_url=https%3A%2F%2Fwww.meteoblue.com%2Fen%2Fweather%2Fwidget%2Fdaily&nolocation_mainUrl=https%3A%2F%2Fwww.meteoblue.com%2Fen%2Fweather%2Fweek%2Findex&dailywidth=54&tracking=%3Futm_source%3Dweather_widget%26utm_medium%3Dlinkus%26utm_content%3Ddaily%26utm_campaign%3DWeather%252BWidget\"  frameborder=\"0\" scrolling=\"NO\" allowtransparency=\"true\" sandbox=\"allow-same-origin allow-scripts allow-popups allow-popups-to-escape-sandbox\" style=\"width: 270px;height: 315px\"></iframe><div><!-- DO NOT REMOVE THIS LINK --><a href=\"https://www.meteoblue.com/en/weather/week/arsha_georgia_615681?utm_source=weather_widget&utm_medium=linkus&utm_content=daily&utm_campaign=Weather%2BWidget\" target=\"_blank\">meteoblue</a></div>', '<iframe src=\"https://www.google.com/maps/d/u/0/embed?mid=1K_MJOpCrUNCaJmPM15OOxFDEDs5Fsq_u\" width=\"100%\" height=\"480\"></iframe>', '2022-04-07-16-04-08.webp', 1, 212, 12, '2021-03-02 13:51:02', '2022-09-05 09:29:35'),
(13, 'outdoor', 'Climbing_At_The_Black_Sea_Coast', NULL, NULL, NULL, '<iframe src=\"https://www.meteoblue.com/en/weather/widget/daily/gonio_georgia_614471?geoloc=fixed&days=5&tempunit=CELSIUS&windunit=KILOMETER_PER_HOUR&precipunit=MILLIMETER&coloured=coloured&pictoicon=0&pictoicon=1&maxtemperature=0&maxtemperature=1&mintemperature=0&mintemperature=1&windspeed=0&windspeed=1&windgust=0&winddirection=0&winddirection=1&uv=0&humidity=0&precipitation=0&precipitation=1&precipitationprobability=0&precipitationprobability=1&spot=0&pressure=0&layout=light&location_url=https%3A%2F%2Fwww.meteoblue.com%2Fen%2Fweather%2Fwidget%2Fdaily%2Fgonio_georgia_614471&location_mainUrl=https%3A%2F%2Fwww.meteoblue.com%2Fen%2Fweather%2Fweek%2Fgonio_georgia_614471&nolocation_url=https%3A%2F%2Fwww.meteoblue.com%2Fen%2Fweather%2Fwidget%2Fdaily&nolocation_mainUrl=https%3A%2F%2Fwww.meteoblue.com%2Fen%2Fweather%2Fweek%2Findex&dailywidth=54&tracking=%3Futm_source%3Dweather_widget%26utm_medium%3Dlinkus%26utm_content%3Ddaily%26utm_campaign%3DWeather%252BWidget\"  frameborder=\"0\" scrolling=\"NO\" allowtransparency=\"true\" sandbox=\"allow-same-origin allow-scripts allow-popups allow-popups-to-escape-sandbox\" style=\"width: 270px;height: 315px\"></iframe><div><!-- DO NOT REMOVE THIS LINK --><a href=\"https://www.meteoblue.com/en/weather/week/gonio_georgia_614471?utm_source=weather_widget&utm_medium=linkus&utm_content=daily&utm_campaign=Weather%2BWidget\" target=\"_blank\">meteoblue</a></div>', '<iframe src=\"https://www.google.com/maps/d/embed?mid=1CnPlvzCsUXJLEsQLAmVasbGeA2Wxf6rT\" width=\"100%\" height=\"480\"></iframe>', '2021-04-11-11-04-06.webp', 1, 213, 13, '2021-03-02 13:53:23', '2021-07-24 18:03:06'),
(14, 'outdoor', 'Climbing_In_Birtvisi', NULL, NULL, NULL, '<iframe src=\"https://www.meteoblue.com/en/weather/widget/daily/tbisi_georgia_611713?geoloc=fixed&days=5&tempunit=CELSIUS&windunit=KILOMETER_PER_HOUR&precipunit=MILLIMETER&coloured=coloured&pictoicon=0&pictoicon=1&maxtemperature=0&maxtemperature=1&mintemperature=0&mintemperature=1&windspeed=0&windspeed=1&windgust=0&winddirection=0&winddirection=1&uv=0&humidity=0&precipitation=0&precipitation=1&precipitationprobability=0&precipitationprobability=1&spot=0&pressure=0&layout=light\"  frameborder=\"0\" scrolling=\"NO\" allowtransparency=\"true\" sandbox=\"allow-same-origin allow-scripts allow-popups allow-popups-to-escape-sandbox\" style=\"width: 270px;height: 315px\"></iframe><div><!-- DO NOT REMOVE THIS LINK --><a href=\"https://www.meteoblue.com/en/weather/forecast/week/tbisi_georgia_611713?utm_source=weather_widget&utm_medium=linkus&utm_content=daily&utm_campaign=Weather%2BWidget\" target=\"_blank\">meteoblue</a></div>', '<iframe src=\"https://www.google.com/maps/d/u/0/embed?mid=1aX61Qz6Yy5Kc9D6a_9l2C_jZWpalZpT5\" width=\"100%\" height=\"480\"></iframe>', '2022-04-07-15-04-00.webp', 1, 214, 14, '2021-03-02 13:55:39', '2022-04-07 11:58:00'),
(15, 'outdoor', 'Climbing_In_\"Tbilisi_Botanical_Garden\"', NULL, NULL, NULL, '<iframe src=\"https://www.meteoblue.com/en/weather/widget/daily/tbilisi_georgia_611717?geoloc=fixed&days=5&tempunit=CELSIUS&windunit=KILOMETER_PER_HOUR&precipunit=MILLIMETER&coloured=coloured&pictoicon=0&pictoicon=1&maxtemperature=0&maxtemperature=1&mintemperature=0&mintemperature=1&windspeed=0&windspeed=1&windgust=0&winddirection=0&winddirection=1&uv=0&humidity=0&precipitation=0&precipitation=1&precipitationprobability=0&precipitationprobability=1&spot=0&pressure=0&layout=light&location_url=https%3A%2F%2Fwww.meteoblue.com%2Fen%2Fweather%2Fwidget%2Fdaily%2Ftbilisi_georgia_611717&location_mainUrl=https%3A%2F%2Fwww.meteoblue.com%2Fen%2Fweather%2Fweek%2Ftbilisi_georgia_611717&nolocation_url=https%3A%2F%2Fwww.meteoblue.com%2Fen%2Fweather%2Fwidget%2Fdaily&nolocation_mainUrl=https%3A%2F%2Fwww.meteoblue.com%2Fen%2Fweather%2Fweek%2Findex&dailywidth=54&tracking=%3Futm_source%3Dweather_widget%26utm_medium%3Dlinkus%26utm_content%3Ddaily%26utm_campaign%3DWeather%252BWidget\"  frameborder=\"0\" scrolling=\"NO\" allowtransparency=\"true\" sandbox=\"allow-same-origin allow-scripts allow-popups allow-popups-to-escape-sandbox\" style=\"width: 270px;height: 315px\"></iframe><div><!-- DO NOT REMOVE THIS LINK --><a href=\"https://www.meteoblue.com/en/weather/week/tbilisi_georgia_611717?utm_source=weather_widget&utm_medium=linkus&utm_content=daily&utm_campaign=Weather%2BWidget\" target=\"_blank\">meteoblue</a></div>', '<iframe src=\"https://www.google.com/maps/embed?pb=!1m18!1m12!1m3!1d4067.6210123340215!2d44.79905900852556!3d41.683552202948604!2m3!1f0!2f0!3f0!3m2!1i1024!2i768!4f13.1!3m3!1m2!1s0x40440c8c64c1b6df%3A0xa8b4317b7d439ce2!2zNDHCsDQxJzAzLjgiTiA0NMKwNDcnNDYuOCJF!5e0!3m2!1sru!2sge!4v1553763372992\" width=\"100%\" height=\"450\" frameborder=\"0\" style=\"border:0\" allowfullscreen></iframe>', '2021-04-07-20-04-15.webp', 1, 215, 15, '2021-03-02 14:29:06', '2021-10-08 13:51:16'),
(16, 'outdoor', 'Climbing_in_Navardzeti(chiatura)', NULL, NULL, NULL, '<iframe src=\"https://www.meteoblue.com/en/weather/widget/daily/navardzeti_georgia_612730?geoloc=fixed&days=5&tempunit=CELSIUS&windunit=KILOMETER_PER_HOUR&precipunit=MILLIMETER&coloured=coloured&pictoicon=0&pictoicon=1&maxtemperature=0&maxtemperature=1&mintemperature=0&mintemperature=1&windspeed=0&windspeed=1&windgust=0&winddirection=0&winddirection=1&uv=0&humidity=0&precipitation=0&precipitation=1&precipitationprobability=0&precipitationprobability=1&spot=0&pressure=0&layout=light\"  frameborder=\"0\" scrolling=\"NO\" allowtransparency=\"true\" sandbox=\"allow-same-origin allow-scripts allow-popups allow-popups-to-escape-sandbox\" style=\"width: 270px;height: 315px\"></iframe><div><!-- DO NOT REMOVE THIS LINK --><a href=\"https://www.meteoblue.com/en/weather/forecast/week/navardzeti_georgia_612730?utm_source=weather_widget&utm_medium=linkus&utm_content=daily&utm_campaign=Weather%2BWidget\" target=\"_blank\">meteoblue</a></div>', '<iframe src=\"https://www.google.com/maps/d/embed?mid=1XXvM_Sm5slow2QI-C19swgd5q7lvjr9v\" width=\"100%\" height=\"480\"></iframe>', '2021-04-07-20-04-06.webp', 1, 216, 16, '2021-03-02 14:31:44', '2022-04-07 12:11:25'),
(17, 'outdoor', 'climbing_in_tsdo', NULL, '22:41:58', NULL, '<iframe src=\"https://www.meteoblue.com/en/weather/widget/daily/tsdo_georgia_611533?geoloc=fixed&days=5&tempunit=CELSIUS&windunit=KILOMETER_PER_HOUR&precipunit=MILLIMETER&coloured=coloured&pictoicon=0&pictoicon=1&maxtemperature=0&maxtemperature=1&mintemperature=0&mintemperature=1&windspeed=0&windspeed=1&windgust=0&winddirection=0&winddirection=1&uv=0&humidity=0&precipitation=0&precipitation=1&precipitationprobability=0&precipitationprobability=1&spot=0&pressure=0&layout=light\"  frameborder=\"0\" scrolling=\"NO\" allowtransparency=\"true\" sandbox=\"allow-same-origin allow-scripts allow-popups allow-popups-to-escape-sandbox\" style=\"width: 270px;height: 315px\"></iframe><div><!-- DO NOT REMOVE THIS LINK --><a href=\"https://www.meteoblue.com/en/weather/week/tsdo_georgia_611533?utm_source=weather_widget&utm_medium=linkus&utm_content=daily&utm_campaign=Weather%2BWidget\" target=\"_blank\">meteoblue</a></div>', '<iframe src=\"https://www.google.com/maps/embed?pb=!1m18!1m12!1m3!1d4147.2072490211085!2d44.627911500629224!3d42.692743585379354!2m3!1f0!2f0!3f0!3m2!1i1024!2i768!4f13.1!3m3!1m2!1s0x0%3A0x0!2zNDLCsDQxJzM4LjUiTiA0NMKwMzcnNDEuMSJF!5e0!3m2!1sru!2sge!4v1577652331760!5m2!1sru!2sge\" width=\"100%\" height=\"600\" frameborder=\"0\" style=\"border:0;\" allowfullscreen=\"\"></iframe>', '2021-04-08-19-04-20.webp', 1, 217, 17, '2021-03-02 14:36:35', '2021-06-01 15:31:49'),
(18, 'outdoor', 'climbing_to_chaukhi_bace_camp', NULL, NULL, NULL, '<iframe src=\"https://www.meteoblue.com/en/weather/widget/daily/pereval-chaukhi_georgia_865650?geoloc=fixed&days=5&tempunit=CELSIUS&windunit=KILOMETER_PER_HOUR&precipunit=MILLIMETER&coloured=coloured&pictoicon=0&pictoicon=1&maxtemperature=0&maxtemperature=1&mintemperature=0&mintemperature=1&windspeed=0&windspeed=1&windgust=0&winddirection=0&winddirection=1&uv=0&humidity=0&precipitation=0&precipitation=1&precipitationprobability=0&precipitationprobability=1&spot=0&pressure=0&layout=light\"  frameborder=\"0\" scrolling=\"NO\" allowtransparency=\"true\" sandbox=\"allow-same-origin allow-scripts allow-popups allow-popups-to-escape-sandbox\" style=\"width: 270px; height: 317px\"></iframe><div><!-- DO NOT REMOVE THIS LINK --><a href=\"https://www.meteoblue.com/en/weather/week/pereval-chaukhi_georgia_865650?utm_source=weather_widget&utm_medium=linkus&utm_content=daily&utm_campaign=Weather%2BWidget\" target=\"_blank\">meteoblue</a></div>', '<iframe src=\"https://www.google.com/maps/d/embed?mid=19Oi7oeNqluJTwaS366g9pWjxpbzrI3aZ\" width=\"100%\" height=\"480\"></iframe>', '2021-03-20-07-03-09.webp', 1, 218, 18, '2021-03-02 14:39:31', '2023-06-29 20:21:05'),
(19, 'indoor', 'Bouldering_Club_Tbilisi', NULL, '11:00:00', '23:00:00', NULL, '<iframe src=\"https://www.google.com/maps/embed?pb=!1m18!1m12!1m3!1d6533.688218816857!2d44.78644046128929!3d41.71127438396913!2m3!1f0!2f0!3f0!3m2!1i1024!2i768!4f13.1!3m3!1m2!1s0x0%3A0xe7130cc7657d2697!2sBouldering%20club%20Tbilisi!5e0!3m2!1sen!2sge!4v1633626391841!5m2!1sen!2sge\" width=\"100%\" height=\"450\" style=\"border:0;\" allowfullscreen=\"\" loading=\"lazy\"></iframe>', '2021-10-07-17-10-58.webp', 0, 219, 19, '2021-03-02 14:49:57', '2024-06-15 15:11:25'),
(20, 'indoor', 'S.K.Lucky', '30', '08:00:00', '23:00:00', NULL, '<iframe src=\"https://www.google.com/maps/embed?pb=!1m18!1m12!1m3!1d7083.1260692559945!2d44.74025210093168!3d41.718627227588314!2m3!1f0!2f0!3f0!3m2!1i1024!2i768!4f13.1!3m3!1m2!1s0x0%3A0x15d722a3d7023b6!2sArena!5e0!3m2!1sen!2sge!4v1553855121785!5m2!1sen!2sge\" width=\"100%\" height=\"450\" frameborder=\"0\" style=\"border:0\" allowfullscreen></iframe>', '2021-10-07-16-10-34.webp', 1, 220, 20, '2021-03-02 14:52:39', '2023-11-20 01:39:18'),
(21, 'indoor', 'vake_climbing_gym', '10', '10:00:00', '22:00:00', NULL, '<iframe src=\"https://www.google.com/maps/embed?pb=!1m14!1m8!1m3!1d524.2229296034602!2d44.74384293424948!3d41.71171258125019!3m2!1i1024!2i768!4f13.1!3m3!1m2!1s0x40447340cb9eec3b%3A0x5069cc696300639f!2sVake%20climbing%20gym!5e0!3m2!1sen!2sge!4v1700427156237!5m2!1sen!2sge\" width=\"100%\" height=\"450\" style=\"border:0;\" allowfullscreen=\"\" loading=\"lazy\" referrerpolicy=\"no-referrer-when-downgrade\"></iframe>', '2023-11-20-01-11-21-1700428161{888116}.webp', 0, 221, 21, '2021-03-02 14:54:33', '2025-12-04 20:01:45'),
(22, 'ice', 'ice_climbing_in_gveleti_kazbegi', NULL, NULL, NULL, '<iframe src=\"https://www.meteoblue.com/en/weather/widget/daily/gveleti_georgia_614324?geoloc=fixed&days=5&tempunit=CELSIUS&windunit=KILOMETER_PER_HOUR&precipunit=MILLIMETER&coloured=coloured&pictoicon=0&pictoicon=1&maxtemperature=0&maxtemperature=1&mintemperature=0&mintemperature=1&windspeed=0&windspeed=1&windgust=0&winddirection=0&winddirection=1&uv=0&humidity=0&precipitation=0&precipitation=1&precipitationprobability=0&precipitationprobability=1&spot=0&pressure=0&layout=light\"  frameborder=\"0\" scrolling=\"NO\" allowtransparency=\"true\" sandbox=\"allow-same-origin allow-scripts allow-popups allow-popups-to-escape-sandbox\" style=\"width: 270px; height: 317px\"></iframe><div><!-- DO NOT REMOVE THIS LINK --><a href=\"https://www.meteoblue.com/en/weather/week/gveleti_georgia_614324?utm_source=weather_widget&utm_medium=linkus&utm_content=daily&utm_campaign=Weather%2BWidget\" target=\"_blank\">meteoblue</a></div>', '<iframe src=\"https://www.google.com/maps/d/embed?mid=11LORpFzfFZQtjteBmK6df3vQMqrGfKi2\" width=\"100%\" height=\"480\"></iframe>', '2025-03-10-02-03-02-1741560302{726815}.webp', 1, 222, 22, '2021-03-19 16:23:10', '2025-03-10 02:45:03'),
(23, 'ice', 'ice_climbing_in_ateni_valley', NULL, NULL, NULL, '<iframe src=\"https://www.meteoblue.com/en/weather/widget/daily/biisi_georgia_615457?geoloc=fixed&days=5&tempunit=CELSIUS&windunit=KILOMETER_PER_HOUR&precipunit=MILLIMETER&coloured=coloured&pictoicon=0&pictoicon=1&maxtemperature=0&maxtemperature=1&mintemperature=0&mintemperature=1&windspeed=0&windspeed=1&windgust=0&winddirection=0&winddirection=1&uv=0&humidity=0&precipitation=0&precipitation=1&precipitationprobability=0&precipitationprobability=1&spot=0&pressure=0&layout=light\"  frameborder=\"0\" scrolling=\"NO\" allowtransparency=\"true\" sandbox=\"allow-same-origin allow-scripts allow-popups allow-popups-to-escape-sandbox\" style=\"width: 270px; height: 315px\"></iframe><div><!-- DO NOT REMOVE THIS LINK --><a href=\"https://www.meteoblue.com/en/weather/week/biisi_georgia_615457?utm_source=weather_widget&utm_medium=linkus&utm_content=daily&utm_campaign=Weather%2BWidget\" target=\"_blank\">meteoblue</a></div>', '<iframe src=\"https://www.google.com/maps/d/embed?mid=1DhcIFztSJfWyEcq66PiZ8lWx7kR9JmDP\" width=\"100%\" height=\"480\"></iframe>', '2021-03-19-21-03-32.webp', 1, 223, 23, '2021-03-19 16:47:03', '2021-03-19 17:00:50'),
(24, 'other', 'slackline_in_georgia', NULL, NULL, NULL, NULL, '<iframe src=\"https://www.google.com/maps/d/u/0/embed?mid=1oFOhBPtcIAbR0YMq9XWWngdCw7dN0Gtr\" width=\"100%\" height=\"480\"></iframe>', '2021-03-19-21-03-21.webp', 1, 224, 24, '2021-03-19 17:01:44', '2026-01-22 03:18:04'),
(25, 'mount_route', 'Javaxishvili_clasic_(3A)', NULL, NULL, NULL, NULL, NULL, '2022-03-20-11-03-08.webp', 1, 225, 25, '2021-10-03 03:01:13', '2022-08-23 16:01:04'),
(26, 'outdoor', 'Climbing_near_Borjomi', NULL, NULL, NULL, '<iframe src=\"https://www.meteoblue.com/en/weather/widget/daily/k%e2%80%99imotesubani_georgia_613837?geoloc=fixed&days=5&tempunit=CELSIUS&windunit=KILOMETER_PER_HOUR&precipunit=MILLIMETER&coloured=coloured&pictoicon=0&pictoicon=1&maxtemperature=0&maxtemperature=1&mintemperature=0&mintemperature=1&windspeed=0&windspeed=1&windgust=0&winddirection=0&winddirection=1&uv=0&humidity=0&precipitation=0&precipitation=1&precipitationprobability=0&precipitationprobability=1&spot=0&pressure=0&layout=light\"  frameborder=\"0\" scrolling=\"NO\" allowtransparency=\"true\" sandbox=\"allow-same-origin allow-scripts allow-popups allow-popups-to-escape-sandbox\" style=\"width: 270px; height: 420px\"></iframe><div><!-- DO NOT REMOVE THIS LINK --><a href=\"https://www.meteoblue.com/en/weather/week/k%e2%80%99imotesubani_georgia_613837?utm_source=weather_widget&utm_medium=linkus&utm_content=daily&utm_campaign=Weather%2BWidget\" target=\"_blank\" rel=\"noopener\">meteoblue</a></div>', '<iframe src=\"https://www.google.com/maps/d/u/0/embed?mid=1zLk1GegB8K4QLJKiheI4D1odWy6rPffn\" width=\"100%\" height=\"480\"></iframe>', '2022-06-10-19-06-22.webp', 1, 226, 26, '2021-11-21 14:30:47', '2022-06-10 15:19:22'),
(27, 'news', 'New_climbing_sectors_near_Borjomi', NULL, NULL, NULL, NULL, '<iframe src=\"https://www.google.com/maps/d/u/0/embed?mid=1zLk1GegB8K4QLJKiheI4D1odWy6rPffn\" width=\"100%\" height=\"480\"></iframe>', '2021-11-23-18-11-30.webp', 1, 227, 27, '2021-11-23 13:24:11', '2024-11-22 02:16:27'),
(28, 'indoor', 'Climbing_gym_in_Stepantsminda_(Kazbegi)', NULL, NULL, NULL, NULL, '<iframe src=\"https://www.google.com/maps/embed?pb=!1m14!1m8!1m3!1d1802.8266849535078!2d44.639158!3d42.6529294!3m2!1i1024!2i768!4f13.1!3m3!1m2!1s0x0%3A0x441c48a0a1446fc9!2zNDLCsDM5JzA5LjIiTiA0NMKwMzgnMjMuMyJF!5e1!3m2!1sen!2sge!4v1651777510420!5m2!1sen!2sge\" width=\"100%\" height=\"450\" style=\"border:0;\" allowfullscreen=\"\" loading=\"lazy\" referrerpolicy=\"no-referrer-when-downgrade\"></iframe>', '2022-05-05-18-05-16.webp', 0, 228, 28, '2022-05-05 14:52:52', '2022-05-05 15:05:39'),
(29, 'mount_route', 'djavaxishhvili_summit_iliauni_route', NULL, NULL, NULL, NULL, NULL, '2024-02-09-22-02-57-1707502377{344426}.webp', 1, 229, 29, '2022-08-23 15:24:25', '2024-02-09 23:10:29'),
(30, 'mount_route', 'leonidze_peak_from_south', NULL, NULL, NULL, NULL, NULL, '2023-09-17-14-09-43-1694948323{644576}.webp', 1, 230, 30, '2022-08-23 15:35:54', '2025-06-19 23:43:00'),
(31, 'mount_route', 'didi_digomi', NULL, NULL, NULL, NULL, NULL, NULL, 0, 231, 31, '2022-08-23 15:40:16', '2022-08-23 15:43:52'),
(32, 'mount_route', 'Kameruni_klasic_(3A)', NULL, NULL, NULL, NULL, NULL, '2024-05-06-01-05-42-1714945662{694440}.webp', 1, 232, 32, '2022-08-23 15:45:32', '2024-05-06 01:49:58'),
(33, 'mount_route', 'asatiani_summit_from_south', NULL, NULL, NULL, NULL, NULL, '2024-12-11-17-12-01-1733925421{991449}.webp', 1, 233, 33, '2022-08-23 16:01:41', '2025-08-22 17:50:31'),
(34, 'mount_route', 'myinvartsveri_clasic_2a', NULL, NULL, NULL, NULL, NULL, '2024-05-06-15-05-16-1714994236{427290}.webp', 1, 234, 34, '2022-08-23 17:03:43', '2024-05-06 15:50:54'),
(36, 'outdoor', 'Climbing_in_Gveleti', NULL, NULL, NULL, '<iframe src=\"https://www.meteoblue.com/en/weather/widget/daily/gveleti_georgia_614324?geoloc=fixed&days=5&tempunit=CELSIUS&windunit=KILOMETER_PER_HOUR&precipunit=MILLIMETER&coloured=coloured&pictoicon=0&pictoicon=1&maxtemperature=0&maxtemperature=1&mintemperature=0&mintemperature=1&windspeed=0&windspeed=1&windgust=0&winddirection=0&winddirection=1&uv=0&humidity=0&precipitation=0&precipitation=1&precipitationprobability=0&precipitationprobability=1&spot=0&pressure=0&layout=light\"  frameborder=\"0\" scrolling=\"NO\" allowtransparency=\"true\" sandbox=\"allow-same-origin allow-scripts allow-popups allow-popups-to-escape-sandbox\" style=\"width: 270px; height: 420px\"></iframe><div><!-- DO NOT REMOVE THIS LINK --><a href=\"https://www.meteoblue.com/en/weather/week/gveleti_georgia_614324?utm_source=weather_widget&utm_medium=linkus&utm_content=daily&utm_campaign=Weather%2BWidget\" target=\"_blank\" rel=\"noopener\">meteoblue</a></div>', '<iframe src=\"https://www.google.com/maps/d/embed?mid=1QXDfpWaBMvwSMxi5N0GScnBnT9yV3r8&ehbc=2E312F\" width=\"100%\" height=\"480\"></iframe>', '2022-09-05-13-09-26.webp', 1, 236, 36, '2022-09-05 09:30:21', '2023-09-01 22:50:19'),
(37, 'outdoor', 'Climbing_near_Ananuri', NULL, NULL, NULL, '<iframe src=\"https://www.meteoblue.com/en/weather/widget/daily/ananuri_georgia_615758?geoloc=fixed&days=5&tempunit=CELSIUS&windunit=KILOMETER_PER_HOUR&precipunit=MILLIMETER&coloured=coloured&pictoicon=0&pictoicon=1&maxtemperature=0&maxtemperature=1&mintemperature=0&mintemperature=1&windspeed=0&windspeed=1&windgust=0&winddirection=0&winddirection=1&uv=0&humidity=0&precipitation=0&precipitation=1&precipitationprobability=0&precipitationprobability=1&spot=0&pressure=0&layout=light\"  frameborder=\"0\" scrolling=\"NO\" allowtransparency=\"true\" sandbox=\"allow-same-origin allow-scripts allow-popups allow-popups-to-escape-sandbox\" style=\"width: 270px; height: 420px\"></iframe><div><!-- DO NOT REMOVE THIS LINK --><a href=\"https://www.meteoblue.com/en/weather/week/ananuri_georgia_615758?utm_source=weather_widget&utm_medium=linkus&utm_content=daily&utm_campaign=Weather%2BWidget\" target=\"_blank\" rel=\"noopener\">meteoblue</a></div>', '<iframe src=\"https://www.google.com/maps/embed?pb=!1m18!1m12!1m3!1d2509.473540379895!2d44.76771964623844!3d42.14155923603164!2m3!1f0!2f0!3f0!3m2!1i1024!2i768!4f13.1!3m3!1m2!1s0x0%3A0x3df9e64868ccec6f!2zNDLCsDA4JzI4LjYiTiA0NMKwNDYnMDUuMiJF!5e0!3m2!1sen!2sge!4v1662385603039!5m2!1sen!2sge\" width=\"100%\" height=\"450\" style=\"border:0;\" allowfullscreen=\"\" loading=\"lazy\" referrerpolicy=\"no-referrer-when-downgrade\"></iframe>', '2025-06-05-18-06-33-1749134073{803984}.webp', 1, 237, 37, '2022-09-05 09:41:36', '2025-06-05 18:34:33'),
(40, 'news', 'new_climbing_sector_near_ananuri', NULL, NULL, NULL, NULL, '<iframe src=\"https://www.google.com/maps/embed?pb=!1m18!1m12!1m3!1d2509.473540379895!2d44.76771964623844!3d42.14155923603164!2m3!1f0!2f0!3f0!3m2!1i1024!2i768!4f13.1!3m3!1m2!1s0x0%3A0x3df9e64868ccec6f!2zNDLCsDA4JzI4LjYiTiA0NMKwNDYnMDUuMiJF!5e0!3m2!1sen!2sge!4v1662385603039!5m2!1sen!2sge\" width=\"100%\" height=\"450\" style=\"border:0;\" allowfullscreen=\"\" loading=\"lazy\" referrerpolicy=\"no-referrer-when-downgrade\"></iframe>', '2022-09-05-16-09-55.webp', 1, 240, 40, '2022-09-05 12:06:23', '2023-09-07 18:06:31'),
(41, 'news', 'new_climbing_routes_in_gveleti', NULL, NULL, NULL, NULL, '<iframe src=\"https://www.google.com/maps/d/embed?mid=11LORpFzfFZQtjteBmK6df3vQMqrGfKi2&ehbc=2E312F\" width=\"100%\" height=\"480\"></iframe>', '2022-09-05-16-09-36.webp', 1, 241, 41, '2022-09-05 12:16:02', '2022-09-05 12:23:36'),
(42, 'news', 'new_climbing_sector_and_5_sport_climbing_route_near_borjomi', NULL, NULL, NULL, NULL, '<iframe src=\"https://www.google.com/maps/embed?pb=!1m14!1m8!1m3!1d1449.6733448912114!2d43.49834917636428!3d41.79944207963903!3m2!1i1024!2i768!4f13.1!3m3!1m2!1s0x0%3A0x6c574ad1385bd216!2zNDHCsDQ3JzU4LjciTiA0M8KwMjknNTcuNyJF!5e0!3m2!1sen!2sge!4v1662395748075!5m2!1sen!2sge\" width=\"100%\" height=\"450\" style=\"border:0;\" allowfullscreen=\"\" loading=\"lazy\" referrerpolicy=\"no-referrer-when-downgrade\"></iframe>', '2022-09-05-16-09-57.webp', 1, 242, 42, '2022-09-05 12:24:07', '2022-09-05 12:36:05'),
(43, 'news', 'new_sport_climbing_sector_at_the_black_sea_cast', NULL, NULL, NULL, NULL, '<iframe src=\"https://www.google.com/maps/embed?pb=!1m18!1m12!1m3!1d1488.139021619491!2d41.74087013087309!3d41.757662734605226!2m3!1f0!2f0!3f0!3m2!1i1024!2i768!4f13.1!3m3!1m2!1s0x0%3A0xb5f2b7ba8b399da3!2zNDHCsDQ1JzI3LjYiTiA0McKwNDQnMzAuNiJF!5e0!3m2!1sen!2sge!4v1662395969762!5m2!1sen!2sge\" width=\"100%\" height=\"450\" style=\"border:0;\" allowfullscreen=\"\" loading=\"lazy\" referrerpolicy=\"no-referrer-when-downgrade\"></iframe>', '2022-09-05-16-09-52.webp', 1, 243, 43, '2022-09-05 12:36:13', '2022-09-05 12:49:52'),
(44, 'news', 'Georgian_mountaineers_awarded_by_Golden_Ice_Axe', NULL, NULL, NULL, NULL, NULL, '2022-11-20-11-11-56.webp', 1, 244, 44, '2022-11-20 06:22:07', '2022-11-20 08:54:20'),
(45, 'tech_tip', 'lead_climbing', '', NULL, NULL, '', '', '2023-04-14-22-04-27-1681497567{130316}.webp', 1, 247, 245, '2023-04-13 18:41:54', '2023-11-21 02:46:23'),
(46, 'tech_tip', 'bouldering', '', NULL, NULL, '', '', '2023-04-14-22-04-04-1681497664{919864}.webp', 0, 250, 248, '2023-04-13 18:43:49', '2023-05-19 21:49:07'),
(47, 'tech_tip', 'knots_for_sport_climbing', '', NULL, NULL, '', '', '2023-04-14-22-04-45-1681497825{266961}.webp', 1, 253, 251, '2023-04-13 18:45:38', '2024-04-08 20:06:18'),
(48, 'tech_tip', 'multy_pitch_tips', '', NULL, NULL, '', '', NULL, 0, 256, 254, '2023-04-13 18:47:38', '2023-04-13 19:13:34'),
(62, 'mount_route', 'mt_ortsveri_ice_wall_from_the_northeast', '', '00:00:00', '00:00:00', '', '', '2024-02-20-00-02-05-1708376045{764856}.webp', 1, 298, 296, '2023-05-02 02:41:21', '2025-06-01 00:01:16'),
(63, 'mount_route', 'mt_tetnuldi_clasic_route', '', '00:00:00', '00:00:00', '', '', '2024-07-10-20-07-05-1720627745{612704}.webp', 1, 301, 299, '2023-05-02 02:46:56', '2024-12-23 00:16:34'),
(64, 'indoor', 'kutaisi_climbing_gym', '', '00:00:00', '00:00:00', '', '', '2023-05-27-18-05-21-1685198421{987529}.webp', 0, 304, 302, '2023-05-27 18:40:21', '2023-05-27 18:40:47'),
(65, 'ice', 'dry_tooling_on_lotkin_monument', '', '00:00:00', '00:00:00', '<iframe src=\"https://www.meteoblue.com/en/weather/widget/daily/tbilisi%27s-sea_georgia_611714?geoloc=fixed&days=5&tempunit=CELSIUS&windunit=KILOMETER_PER_HOUR&precipunit=MILLIMETER&coloured=coloured&pictoicon=0&pictoicon=1&maxtemperature=0&maxtemperature=1&mintemperature=0&mintemperature=1&windspeed=0&windspeed=1&windgust=0&winddirection=0&winddirection=1&uv=0&humidity=0&precipitation=0&precipitation=1&precipitationprobability=0&precipitationprobability=1&spot=0&pressure=0&layout=light&location_url=https%3A%2F%2Fwww.meteoblue.com%2Fen%2Fweather%2Fwidget%2Fdaily%2Ftbilisi%2527s-sea_georgia_611714&location_mainUrl=https%3A%2F%2Fwww.meteoblue.com%2Fen%2Fweather%2Fweek%2Ftbilisi%2527s-sea_georgia_611714&nolocation_url=https%3A%2F%2Fwww.meteoblue.com%2Fen%2Fweather%2Fwidget%2Fdaily&nolocation_mainUrl=https%3A%2F%2Fwww.meteoblue.com%2Fen%2Fweather%2Fweek%2Findex&dailywidth=54&tracking=%3Futm_source%3Dweather_widget%26utm_medium%3Dlinkus%26utm_content%3Ddaily%26utm_campaign%3DWeather%252BWidget\"  frameborder=\"0\" scrolling=\"NO\" allowtransparency=\"true\" sandbox=\"allow-same-origin allow-scripts allow-popups allow-popups-to-escape-sandbox\" style=\"width: 270px;height: 315px\"></iframe><div><!-- DO NOT REMOVE THIS LINK --><a href=\"https://www.meteoblue.com/en/weather/week/tbilisi%27s-sea_georgia_611714?utm_source=weather_widget&utm_medium=linkus&utm_content=daily&utm_campaign=Weather%2BWidget\" target=\"_blank\">meteoblue</a></div>', '<iframe src=\"https://www.google.com/maps/d/u/0/embed?mid=1Nzu-J7c65ivpXrma5iAdWye1a7nhYslt\" width=\"100%\" height=\"480\"></iframe>', '2023-12-30-19-12-19-1703950159{899110}.webp', 1, 307, 305, '2023-05-29 18:14:23', '2023-12-30 19:29:19'),
(66, 'ice', 'ice_climbing_&_dry_tooling_in_patara_mitarbi', '', '00:00:00', '00:00:00', '<iframe src=\"https://www.meteoblue.com/en/weather/widget/daily/patara-mitarbi_georgia_612462?geoloc=fixed&days=5&tempunit=CELSIUS&windunit=KILOMETER_PER_HOUR&precipunit=MILLIMETER&coloured=coloured&pictoicon=0&pictoicon=1&maxtemperature=0&maxtemperature=1&mintemperature=0&mintemperature=1&windspeed=0&windspeed=1&windgust=0&winddirection=0&winddirection=1&uv=0&humidity=0&precipitation=0&precipitation=1&precipitationprobability=0&precipitationprobability=1&spot=0&pressure=0&layout=light\"  frameborder=\"0\" scrolling=\"NO\" allowtransparency=\"true\" sandbox=\"allow-same-origin allow-scripts allow-popups allow-popups-to-escape-sandbox\" style=\"width: 270px; height: 420px\"></iframe><div><!-- DO NOT REMOVE THIS LINK --><a href=\"https://www.meteoblue.com/en/weather/week/patara-mitarbi_georgia_612462?utm_source=weather_widget&utm_medium=linkus&utm_content=daily&utm_campaign=Weather%2BWidget\" target=\"_blank\" rel=\"noopener\">meteoblue</a></div>', '<iframe src=\"https://www.google.com/maps/d/embed?mid=1u_dkvYsZ7dS9YjG2TlKlGaGYQTIM9HA&ehbc=2E312F\" width=\"100%\" height=\"480\"></iframe>', '2024-01-07-00-01-42-1704572142{530861}.webp', 1, 310, 308, '2023-05-29 18:18:23', '2024-09-27 11:55:06'),
(67, 'partners', 'climbing_lizards_x', '', '00:00:00', '00:00:00', '', '', '2023-07-19-15-07-13-1689765253{178910}.webp', 0, 313, 311, '2023-07-19 14:31:32', '2024-01-18 17:55:23'),
(68, 'news', 'new_climbing_routes_in_chaukhi_base_camp', '', '00:00:00', '00:00:00', '', '', '2023-09-02-00-09-13-1693601113{246456}.webp', 1, 316, 314, '2023-09-02 00:23:37', '2023-09-02 00:45:18'),
(69, 'other', 'via_ferrata_in_georgia', '', '00:00:00', '00:00:00', '', '', '2024-04-07-17-04-23-1712497763{451947}.webp', 1, 319, 317, '2024-01-07 19:12:17', '2024-04-07 17:49:23'),
(70, 'special', 'suport_outdoor_climbing_routes_bolting_in_georgia', NULL, NULL, NULL, NULL, NULL, '2024-04-04-21-04-25-1712251765{581516}.webp', 1, 322, 320, NULL, '2024-04-07 17:37:08'),
(71, 'tech_tip', 'climbing_carabins', NULL, NULL, NULL, NULL, NULL, '2024-04-08-18-04-26-1712585186{290128}.webp', 1, 325, 323, NULL, '2024-04-08 19:48:38'),
(72, 'spot_projects', 'navardzeti_rocks', NULL, NULL, NULL, NULL, NULL, NULL, 0, 328, 326, NULL, NULL),
(73, 'indoor', 'mestia_climbing_gym', NULL, NULL, NULL, NULL, NULL, NULL, 2, 331, 329, NULL, '2026-01-22 01:50:02'),
(74, 'news', 'no_russian_bolts_and_climbing_routes_in_georgia', NULL, NULL, NULL, NULL, NULL, '2024-08-07-19-08-18-1723043418{388201}.webp', 1, 333, 332, NULL, '2024-08-07 19:10:18'),
(75, 'news', 'archil_badriashvili_died_on_mount_shkhelda_after_lightning_strike', NULL, NULL, NULL, NULL, NULL, '2024-08-12-14-08-46-1723458106{286512}.webp', 1, 335, 334, NULL, '2024-08-12 14:21:46'),
(76, 'mount_route', 'tikanadze_summit', NULL, NULL, NULL, NULL, NULL, '2025-06-02-22-06-12-1748888352{155600}.webp', 1, 337, 336, NULL, '2025-06-02 22:19:13'),
(77, 'mount_route', 'tikanadze_takaishvili_travers', NULL, NULL, NULL, NULL, NULL, NULL, 0, 339, 338, NULL, NULL),
(78, 'mount_route', 'chelidze_djavaxishvili_sumit_from_north', NULL, NULL, NULL, NULL, NULL, '2024-12-11-18-12-54-1733925834{139869}.jpg', 0, 341, 340, NULL, '2025-01-23 01:31:37'),
(79, 'mount_route', 'serebrialov', NULL, NULL, NULL, NULL, NULL, NULL, 0, 343, 342, NULL, NULL),
(80, 'mount_route', 'pridon_djoxadze', NULL, NULL, NULL, NULL, NULL, NULL, 0, 345, 344, NULL, NULL),
(81, 'mount_route', 'south_ushba_classic_route', NULL, NULL, NULL, NULL, NULL, '2026-01-22-13-01-13-1769074993{675751}.webp', 0, 347, 346, NULL, '2026-01-22 13:43:14'),
(82, 'mount_route', 'south_ushba_by_southeastern_counterfort_gabrieli_route', NULL, NULL, NULL, NULL, NULL, '2025-01-23-01-01-27-1737581127{496855}.webp', 1, 349, 348, NULL, '2026-01-22 14:05:50'),
(83, 'mount_route', 'berdiugin_route', NULL, NULL, NULL, NULL, NULL, NULL, 0, 351, 350, NULL, NULL),
(84, 'mount_route', 'south_ushba_mishliaev_route', NULL, NULL, NULL, NULL, NULL, NULL, 0, 353, 352, NULL, '2025-06-19 23:39:23'),
(85, 'mount_route', 'rcheulishvili_summit_classic_route', NULL, NULL, NULL, NULL, NULL, '2025-05-31-23-05-36-1748720256{396543}.webp', 1, 355, 354, NULL, '2025-05-31 23:55:43'),
(86, 'mount_route', 'rcheulishvili_summit_from_north', NULL, NULL, NULL, NULL, NULL, NULL, 0, 357, 356, NULL, '2025-05-31 23:55:26'),
(87, 'mount_route', 'south_ushba_mishliaev_roure', NULL, NULL, NULL, NULL, NULL, NULL, 0, 359, 358, NULL, '2025-06-19 23:34:50'),
(88, 'mount_route', 'shkhara_mtavari_by_right_counterfort_of_southeastern_slope_beknu', NULL, NULL, NULL, NULL, NULL, '2024-12-16-19-12-48-1734362088{722918}.webp', 1, 361, 360, NULL, '2025-06-02 20:51:51'),
(89, 'mount_route', 'mt_ortsveri_clasic_route', NULL, NULL, NULL, NULL, NULL, '2024-12-22-20-12-22-1734883402{959232}.webp', 1, 363, 362, NULL, '2024-12-22 20:03:23'),
(91, 'ice', 'ice_climbing_in_mleta_near_gudauri', NULL, NULL, NULL, '<iframe src=\"https://www.meteoblue.com/en/weather/widget/daily/zemo-mleta_georgia_610922?geoloc=fixed&days=7&tempunit=CELSIUS&windunit=KILOMETER_PER_HOUR&precipunit=MILLIMETER&coloured=coloured&pictoicon=1&maxtemperature=1&mintemperature=1&windspeed=1&windgust=0&winddirection=1&uv=0&humidity=0&precipitation=1&precipitationprobability=1&spot=1&pressure=0&layout=light\"  frameborder=\"0\" scrolling=\"NO\" allowtransparency=\"true\" sandbox=\"allow-same-origin allow-scripts allow-popups allow-popups-to-escape-sandbox\" style=\"width: 378px; height: 420px\"></iframe><div><!-- DO NOT REMOVE THIS LINK --><a href=\"https://www.meteoblue.com/en/weather/week/zemo-mleta_georgia_610922?utm_source=daily_widget&utm_medium=linkus&utm_content=daily&utm_campaign=Weather%2BWidget\" target=\"_blank\" rel=\"noopener\">meteoblue</a></div>', '<iframe src=\"https://www.google.com/maps/d/embed?mid=1B3fKYDzun11WZ9-wKEZpoV4MAP96eSk&ehbc=2E312F\" width=\"100%\" height=\"480\"></iframe>', '2025-01-20-13-01-11-1737365531{346973}.webp', 1, 367, 366, NULL, '2025-01-21 00:39:13'),
(92, 'ice', 'ice_climbing_in_juta', NULL, NULL, NULL, NULL, NULL, NULL, 0, 369, 368, NULL, NULL),
(93, 'news', 'mountaineer_nikoloz_phaliani_dies_during_expedition_on_ushba', NULL, NULL, NULL, NULL, NULL, '2025-05-29-21-05-42-1748539182{579372}.webp', 1, 377, 376, NULL, '2025-05-29 21:21:37'),
(94, 'mount_route', 'ailama_1', NULL, NULL, NULL, NULL, NULL, NULL, 0, 379, 378, NULL, NULL),
(95, 'mount_route', 'ailama_2', NULL, NULL, NULL, NULL, NULL, NULL, 0, 381, 380, NULL, '2025-06-17 13:06:33'),
(96, 'mount_route', 'myinvartsveri_from_the_eastern_ridge', NULL, NULL, NULL, NULL, NULL, '2025-07-04-15-07-28-1751628928{208157}.webp', 1, 383, 382, NULL, '2025-07-04 15:35:28'),
(97, 'news', 'chaukhi_travers', NULL, NULL, NULL, NULL, NULL, '2025-08-02-14-08-04-1754130304{668053}.webp', 1, 385, 384, NULL, '2025-08-02 14:43:41'),
(98, 'mount_route', 'the_eastern_face_of_asatiani_peak_from_the_saddle', NULL, NULL, NULL, NULL, NULL, NULL, 2, 387, 386, NULL, '2025-10-31 16:56:39'),
(99, 'mount_route', 'shkhelda', NULL, NULL, NULL, NULL, NULL, '2025-11-01-17-11-46-1762002226{484806}.webp', 0, 389, 388, NULL, '2025-11-01 17:03:47'),
(100, 'mount_route', 'chatin', NULL, NULL, NULL, NULL, NULL, NULL, 0, 391, 390, NULL, NULL),
(101, 'mount_route', 'laila', NULL, NULL, NULL, NULL, NULL, NULL, 0, 393, 392, NULL, NULL),
(102, 'mount_route', 'khuro', NULL, NULL, NULL, NULL, NULL, NULL, 0, 395, 394, NULL, NULL),
(103, 'news', 'closure_of_climbing_gyms_price_increases_and_athletes_dissatisfaction_in_tbilisi', NULL, NULL, NULL, NULL, NULL, '2025-09-03-12-09-39-1756889259{814841}.webp', 1, 397, 396, NULL, '2025-09-03 13:28:20'),
(104, 'mount_route', 'asatiani_column_badriashvili_route', NULL, NULL, NULL, NULL, NULL, NULL, 0, 399, 398, NULL, NULL),
(105, 'mount_route', 'asatiani_column_xabazi_route', NULL, NULL, NULL, NULL, NULL, NULL, 0, 401, 400, NULL, NULL),
(106, 'ice', 'dry_tooling_in_katskhi', NULL, NULL, NULL, NULL, NULL, NULL, 0, 403, 402, NULL, NULL),
(107, 'ice', 'dry_tooling_in_chiatura_', NULL, NULL, NULL, NULL, NULL, NULL, 0, 405, 404, NULL, NULL),
(108, 'mount_route', 'peak_dedaena_gogrbashvili', NULL, NULL, NULL, NULL, NULL, NULL, 0, 407, 406, NULL, NULL);

-- --------------------------------------------------------

--
-- Table structure for table `article_comments`
--

CREATE TABLE `article_comments` (
  `id` bigint UNSIGNED NOT NULL,
  `name` varchar(191) CHARACTER SET utf8mb4 COLLATE utf8mb4_unicode_ci DEFAULT NULL,
  `surname` varchar(191) CHARACTER SET utf8mb4 COLLATE utf8mb4_unicode_ci DEFAULT NULL,
  `email` varchar(191) CHARACTER SET utf8mb4 COLLATE utf8mb4_unicode_ci DEFAULT NULL,
  `text` text CHARACTER SET utf8mb4 COLLATE utf8mb4_unicode_ci,
  `published` int DEFAULT NULL,
  `article_id` bigint UNSIGNED NOT NULL,
  `deleted_reason` varchar(191) CHARACTER SET utf8mb4 COLLATE utf8mb4_unicode_ci DEFAULT NULL,
  `deleted_at` timestamp NULL DEFAULT NULL,
  `created_at` timestamp NULL DEFAULT NULL,
  `updated_at` timestamp NULL DEFAULT NULL
) ENGINE=InnoDB DEFAULT CHARSET=utf8mb4 COLLATE=utf8mb4_unicode_ci;

--
-- Dumping data for table `article_comments`
--

INSERT INTO `article_comments` (`id`, `name`, `surname`, `email`, `text`, `published`, `article_id`, `deleted_reason`, `deleted_at`, `created_at`, `updated_at`) VALUES
(2, 'igor', 'fedorishchev', 'fiss04@gmail.com', 'please correct grade of Old road routes:\nI propose this:\n3.Hera : 7a. See allclimb\n5. Argo. 6b\n6. Hera . 6a. 6. is much easier than 5.\nyou can check it in AllClimb app, it reflects difficulties more correctly.\nBut as 3. Hera listed as 5c is absolute joke, its 7a/7a+', 1, 13, NULL, NULL, '2023-12-09 23:19:42', '2023-12-09 23:19:42'),
(4, 'climbing', 'ge', 'info@climbing.ge', 'Routes are graded by climbing.ge athletes. This is the official guidebook of Georgian routes. Of course the routes may change but the routes grads will be changed when our athletes climb and evaluate it.\n\nWe should also mention that we do not use uncertain and unofficial apps for our routes grading!', 1, 13, NULL, NULL, '2024-02-22 01:14:51', '2024-02-22 01:14:51'),
(5, 'niloufar', 'banitalebi', 'ndehkordi@newvision.ge', 'I am looking for a climbing group to start from scratch', NULL, 34, NULL, NULL, NULL, NULL),
(6, 'SOPIO', 'TCHELIDZE', 'sofachelidze@gmail.com', '❤️❤️❤️', 1, 97, NULL, NULL, NULL, '2025-08-02 16:23:17'),
(7, 'Rob', 'Van de Loo', 'vandeloo.rob@gmail.com', 'Hi! Me and my friend are planning to visit Georgia this june and were thinking of climbing Tetnuldi. Can you give us more info on the trip and the price? Kind Regards, Rob', NULL, 63, NULL, NULL, NULL, NULL);

-- --------------------------------------------------------

--
-- Table structure for table `article_comment_answers`
--

CREATE TABLE `article_comment_answers` (
  `id` bigint UNSIGNED NOT NULL,
  `comment_id` bigint UNSIGNED NOT NULL,
  `answer_id` bigint UNSIGNED NOT NULL,
  `created_at` timestamp NULL DEFAULT NULL,
  `updated_at` timestamp NULL DEFAULT NULL
) ENGINE=InnoDB DEFAULT CHARSET=utf8mb4 COLLATE=utf8mb4_unicode_ci;

--
-- Dumping data for table `article_comment_answers`
--

INSERT INTO `article_comment_answers` (`id`, `comment_id`, `answer_id`, `created_at`, `updated_at`) VALUES
(1, 2, 4, NULL, NULL);

-- --------------------------------------------------------

--
-- Table structure for table `article_comment_complaints`
--

CREATE TABLE `article_comment_complaints` (
  `id` bigint UNSIGNED NOT NULL,
  `complaint` varchar(191) CHARACTER SET utf8mb4 COLLATE utf8mb4_unicode_ci DEFAULT NULL,
  `cause` varchar(191) CHARACTER SET utf8mb4 COLLATE utf8mb4_unicode_ci DEFAULT NULL,
  `user_id` bigint UNSIGNED NOT NULL,
  `comment_id` bigint UNSIGNED NOT NULL,
  `created_at` timestamp NULL DEFAULT NULL,
  `updated_at` timestamp NULL DEFAULT NULL
) ENGINE=InnoDB DEFAULT CHARSET=utf8mb4 COLLATE=utf8mb4_unicode_ci;

-- --------------------------------------------------------

--
-- Table structure for table `article_comment_user`
--

CREATE TABLE `article_comment_user` (
  `id` bigint UNSIGNED NOT NULL,
  `user_id` bigint UNSIGNED NOT NULL,
  `comment_id` bigint UNSIGNED NOT NULL,
  `created_at` timestamp NULL DEFAULT NULL,
  `updated_at` timestamp NULL DEFAULT NULL
) ENGINE=InnoDB DEFAULT CHARSET=utf8mb4 COLLATE=utf8mb4_unicode_ci;

--
-- Dumping data for table `article_comment_user`
--

INSERT INTO `article_comment_user` (`id`, `user_id`, `comment_id`, `created_at`, `updated_at`) VALUES
(3, 11, 4, '2024-02-22 01:14:51', '2024-02-22 01:14:51'),
(4, 19, 6, '2025-08-02 16:23:17', '2025-08-02 16:23:17');

-- --------------------------------------------------------

--
-- Table structure for table `article_images`
--

CREATE TABLE `article_images` (
  `id` bigint UNSIGNED NOT NULL,
  `title` varchar(191) CHARACTER SET utf8mb4 COLLATE utf8mb4_unicode_ci DEFAULT NULL,
  `text` text CHARACTER SET utf8mb4 COLLATE utf8mb4_unicode_ci,
  `image` varchar(191) CHARACTER SET utf8mb4 COLLATE utf8mb4_unicode_ci DEFAULT NULL,
  `published` int DEFAULT NULL,
  `article_id` bigint UNSIGNED NOT NULL,
  `created_at` timestamp NULL DEFAULT NULL,
  `updated_at` timestamp NULL DEFAULT NULL
) ENGINE=InnoDB DEFAULT CHARSET=utf8mb4 COLLATE=utf8mb4_unicode_ci;

--
-- Dumping data for table `article_images`
--

INSERT INTO `article_images` (`id`, `title`, `text`, `image`, `published`, `article_id`, `created_at`, `updated_at`) VALUES
(1, NULL, NULL, '2024-04-04-17-04-34-1712236114{682167}.webp', NULL, 26, '2024-04-04 17:08:34', '2024-04-04 17:08:34'),
(2, NULL, NULL, '2024-04-07-17-04-24-1712497704{27200}.webp', NULL, 69, '2024-04-07 17:48:24', '2024-04-07 17:48:24'),
(3, NULL, NULL, '2024-04-07-17-04-24-1712497704{448272}.webp', NULL, 69, '2024-04-07 17:48:24', '2024-04-07 17:48:24'),
(4, NULL, NULL, '2024-04-15-18-04-19-1713191659{16833}.webp', NULL, 14, '2024-04-15 18:34:20', '2024-04-15 18:34:20'),
(5, NULL, NULL, '2024-04-15-18-04-20-1713191660{43175}.webp', NULL, 14, '2024-04-15 18:34:20', '2024-04-15 18:34:20'),
(6, NULL, NULL, '2024-04-15-18-04-20-1713191660{760028}.webp', NULL, 14, '2024-04-15 18:34:20', '2024-04-15 18:34:20'),
(7, NULL, NULL, '2024-04-15-18-04-20-1713191660{452088}.webp', NULL, 14, '2024-04-15 18:34:20', '2024-04-15 18:34:20'),
(8, NULL, NULL, '2024-04-15-18-04-20-1713191660{4975}.webp', NULL, 14, '2024-04-15 18:34:20', '2024-04-15 18:34:20'),
(11, NULL, NULL, '2024-04-15-18-04-53-1713191873{384579}.webp', NULL, 6, '2024-04-15 18:37:53', '2024-04-15 18:37:53'),
(12, NULL, NULL, '2024-04-15-18-04-53-1713191873{946232}.webp', NULL, 6, '2024-04-15 18:37:53', '2024-04-15 18:37:53'),
(16, NULL, NULL, '2024-04-15-18-04-56-1713191996{549724}.webp', NULL, 6, '2024-04-15 18:39:56', '2024-04-15 18:39:56'),
(19, NULL, NULL, '2024-04-15-18-04-47-1713192047{411972}.webp', NULL, 6, '2024-04-15 18:40:47', '2024-04-15 18:40:47'),
(20, NULL, NULL, '2024-04-15-18-04-47-1713192047{3937}.webp', NULL, 6, '2024-04-15 18:40:47', '2024-04-15 18:40:47'),
(21, NULL, NULL, '2024-04-15-18-04-47-1713192047{194840}.webp', NULL, 6, '2024-04-15 18:40:47', '2024-04-15 18:40:47'),
(22, NULL, NULL, '2024-04-15-18-04-52-1713192172{290874}.webp', NULL, 7, '2024-04-15 18:42:52', '2024-04-15 18:42:52'),
(23, NULL, NULL, '2024-04-15-18-04-52-1713192172{537966}.webp', NULL, 7, '2024-04-15 18:42:52', '2024-04-15 18:42:52'),
(24, NULL, NULL, '2024-04-15-18-04-52-1713192172{777628}.webp', NULL, 7, '2024-04-15 18:42:52', '2024-04-15 18:42:52'),
(25, NULL, NULL, '2024-04-15-18-04-52-1713192172{707592}.webp', NULL, 7, '2024-04-15 18:42:52', '2024-04-15 18:42:52'),
(26, NULL, NULL, '2024-04-15-18-04-52-1713192172{276899}.webp', NULL, 7, '2024-04-15 18:42:53', '2024-04-15 18:42:53'),
(27, NULL, NULL, '2024-04-15-18-04-53-1713192173{240733}.webp', NULL, 7, '2024-04-15 18:42:53', '2024-04-15 18:42:53'),
(36, NULL, NULL, '2024-04-15-18-04-14-1713192614{628510}.webp', NULL, 16, '2024-04-15 18:50:15', '2024-04-15 18:50:15'),
(37, NULL, NULL, '2024-04-15-18-04-17-1713192677{547502}.webp', NULL, 8, '2024-04-15 18:51:18', '2024-04-15 18:51:18'),
(38, NULL, NULL, '2024-04-15-18-04-18-1713192678{938562}.webp', NULL, 8, '2024-04-15 18:51:18', '2024-04-15 18:51:18'),
(39, NULL, NULL, '2024-04-15-18-04-08-1713192788{537260}.webp', NULL, 12, '2024-04-15 18:53:08', '2024-04-15 18:53:08'),
(40, NULL, NULL, '2024-04-15-18-04-08-1713192788{234883}.webp', NULL, 12, '2024-04-15 18:53:09', '2024-04-15 18:53:09'),
(41, NULL, NULL, '2024-04-15-18-04-09-1713192789{495063}.webp', NULL, 12, '2024-04-15 18:53:09', '2024-04-15 18:53:09'),
(42, NULL, NULL, '2024-04-15-18-04-42-1713192882{327470}.webp', NULL, 13, '2024-04-15 18:54:42', '2024-04-15 18:54:42'),
(43, NULL, NULL, '2024-04-15-18-04-42-1713192882{246973}.webp', NULL, 13, '2024-04-15 18:54:42', '2024-04-15 18:54:42'),
(44, NULL, NULL, '2024-04-15-18-04-45-1713193005{23449}.webp', NULL, 15, '2024-04-15 18:56:46', '2024-04-15 18:56:46'),
(45, NULL, NULL, '2024-04-15-18-04-46-1713193006{475478}.webp', NULL, 15, '2024-04-15 18:56:46', '2024-04-15 18:56:46'),
(46, NULL, NULL, '2024-04-15-18-04-46-1713193006{279917}.webp', NULL, 15, '2024-04-15 18:56:46', '2024-04-15 18:56:46'),
(47, NULL, NULL, '2024-04-15-18-04-12-1713193092{727356}.webp', NULL, 9, '2024-04-15 18:58:12', '2024-04-15 18:58:12'),
(48, NULL, NULL, '2024-04-15-18-04-12-1713193092{354188}.webp', NULL, 9, '2024-04-15 18:58:12', '2024-04-15 18:58:12'),
(49, NULL, NULL, '2024-04-15-20-04-17-1713198317{574004}.webp', NULL, 20, '2024-04-15 20:25:17', '2024-04-15 20:25:17'),
(50, NULL, NULL, '2024-04-15-20-04-17-1713198317{660705}.webp', NULL, 20, '2024-04-15 20:25:18', '2024-04-15 20:25:18'),
(51, NULL, NULL, '2024-04-15-20-04-18-1713198318{523825}.webp', NULL, 20, '2024-04-15 20:25:18', '2024-04-15 20:25:18'),
(52, NULL, NULL, '2024-04-15-20-04-18-1713198318{122354}.webp', NULL, 20, '2024-04-15 20:25:18', '2024-04-15 20:25:18'),
(53, NULL, NULL, '2024-04-15-20-04-18-1713198318{498792}.webp', NULL, 20, '2024-04-15 20:25:18', '2024-04-15 20:25:18'),
(54, NULL, NULL, '2024-04-15-20-04-18-1713198318{172176}.webp', NULL, 20, '2024-04-15 20:25:18', '2024-04-15 20:25:18'),
(55, NULL, NULL, '2024-04-15-20-04-18-1713198318{251106}.webp', NULL, 20, '2024-04-15 20:25:18', '2024-04-15 20:25:18'),
(56, NULL, NULL, '2024-04-15-20-04-24-1713198384{402155}.webp', NULL, 21, '2024-04-15 20:26:24', '2024-04-15 20:26:24'),
(57, NULL, NULL, '2024-04-15-20-04-24-1713198384{855262}.webp', NULL, 21, '2024-04-15 20:26:24', '2024-04-15 20:26:24'),
(58, NULL, NULL, '2024-04-15-20-04-24-1713198384{958402}.webp', NULL, 21, '2024-04-15 20:26:25', '2024-04-15 20:26:25'),
(59, NULL, NULL, '2024-04-15-20-04-25-1713198385{911901}.webp', NULL, 21, '2024-04-15 20:26:25', '2024-04-15 20:26:25'),
(60, NULL, NULL, '2024-04-15-20-04-25-1713198385{866363}.webp', NULL, 21, '2024-04-15 20:26:25', '2024-04-15 20:26:25'),
(61, NULL, NULL, '2024-04-15-20-04-25-1713198385{552805}.webp', NULL, 21, '2024-04-15 20:26:26', '2024-04-15 20:26:26'),
(62, NULL, NULL, '2024-04-15-20-04-06-1713198486{892256}.webp', NULL, 19, '2024-04-15 20:28:06', '2024-04-15 20:28:06'),
(63, NULL, NULL, '2024-04-15-20-04-06-1713198486{153622}.webp', NULL, 19, '2024-04-15 20:28:06', '2024-04-15 20:28:06'),
(64, NULL, NULL, '2024-04-15-20-04-06-1713198486{351887}.webp', NULL, 19, '2024-04-15 20:28:06', '2024-04-15 20:28:06'),
(67, NULL, NULL, '2024-04-15-20-04-49-1713198589{785177}.webp', NULL, 65, '2024-04-15 20:29:50', '2024-04-15 20:29:50'),
(68, NULL, NULL, '2024-04-15-20-04-36-1713198696{916585}.webp', NULL, 22, '2024-04-15 20:31:36', '2024-04-15 20:31:36'),
(69, NULL, NULL, '2024-04-15-20-04-36-1713198696{976484}.webp', NULL, 22, '2024-04-15 20:31:36', '2024-04-15 20:31:36'),
(70, NULL, NULL, '2024-04-15-20-04-36-1713198696{573109}.webp', NULL, 22, '2024-04-15 20:31:37', '2024-04-15 20:31:37'),
(71, NULL, NULL, '2024-04-15-20-04-37-1713198697{767526}.webp', NULL, 22, '2024-04-15 20:31:37', '2024-04-15 20:31:37'),
(72, NULL, NULL, '2024-04-15-20-04-37-1713198697{103017}.webp', NULL, 22, '2024-04-15 20:31:37', '2024-04-15 20:31:37'),
(73, NULL, NULL, '2024-04-15-20-04-54-1713198774{890603}.webp', NULL, 23, '2024-04-15 20:32:54', '2024-04-15 20:32:54'),
(74, NULL, NULL, '2024-04-15-20-04-54-1713198774{488017}.webp', NULL, 23, '2024-04-15 20:32:54', '2024-04-15 20:32:54'),
(75, NULL, NULL, '2024-04-15-20-04-54-1713198774{547066}.webp', NULL, 23, '2024-04-15 20:32:55', '2024-04-15 20:32:55'),
(76, NULL, NULL, '2024-04-15-20-04-55-1713198775{996903}.webp', NULL, 23, '2024-04-15 20:32:55', '2024-04-15 20:32:55'),
(77, NULL, NULL, '2024-04-15-20-04-55-1713198775{582228}.webp', NULL, 23, '2024-04-15 20:32:55', '2024-04-15 20:32:55'),
(78, NULL, NULL, '2024-04-15-20-04-50-1713198890{751414}.webp', NULL, 24, '2024-04-15 20:34:50', '2024-04-15 20:34:50'),
(79, NULL, NULL, '2024-04-15-20-04-50-1713198890{903727}.webp', NULL, 24, '2024-04-15 20:34:50', '2024-04-15 20:34:50'),
(80, NULL, NULL, '2024-04-15-20-04-50-1713198890{973486}.webp', NULL, 24, '2024-04-15 20:34:50', '2024-04-15 20:34:50'),
(81, NULL, NULL, '2024-04-15-20-04-50-1713198890{591413}.webp', NULL, 24, '2024-04-15 20:34:51', '2024-04-15 20:34:51'),
(82, NULL, NULL, '2024-04-15-20-04-51-1713198891{809898}.webp', NULL, 24, '2024-04-15 20:34:51', '2024-04-15 20:34:51'),
(83, NULL, NULL, '2024-04-15-20-04-51-1713198891{146159}.webp', NULL, 24, '2024-04-15 20:34:51', '2024-04-15 20:34:51'),
(84, NULL, NULL, '2024-04-15-20-04-51-1713198891{709751}.webp', NULL, 24, '2024-04-15 20:34:51', '2024-04-15 20:34:51'),
(85, NULL, NULL, '2024-04-15-20-04-05-1713199145{157602}.webp', NULL, 29, '2024-04-15 20:39:05', '2024-04-15 20:39:05'),
(86, NULL, NULL, '2024-04-15-20-04-21-1713199401{521941}.webp', NULL, 29, '2024-04-15 20:43:21', '2024-04-15 20:43:21'),
(87, NULL, NULL, '2024-04-15-20-04-21-1713199401{779055}.webp', NULL, 29, '2024-04-15 20:43:21', '2024-04-15 20:43:21'),
(88, NULL, NULL, '2024-04-15-20-04-49-1713199489{175211}.webp', NULL, 25, '2024-04-15 20:44:49', '2024-04-15 20:44:49'),
(90, NULL, NULL, '2024-05-06-15-05-16-1714994236{491189}.webp', NULL, 34, '2024-05-06 15:17:16', '2024-05-06 15:17:16'),
(91, NULL, NULL, '2024-05-06-15-05-42-1714994802{388496}.webp', NULL, 34, '2024-05-06 15:26:42', '2024-05-06 15:26:42'),
(92, NULL, NULL, '2024-05-06-15-05-42-1714994802{951209}.webp', NULL, 34, '2024-05-06 15:26:42', '2024-05-06 15:26:42'),
(93, NULL, NULL, '2024-05-06-15-05-42-1714994802{793183}.webp', NULL, 34, '2024-05-06 15:26:43', '2024-05-06 15:26:43'),
(94, NULL, NULL, '2024-05-06-15-05-43-1714994803{261904}.webp', NULL, 34, '2024-05-06 15:26:43', '2024-05-06 15:26:43'),
(95, NULL, NULL, '2024-05-06-15-05-56-1714995056{409437}.webp', NULL, 34, '2024-05-06 15:30:57', '2024-05-06 15:30:57'),
(96, NULL, NULL, '2024-05-06-15-05-57-1714995057{80374}.webp', NULL, 34, '2024-05-06 15:30:57', '2024-05-06 15:30:57'),
(98, NULL, NULL, '2024-07-10-20-07-57-1720627917{925576}.webp', NULL, 63, '2024-07-10 20:11:57', '2024-07-10 20:11:57'),
(99, NULL, NULL, '2024-07-10-20-07-57-1720627917{524632}.webp', NULL, 63, '2024-07-10 20:11:57', '2024-07-10 20:11:57'),
(100, NULL, NULL, '2024-07-10-20-07-57-1720627917{124224}.webp', NULL, 63, '2024-07-10 20:11:57', '2024-07-10 20:11:57'),
(101, NULL, NULL, '2024-07-10-20-07-57-1720627917{856886}.webp', NULL, 63, '2024-07-10 20:11:58', '2024-07-10 20:11:58'),
(102, NULL, NULL, '2024-07-10-20-07-58-1720627918{782502}.webp', NULL, 63, '2024-07-10 20:11:58', '2024-07-10 20:11:58'),
(103, NULL, NULL, '2024-07-28-17-07-52-1722171892{948035}.webp', NULL, 26, '2024-07-28 17:04:53', '2024-07-28 17:04:53'),
(104, NULL, NULL, '2024-07-28-17-07-03-1722171963{692395}.webp', NULL, 6, '2024-07-28 17:06:04', '2024-07-28 17:06:04'),
(105, NULL, NULL, '2024-07-28-17-07-04-1722171964{251667}.webp', NULL, 6, '2024-07-28 17:06:05', '2024-07-28 17:06:05'),
(106, NULL, NULL, '2024-07-28-17-07-05-1722171965{712558}.webp', NULL, 6, '2024-07-28 17:06:05', '2024-07-28 17:06:05'),
(107, NULL, NULL, '2024-07-28-17-07-33-1722171993{389485}.webp', NULL, 19, '2024-07-28 17:06:34', '2024-07-28 17:06:34'),
(108, NULL, NULL, '2024-08-12-14-08-16-1723458076{975676}.webp', NULL, 75, '2024-08-12 14:21:16', '2024-08-12 14:21:16'),
(109, NULL, NULL, '2024-08-12-14-08-16-1723458076{960280}.webp', NULL, 75, '2024-08-12 14:21:16', '2024-08-12 14:21:16'),
(110, NULL, NULL, '2024-08-12-14-08-16-1723458076{914123}.webp', NULL, 75, '2024-08-12 14:21:16', '2024-08-12 14:21:16'),
(111, NULL, NULL, '2024-12-16-18-12-17-1734360497{686520}.webp', NULL, 82, '2024-12-16 18:48:17', '2024-12-16 18:48:17'),
(112, NULL, NULL, '2024-12-16-18-12-17-1734360497{637180}.webp', NULL, 82, '2024-12-16 18:48:18', '2024-12-16 18:48:18'),
(115, NULL, NULL, '2025-05-31-23-05-37-1748720257{474943}.webp', NULL, 85, '2025-05-31 23:37:37', '2025-05-31 23:37:37'),
(117, NULL, NULL, '2025-05-31-23-05-08-1748721428{452744}.webp', NULL, 85, '2025-05-31 23:57:09', '2025-05-31 23:57:09'),
(118, NULL, NULL, '2025-08-02-14-08-50-1754129630{81892}.webp', NULL, 97, '2025-08-02 14:13:51', '2025-08-02 14:13:51'),
(119, NULL, NULL, '2025-08-02-14-08-51-1754129631{520514}.webp', NULL, 97, '2025-08-02 14:13:51', '2025-08-02 14:13:51'),
(122, NULL, NULL, '2025-08-02-14-08-52-1754129632{177273}.webp', NULL, 97, '2025-08-02 14:13:52', '2025-08-02 14:13:52'),
(125, NULL, NULL, '2025-08-02-22-08-14-1754160014{101564}.webp', NULL, 97, '2025-08-02 22:40:14', '2025-08-02 22:40:14'),
(126, NULL, NULL, '2025-08-19-21-08-23-1755623303{97354}.webp', NULL, 70, '2025-08-19 21:08:23', '2025-08-19 21:08:23'),
(133, NULL, NULL, '2025-12-03-23-12-44-1764788624{950639}.webp', NULL, 15, '2025-12-03 23:03:50', '2025-12-03 23:03:50'),
(134, NULL, NULL, '2025-12-03-23-12-50-1764788630{936780}.webp', NULL, 15, '2025-12-03 23:03:54', '2025-12-03 23:03:54'),
(135, NULL, NULL, '2025-12-03-23-12-54-1764788634{583468}.webp', NULL, 15, '2025-12-03 23:03:59', '2025-12-03 23:03:59'),
(136, NULL, NULL, '2025-12-03-23-12-27-1764788667{284521}.webp', NULL, 15, '2025-12-03 23:04:33', '2025-12-03 23:04:33'),
(137, NULL, NULL, '2025-12-03-23-12-33-1764788673{691382}.webp', NULL, 15, '2025-12-03 23:04:40', '2025-12-03 23:04:40'),
(138, NULL, NULL, '2025-12-03-23-12-40-1764788680{488772}.webp', NULL, 15, '2025-12-03 23:04:41', '2025-12-03 23:04:41'),
(139, NULL, NULL, '2025-12-04-19-12-11-1764862151{381534}.webp', NULL, 6, '2025-12-04 19:29:12', '2025-12-04 19:29:12'),
(140, NULL, NULL, '2025-12-04-19-12-12-1764862152{284029}.webp', NULL, 6, '2025-12-04 19:29:14', '2025-12-04 19:29:14'),
(141, NULL, NULL, '2025-12-04-19-12-14-1764862154{330815}.webp', NULL, 6, '2025-12-04 19:29:15', '2025-12-04 19:29:15'),
(142, NULL, NULL, '2025-12-04-19-12-15-1764862155{64059}.webp', NULL, 6, '2025-12-04 19:29:17', '2025-12-04 19:29:17'),
(143, NULL, NULL, '2025-12-04-19-12-17-1764862157{119171}.webp', NULL, 6, '2025-12-04 19:29:19', '2025-12-04 19:29:19'),
(144, NULL, NULL, '2025-12-04-19-12-15-1764862515{82689}.webp', NULL, 12, '2025-12-04 19:35:21', '2025-12-04 19:35:21'),
(145, NULL, NULL, '2025-12-04-19-12-21-1764862521{251951}.webp', NULL, 12, '2025-12-04 19:35:27', '2025-12-04 19:35:27'),
(146, NULL, NULL, '2025-12-04-19-12-06-1764862866{815444}.webp', NULL, 36, '2025-12-04 19:41:10', '2025-12-04 19:41:10'),
(147, NULL, NULL, '2025-12-04-19-12-11-1764862871{762439}.webp', NULL, 36, '2025-12-04 19:41:12', '2025-12-04 19:41:12'),
(148, NULL, NULL, '2025-12-04-19-12-12-1764862872{277257}.webp', NULL, 36, '2025-12-04 19:41:17', '2025-12-04 19:41:17'),
(149, NULL, NULL, '2025-12-04-19-12-12-1764863172{675928}.webp', NULL, 8, '2025-12-04 19:46:14', '2025-12-04 19:46:14'),
(150, NULL, NULL, '2025-12-04-19-12-19-1764863359{318417}.webp', NULL, 23, '2025-12-04 19:49:21', '2025-12-04 19:49:21'),
(151, NULL, NULL, '2026-02-08-00-02-08-1770497468{521099}.webp', NULL, 70, '2026-02-08 00:51:09', '2026-02-08 00:51:09');

-- --------------------------------------------------------

--
-- Table structure for table `article_mount`
--

CREATE TABLE `article_mount` (
  `id` bigint UNSIGNED NOT NULL,
  `article_id` bigint UNSIGNED NOT NULL,
  `mount_id` bigint UNSIGNED NOT NULL,
  `created_at` timestamp NULL DEFAULT NULL,
  `updated_at` timestamp NULL DEFAULT NULL
) ENGINE=InnoDB DEFAULT CHARSET=utf8mb4 COLLATE=utf8mb4_unicode_ci;

--
-- Dumping data for table `article_mount`
--

INSERT INTO `article_mount` (`id`, `article_id`, `mount_id`, `created_at`, `updated_at`) VALUES
(10, 63, 3, '2023-05-02 02:46:56', '2024-07-10 20:12:17'),
(12, 25, 1, '2023-05-28 01:46:27', '2023-05-28 01:46:27'),
(13, 32, 1, '2023-07-28 01:56:50', '2023-07-28 01:56:50'),
(14, 30, 1, '2023-07-28 01:57:13', '2023-07-28 01:57:13'),
(15, 29, 1, '2023-07-28 01:57:37', '2023-07-28 01:57:37'),
(16, 34, 2, '2024-05-06 15:17:17', '2024-05-06 15:17:17'),
(17, 78, 1, '2024-12-11 17:15:16', '2024-12-11 17:15:16'),
(18, 33, 1, '2024-12-11 17:52:46', '2024-12-11 17:52:46'),
(19, 80, 1, '2024-12-16 18:09:01', '2024-12-16 18:09:01'),
(20, 79, 1, '2024-12-16 18:09:14', '2024-12-16 18:09:14'),
(21, 85, 1, '2024-12-16 18:09:40', '2024-12-16 18:09:40'),
(22, 86, 1, '2024-12-16 18:09:52', '2024-12-16 18:09:52'),
(23, 77, 1, '2024-12-16 18:10:19', '2024-12-16 18:10:19'),
(24, 76, 1, '2024-12-16 18:10:35', '2024-12-16 18:10:35'),
(25, 31, 1, '2024-12-16 18:10:50', '2024-12-16 18:10:50'),
(26, 82, 4, '2024-12-16 18:48:19', '2024-12-16 18:48:19'),
(27, 89, 6, '2024-12-21 15:12:29', '2024-12-21 15:12:29'),
(28, 62, 6, '2024-12-21 15:13:11', '2024-12-21 15:13:11'),
(29, 88, 7, '2024-12-21 16:41:39', '2024-12-21 16:41:39'),
(30, 95, 8, '2025-06-17 13:06:34', '2025-06-17 13:06:34'),
(31, 94, 8, '2025-06-17 13:07:35', '2025-06-17 13:07:35'),
(32, 84, 4, '2025-06-19 23:39:23', '2025-06-19 23:39:23'),
(33, 96, 2, '2025-07-04 13:29:25', '2025-07-04 13:29:25'),
(34, 104, 1, '2025-09-07 12:31:01', '2025-09-07 12:31:01'),
(35, 108, 12, '2025-09-23 14:23:25', '2025-09-23 14:23:25'),
(36, 98, 1, '2025-10-31 16:55:26', '2025-10-31 16:55:26'),
(37, 81, 5, '2026-01-22 13:43:14', '2026-01-22 13:43:14');

-- --------------------------------------------------------

--
-- Table structure for table `article_other_urls`
--

CREATE TABLE `article_other_urls` (
  `id` bigint UNSIGNED NOT NULL,
  `article_id` bigint UNSIGNED NOT NULL,
  `url` varchar(191) CHARACTER SET utf8mb4 COLLATE utf8mb4_unicode_ci DEFAULT NULL,
  `created_at` timestamp NULL DEFAULT NULL,
  `updated_at` timestamp NULL DEFAULT NULL
) ENGINE=InnoDB DEFAULT CHARSET=utf8mb4 COLLATE=utf8mb4_unicode_ci;

-- --------------------------------------------------------

--
-- Table structure for table `article_region`
--

CREATE TABLE `article_region` (
  `id` bigint UNSIGNED NOT NULL,
  `article_id` bigint UNSIGNED NOT NULL,
  `region_id` bigint UNSIGNED NOT NULL,
  `created_at` timestamp NULL DEFAULT NULL,
  `updated_at` timestamp NULL DEFAULT NULL
) ENGINE=InnoDB DEFAULT CHARSET=utf8mb4 COLLATE=utf8mb4_unicode_ci;

--
-- Dumping data for table `article_region`
--

INSERT INTO `article_region` (`id`, `article_id`, `region_id`, `created_at`, `updated_at`) VALUES
(1, 36, 5, NULL, NULL),
(2, 18, 5, '2023-04-25 02:45:07', '2023-04-25 02:45:07'),
(3, 17, 5, '2023-04-25 02:46:00', '2023-04-25 02:46:00'),
(5, 15, 3, '2023-04-25 02:47:19', '2023-04-25 02:47:19'),
(6, 14, 3, '2023-04-25 02:47:37', '2023-04-25 02:47:37'),
(7, 12, 5, '2023-04-25 02:48:07', '2023-04-25 02:48:07'),
(10, 7, 3, '2023-04-25 02:49:48', '2023-04-25 02:49:48'),
(13, 13, 2, '2023-04-25 02:50:54', '2023-04-25 02:50:54'),
(14, 37, 3, '2023-04-25 02:51:44', '2023-05-02 14:52:52'),
(17, 16, 1, '2025-01-04 00:38:42', '2025-01-04 00:38:42'),
(18, 8, 1, '2025-01-04 00:38:55', '2025-01-04 00:38:55'),
(19, 6, 1, '2025-01-04 00:39:04', '2025-01-04 00:39:04'),
(20, 1, 1, '2025-01-04 00:39:10', '2025-01-04 00:39:10'),
(21, 26, 6, '2025-11-24 12:48:03', '2025-11-24 12:48:03');

-- --------------------------------------------------------

--
-- Table structure for table `carts`
--

CREATE TABLE `carts` (
  `id` bigint UNSIGNED NOT NULL,
  `quantity` int DEFAULT NULL,
  `user_id` bigint UNSIGNED NOT NULL,
  `option_id` bigint UNSIGNED NOT NULL,
  `created_at` timestamp NULL DEFAULT NULL,
  `updated_at` timestamp NULL DEFAULT NULL
) ENGINE=InnoDB DEFAULT CHARSET=utf8mb4 COLLATE=utf8mb4_unicode_ci;

--
-- Dumping data for table `carts`
--

INSERT INTO `carts` (`id`, `quantity`, `user_id`, `option_id`, `created_at`, `updated_at`) VALUES
(2, 1, 1, 81, '2025-01-14 22:02:51', '2025-01-14 22:02:51'),
(3, 1, 18, 81, '2025-04-16 22:56:01', '2025-04-16 22:56:01'),
(4, 3, 1, 88, '2025-04-25 12:34:00', '2025-04-25 12:34:00');

-- --------------------------------------------------------

--
-- Table structure for table `climbing_routes_jsons`
--

CREATE TABLE `climbing_routes_jsons` (
  `id` bigint UNSIGNED NOT NULL,
  `json` json NOT NULL,
  `route_id` bigint UNSIGNED NOT NULL,
  `sector_image_id` bigint UNSIGNED NOT NULL,
  `created_at` timestamp NULL DEFAULT NULL,
  `updated_at` timestamp NULL DEFAULT NULL
) ENGINE=InnoDB DEFAULT CHARSET=utf8mb4 COLLATE=utf8mb4_unicode_ci;

-- --------------------------------------------------------

--
-- Table structure for table `custom_order_addresses`
--

CREATE TABLE `custom_order_addresses` (
  `id` bigint UNSIGNED NOT NULL,
  `name` varchar(191) COLLATE utf8mb4_unicode_ci DEFAULT NULL,
  `surname` varchar(191) COLLATE utf8mb4_unicode_ci DEFAULT NULL,
  `phone` varchar(191) COLLATE utf8mb4_unicode_ci DEFAULT NULL,
  `email` varchar(191) COLLATE utf8mb4_unicode_ci DEFAULT NULL,
  `country` varchar(191) COLLATE utf8mb4_unicode_ci DEFAULT NULL,
  `city` varchar(191) COLLATE utf8mb4_unicode_ci DEFAULT NULL,
  `state` varchar(191) COLLATE utf8mb4_unicode_ci DEFAULT NULL,
  `zip` varchar(191) COLLATE utf8mb4_unicode_ci DEFAULT NULL,
  `address` varchar(191) COLLATE utf8mb4_unicode_ci DEFAULT NULL,
  `map` varchar(191) COLLATE utf8mb4_unicode_ci DEFAULT NULL,
  `created_at` timestamp NULL DEFAULT NULL,
  `updated_at` timestamp NULL DEFAULT NULL
) ENGINE=InnoDB DEFAULT CHARSET=utf8mb4 COLLATE=utf8mb4_unicode_ci;

-- --------------------------------------------------------

--
-- Table structure for table `custom_order_addresses_order`
--

CREATE TABLE `custom_order_addresses_order` (
  `id` bigint UNSIGNED NOT NULL,
  `order_id` bigint UNSIGNED NOT NULL,
  `custom_order_address_id` bigint UNSIGNED NOT NULL,
  `created_at` timestamp NULL DEFAULT NULL,
  `updated_at` timestamp NULL DEFAULT NULL
) ENGINE=InnoDB DEFAULT CHARSET=utf8mb4 COLLATE=utf8mb4_unicode_ci;

-- --------------------------------------------------------

--
-- Table structure for table `events`
--

CREATE TABLE `events` (
  `id` bigint UNSIGNED NOT NULL,
  `url_title` varchar(191) CHARACTER SET utf8mb4 COLLATE utf8mb4_unicode_ci DEFAULT NULL,
  `published` int DEFAULT NULL,
  `category` varchar(191) CHARACTER SET utf8mb4 COLLATE utf8mb4_unicode_ci DEFAULT NULL,
  `map` text CHARACTER SET utf8mb4 COLLATE utf8mb4_unicode_ci,
  `start_data` timestamp NULL DEFAULT NULL,
  `end_data` timestamp NULL DEFAULT NULL,
  `image` varchar(191) CHARACTER SET utf8mb4 COLLATE utf8mb4_unicode_ci DEFAULT NULL,
  `us_event_id` bigint UNSIGNED NOT NULL,
  `ka_event_id` bigint UNSIGNED NOT NULL,
  `created_at` timestamp NULL DEFAULT NULL,
  `updated_at` timestamp NULL DEFAULT NULL
) ENGINE=InnoDB DEFAULT CHARSET=utf8mb4 COLLATE=utf8mb4_unicode_ci;

--
-- Dumping data for table `events`
--

INSERT INTO `events` (`id`, `url_title`, `published`, `category`, `map`, `start_data`, `end_data`, `image`, `us_event_id`, `ka_event_id`, `created_at`, `updated_at`) VALUES
(1, 'irakli_gildiashvili_memorial_competition_2023', 1, 'competition', '<iframe src=\"https://www.google.com/maps/embed?pb=!1m14!1m8!1m3!1d11913.664290219143!2d44.7442656!3d41.7115398!3m2!1i1024!2i768!4f13.1!3m3!1m2!1s0x40447340cb9eec3b%3A0x5069cc696300639f!2z4YOV4YOQ4YOZ4YOY4YOhIOGDoeGDkOGDquGDneGDquGDmCDhg5Phg5Dhg6Dhg5Hhg5Dhg5bhg5g!5e0!3m2!1sen!2sge!4v1681404459310!5m2!1sen!2sge\" width=\"100%\" height=\"450\" style=\"border:0;\" allowfullscreen=\"\" loading=\"lazy\" referrerpolicy=\"no-referrer-when-downgrade\"></iframe>', '2023-04-28 10:00:00', '2023-04-30 18:00:00', '2023-04-13-20-04-35-1681404215{730614}.webp', 3, 1, '2023-04-13 20:43:35', '2023-04-17 22:08:14'),
(2, 'championship_in_bouldering_and_lead_climbing_2023', 1, 'competition', 'kutaisi', '2023-06-17 10:00:00', '2023-06-18 18:00:00', '2023-04-14-00-04-17-1681417337{236490}.webp', 6, 4, '2023-04-13 22:16:35', '2023-05-27 01:36:21'),
(3, 'mikheil_khergini_momorial_competition_2023', 1, 'competition', 'Mestia', '2023-07-01 00:00:00', '2023-07-01 00:00:00', '2023-04-13-22-04-24-1681410084{10164}.webp', 9, 7, '2023-04-13 22:21:24', '2023-05-27 01:09:00'),
(4, 'georgian_uniors_outdoor_climbing_festival_2023', 1, 'event', '', '2023-08-05 16:21:00', '2023-08-06 16:21:00', '2023-04-13-22-04-10-1681410550{243136}.webp', 12, 10, '2023-04-13 22:29:10', '2023-08-02 16:21:55'),
(5, 'bouldering_сhampionship_of_georgia_2023', 1, 'competition', 'Kaxbegi', '2023-08-01 00:00:00', '2023-08-01 00:00:00', '2023-04-14-00-04-31-1681416211{62080}.webp', 15, 13, '2023-04-14 00:03:31', '2023-05-27 01:18:08'),
(6, 'georgian_youth_championship_in_3_age_groups_2023', 1, 'competition', 'Kazbegi (Stepantsminda)', '2023-09-01 00:00:00', '2023-09-01 00:00:00', '2023-04-14-00-04-11-1681416791{297266}.webp', 18, 16, '2023-04-14 00:13:11', '2023-05-27 01:27:31'),
(9, 'rock_tiger_festival_2023', 1, 'event', '<iframe src=\"https://www.google.com/maps/embed?pb=!1m18!1m12!1m3!1d2977.671547241369!2d44.8172481!3d41.72760589999999!2m3!1f0!2f0!3f0!3m2!1i1024!2i768!4f13.1!3m3!1m2!1s0x40440d5450c28d55%3A0xfed43cf0d8698efa!2sMonument%20-%20Urban%20Climbing!5e0!3m2!1sen!2sge!4v1685198735166!5m2!1sen!2sge\" width=\"100%\" height=\"450\" style=\"border:0;\" allowfullscreen=\"\" loading=\"lazy\" referrerpolicy=\"no-referrer-when-downgrade\"></iframe>', '2023-06-04 01:00:00', '2023-06-04 18:00:00', '2023-05-27-01-05-08-1685136788{832918}.webp', 27, 25, '2023-05-27 01:33:08', '2023-05-27 18:46:28'),
(10, 'climbing_festival_in_sveri', 1, 'event', '<iframe src=\"https://www.google.com/maps/d/embed?mid=12CPDODNpgnsWFAUlZRxj1sdNL_-64WPt&ehbc=2E312F\" width=\"100%\" height=\"500\"></iframe>', '2023-07-15 17:00:00', '2023-07-16 19:00:00', '2023-07-08-17-07-22-1688824282{557960}.webp', 30, 28, '2023-07-08 17:51:22', '2023-07-08 17:54:29'),
(11, 'climbing_festival_in_sveri_2023', 0, 'event', '<iframe src=\"https://www.google.com/maps/d/embed?mid=12CPDODNpgnsWFAUlZRxj1sdNL_-64WPt&ehbc=2E312F\" width=\"100%\" height=\"480\"></iframe>', '2025-11-01 00:00:00', '2025-11-01 00:00:00', '2023-07-17-18-07-12-1689603552{845844}.webp', 33, 31, '2023-07-17 18:17:00', '2025-10-11 12:16:38');

-- --------------------------------------------------------

--
-- Table structure for table `failed_jobs`
--

CREATE TABLE `failed_jobs` (
  `id` bigint UNSIGNED NOT NULL,
  `connection` text CHARACTER SET utf8mb4 COLLATE utf8mb4_unicode_ci NOT NULL,
  `queue` text CHARACTER SET utf8mb4 COLLATE utf8mb4_unicode_ci NOT NULL,
  `payload` longtext CHARACTER SET utf8mb4 COLLATE utf8mb4_unicode_ci NOT NULL,
  `exception` longtext CHARACTER SET utf8mb4 COLLATE utf8mb4_unicode_ci NOT NULL,
  `failed_at` timestamp NOT NULL DEFAULT CURRENT_TIMESTAMP
) ENGINE=InnoDB DEFAULT CHARSET=utf8mb4 COLLATE=utf8mb4_unicode_ci;

-- --------------------------------------------------------

--
-- Table structure for table `favorite_films`
--

CREATE TABLE `favorite_films` (
  `id` bigint UNSIGNED NOT NULL,
  `user_id` bigint UNSIGNED NOT NULL,
  `film_id` bigint UNSIGNED NOT NULL,
  `created_at` timestamp NULL DEFAULT NULL,
  `updated_at` timestamp NULL DEFAULT NULL
) ENGINE=InnoDB DEFAULT CHARSET=utf8mb4 COLLATE=utf8mb4_unicode_ci;

-- --------------------------------------------------------

--
-- Table structure for table `favorite_outdoor_areas`
--

CREATE TABLE `favorite_outdoor_areas` (
  `id` bigint UNSIGNED NOT NULL,
  `user_id` bigint UNSIGNED NOT NULL,
  `article_id` bigint UNSIGNED NOT NULL,
  `created_at` timestamp NULL DEFAULT NULL,
  `updated_at` timestamp NULL DEFAULT NULL
) ENGINE=InnoDB DEFAULT CHARSET=utf8mb4 COLLATE=utf8mb4_unicode_ci;

--
-- Dumping data for table `favorite_outdoor_areas`
--

INSERT INTO `favorite_outdoor_areas` (`id`, `user_id`, `article_id`, `created_at`, `updated_at`) VALUES
(1, 1, 26, '2023-07-18 14:56:06', '2023-07-18 14:56:06'),
(2, 1, 36, '2023-09-16 14:35:35', '2023-09-16 14:35:35'),
(3, 1, 1, '2023-10-12 01:37:10', '2023-10-12 01:37:10');

-- --------------------------------------------------------

--
-- Table structure for table `favorite_products`
--

CREATE TABLE `favorite_products` (
  `id` bigint UNSIGNED NOT NULL,
  `product_id` bigint UNSIGNED NOT NULL,
  `user_id` bigint UNSIGNED NOT NULL,
  `created_at` timestamp NULL DEFAULT NULL,
  `updated_at` timestamp NULL DEFAULT NULL
) ENGINE=InnoDB DEFAULT CHARSET=utf8mb4 COLLATE=utf8mb4_unicode_ci;

--
-- Dumping data for table `favorite_products`
--

INSERT INTO `favorite_products` (`id`, `product_id`, `user_id`, `created_at`, `updated_at`) VALUES
(1, 30, 1, '2024-12-29 20:15:48', '2024-12-29 20:15:48'),
(2, 57, 25, '2026-04-20 12:00:33', '2026-04-20 12:00:33');

-- --------------------------------------------------------

--
-- Table structure for table `films`
--

CREATE TABLE `films` (
  `id` bigint UNSIGNED NOT NULL,
  `url_title` varchar(191) CHARACTER SET utf8mb4 COLLATE utf8mb4_unicode_ci DEFAULT NULL,
  `us_film_id` bigint UNSIGNED NOT NULL,
  `ka_film_id` bigint UNSIGNED NOT NULL,
  `published` int DEFAULT NULL,
  `image` varchar(191) CHARACTER SET utf8mb4 COLLATE utf8mb4_unicode_ci DEFAULT NULL,
  `created_at` timestamp NULL DEFAULT NULL,
  `updated_at` timestamp NULL DEFAULT NULL
) ENGINE=InnoDB DEFAULT CHARSET=utf8mb4 COLLATE=utf8mb4_unicode_ci;

-- --------------------------------------------------------

--
-- Table structure for table `film_categories`
--

CREATE TABLE `film_categories` (
  `id` bigint UNSIGNED NOT NULL,
  `us_name` varchar(191) CHARACTER SET utf8mb4 COLLATE utf8mb4_unicode_ci DEFAULT NULL,
  `ka_name` varchar(191) CHARACTER SET utf8mb4 COLLATE utf8mb4_unicode_ci DEFAULT NULL,
  `created_at` timestamp NULL DEFAULT NULL,
  `updated_at` timestamp NULL DEFAULT NULL
) ENGINE=InnoDB DEFAULT CHARSET=utf8mb4 COLLATE=utf8mb4_unicode_ci;

-- --------------------------------------------------------

--
-- Table structure for table `film_files`
--

CREATE TABLE `film_files` (
  `id` bigint UNSIGNED NOT NULL,
  `us_name` varchar(191) CHARACTER SET utf8mb4 COLLATE utf8mb4_unicode_ci DEFAULT NULL,
  `ka_name` varchar(191) CHARACTER SET utf8mb4 COLLATE utf8mb4_unicode_ci DEFAULT NULL,
  `us_description` text CHARACTER SET utf8mb4 COLLATE utf8mb4_unicode_ci,
  `ka_description` text CHARACTER SET utf8mb4 COLLATE utf8mb4_unicode_ci,
  `file` varchar(191) CHARACTER SET utf8mb4 COLLATE utf8mb4_unicode_ci DEFAULT NULL,
  `film_id` bigint UNSIGNED NOT NULL,
  `created_at` timestamp NULL DEFAULT NULL,
  `updated_at` timestamp NULL DEFAULT NULL
) ENGINE=InnoDB DEFAULT CHARSET=utf8mb4 COLLATE=utf8mb4_unicode_ci;

-- --------------------------------------------------------

--
-- Table structure for table `film_reitings`
--

CREATE TABLE `film_reitings` (
  `id` bigint UNSIGNED NOT NULL,
  `review_stars` int DEFAULT NULL,
  `user_id` bigint UNSIGNED NOT NULL,
  `film_id` bigint UNSIGNED NOT NULL,
  `created_at` timestamp NULL DEFAULT NULL,
  `updated_at` timestamp NULL DEFAULT NULL
) ENGINE=InnoDB DEFAULT CHARSET=utf8mb4 COLLATE=utf8mb4_unicode_ci;

-- --------------------------------------------------------

--
-- Table structure for table `film_tags`
--

CREATE TABLE `film_tags` (
  `id` bigint UNSIGNED NOT NULL,
  `us_name` varchar(191) CHARACTER SET utf8mb4 COLLATE utf8mb4_unicode_ci DEFAULT NULL,
  `ka_name` varchar(191) CHARACTER SET utf8mb4 COLLATE utf8mb4_unicode_ci DEFAULT NULL,
  `created_at` timestamp NULL DEFAULT NULL,
  `updated_at` timestamp NULL DEFAULT NULL
) ENGINE=InnoDB DEFAULT CHARSET=utf8mb4 COLLATE=utf8mb4_unicode_ci;

-- --------------------------------------------------------

--
-- Table structure for table `general_infos`
--

CREATE TABLE `general_infos` (
  `id` bigint UNSIGNED NOT NULL,
  `title` varchar(191) CHARACTER SET utf8mb4 COLLATE utf8mb4_unicode_ci DEFAULT NULL,
  `text_ka` text CHARACTER SET utf8mb4 COLLATE utf8mb4_unicode_ci,
  `text_us` text CHARACTER SET utf8mb4 COLLATE utf8mb4_unicode_ci,
  `created_at` timestamp NULL DEFAULT NULL,
  `updated_at` timestamp NULL DEFAULT NULL
) ENGINE=InnoDB DEFAULT CHARSET=utf8mb4 COLLATE=utf8mb4_unicode_ci;

--
-- Dumping data for table `general_infos`
--

INSERT INTO `general_infos` (`id`, `title`, `text_ka`, `text_us`, `created_at`, `updated_at`) VALUES
(1, 'Bolting info', '<h2><strong><ins>გთხოვთ გაითვალისწინოთ</ins></strong></h2>\n\n<h2><strong>საცოც რეგიონში მარშრუტების კეთება(დაშლამბურება) ადგილობრივი მეკლდეურების გარეშე სასტიკად აკრძალულია&nbsp;!</strong></h2>\n\n<p>რეგიონში მარშრუტების დამატება (დაბოლტვა, დაშლამბურება) ადგილობრივი მცოცავების გარეშე სასტიკად აკრძლულია. გთხოვთ დაუკავშირდეთ მარშრუტების ორგანიზატორებს და გააცოთ თქვენი გეგმები, წინააღმდეგ შემთხვევაში თქვენი მარშრუტები დემონტაჟს დაექვემდებარება!</p>\n\n<p>თქვენ შეგიძლიათ დაგვეხმაროთ რეგიონის განვითარებაში, <a href=\"https://You can help us develop the region by visiting the page to learn more.\">ეწვიეთ გვერდს მეტი ინფორმაციის გასაგებათ</a>.</p>\n\n<p><strong>აგრეთვე აკრძალულია Drytooling-ის ცოცვაც!</strong></p>\n\n<p><strong>გამოიყენეთ ჩაფხუტი თქვენი უსაფრთხოებისათვის !</strong></p>', '<h2><ins><strong>Please note</strong></ins></h2>\n\n<h2><strong>Area is not free for bolting !!!</strong></h2>\n\n<p>Please note that the area is not open for bolting without permission. If you plan to come for bolting in Georgia, kindly inform the local community about your plans. Any route that does not adhere to our standards will be removed.</p>\n\n<p>You can help us develop the region, <a href=\"https://climbing.ge/special_article/suport_outdoor_climbing_routes_bolting_in_georgia\">visiting the page to learn more</a>.</p>\n\n<p><strong>Dry tolling is not allowed&nbsp; in climbing area!</strong></p>\n\n<p><strong>Camping under climbing lines is strictly prohibited for safety reasons!</strong></p>\n\n<p><strong>Remember to always wear a helmet for your own safety!</strong></p>', '2023-01-24 12:09:45', '2024-07-03 10:10:28'),
(2, 'Contact info', '<hr />\n<p><strong>გუგა</strong></p>\n\n<p><em>Mail</em>: gugadabrunda@gmail.com</p>\n\n<p><em>Tel</em>: (+995) 557 300 700</p>\n\n<hr />\n<p><strong>თემო</strong></p>\n\n<p><em>Mail</em>: samsonadze.temo9@gmail.com&nbsp;</p>\n\n<p><em>Tel</em><strong>:</strong>&nbsp;(+995) 598 45 70 48</p>\n\n<hr />\n<p><a href=\"https://shop.climbing.ge/tours\" target=\"_blank\">გვაქვს გიდის სერვისი, ტურების მენეჯმენტი, აღჭურვილობის ქირაობა და მანქანის მომსახურება. ჩვენს გიდებს აქვთ საქართველოს სამთო გიდების ასოციაციის სერთიფიკატები (GMGA) და მრავალწლიანი გამოცდილება. გაეცანით ჩვენი ტურის კატალოგი.</a></p>\n\n<p><a href=\"https://shop.climbing.ge/service/rent_climbing_gear\" target=\"_blank\">ასევე შესაძლებელია აღჭურვილობის ქირაობა. ეწვიეთ გვერდს მეტი ინფორმაციის მისაღებად.</a></p>', '<hr />\n<p><strong>Guga</strong></p>\n\n<p><em>Mail</em>:<a href=\"mailto:gugadabrunda@gmail.com?subject=Message%20From%20Climbing.ge\"> gugadabrunda@gmail.com</a></p>\n\n<p><em>Tel</em>: <a href=\"tel:(+995) 557 300 700\">(+995) 557 300 700</a></p>\n\n<hr />\n<p><strong>Temo</strong></p>\n\n<p><em>Mail</em>: <a href=\"mailto:samsonadze.temo9@gmail.com ?subject=Message%20From%20Climbing.ge\">samsonadze.temo9@gmail.com&nbsp;</a></p>\n\n<p><em>Tel</em><strong>:</strong>&nbsp;<a href=\"tel:(+995) 598 45 70 48\">(+995) 598 45 70 48</a></p>\n\n<hr />\n<p><a href=\"https://shop.climbing.ge/tours\" target=\"_blank\"><em>We have guide service, tour management, climbing gear rental and car service Our guides have Georgian mountain&nbsp;guide&nbsp;association&nbsp;certificates (GMGA) and years of experience. </em>Check out our tour catalog.</a></p>\n\n<p><a href=\"https://shop.climbing.ge/service/rent_climbing_gear\" target=\"_blank\">Also you can rent climbing gear. Check price list.</a></p>', '2023-01-24 12:10:25', '2024-12-19 19:54:59'),
(3, 'Climbing federatione contacts', '<p>საქართველოს მეკლდეურობის ეროვნული ფედერაციის <strong><a href=\"http://geoclimbing.ge/?fbclid=IwAR1AjhfxZb0rvvsvG9Afa8XPP-QaiCeQbjuStkb7PZgSfujLjkAaptLbmr8\">ოფიციალური ვებგვერდი</a></strong></p>\n\n<p>საქართველოს მეკლდეურობის ეროვნული ფედერაციის <strong>ელექტრონული ფოსტა -&nbsp;info@geoclimbing.ge</strong></p>\n\n<p>საქართველოს მეკლდეურობის ეროვნული ფედერაციის <a href=\"https://www.facebook.com/gcnf.georgianclimbing\"><strong>ფეისბუქ გვერდი</strong></a></p>\n\n<p>საქართველოს მეკლდეურობის ეროვნული ფედერაციის <strong>ვიცეპრეზიდენტი ლაზარე კომახიძე - 598 212310</strong></p>', '<p><a href=\"http://geoclimbing.ge/?fbclid=IwAR1AjhfxZb0rvvsvG9Afa8XPP-QaiCeQbjuStkb7PZgSfujLjkAaptLbmr8\"><strong>The official website</strong></a> of the Georgian Climbing National Federation</p>\n\n<p>Email of the Georgian Climbing National Federation- <strong>info@geoclimbing.ge</strong></p>\n\n<p><a href=\"https://www.facebook.com/gcnf.georgianclimbing\"><strong>Facebook page</strong></a> of the Georgian Climbing National Federation</p>\n\n<p>Vice-President of the Georgian Climbing National Federation,&nbsp;<strong>Lazare Komakhidze&nbsp;- 598 212310</strong></p>', '2023-04-15 10:41:17', '2023-05-27 00:52:54'),
(4, 'Chaukhi standard gear list', '<p>მარშრუტზე დაგჭირდებათ:</p>\n\n<ol>\n	<li>თოკი 50მ</li>\n	<li>ზაკლადკები 4-5ც საშუალო ზომები</li>\n	<li>ფრენდები 3-4ც საშუალო ზომები</li>\n	<li>ექსპრესი 4-5ც</li>\n	<li>კარაბინი 3-4ც და თვითდაცვა</li>\n	<li>დაცვის-დასაშვები სისტემა</li>\n	<li>დაცვის ქამარი და ჩაფხუტი</li>\n	<li>წრიაპი წერაყინი (დამოკიდებულია თოვლის სიმრავლეზე კულუარში)</li>\n</ol>\n\n<p>ზამთრის პერიოდში დამატებით დაგჭირდებათ&nbsp;</p>\n\n<ol>\n	<li>თოვლის ფეხსაცმელი (სნეგასტუპები)</li>\n	<li>ყინულის ბური 2-3ც</li>\n</ol>', '<p>On the route you will need:</p>\n\n<ol>\n	<li>Rope 50 m</li>\n	<li>Stopers&nbsp;4-5&nbsp;(medium size)</li>\n	<li>Cams&nbsp;3-4 (medium-sized)</li>\n	<li>&nbsp;Quickdraw&nbsp;4-5</li>\n	<li>3-4s carbine and self-defense</li>\n	<li>Belay device</li>\n	<li>Harness and helmet</li>\n	<li>Crampons and iceax (depending on the amount of snow on the couloir)</li>\n</ol>\n\n<p>In winter, you will need additional equipment</p>\n\n<ol>\n	<li>Snowsues</li>\n	<li>Ice screws 2-3</li>\n</ol>', '2023-04-24 23:29:12', '2024-05-05 23:29:13'),
(5, 'Bolting info for dry tooling sector', '<h2><strong><ins>გთხოვთ გაითვალისწინოთ</ins></strong></h2>\n\n<h3><strong>საცოც რეგიონში მარშრუტების კეთება(დაშლამბურება) ადგილობრივი მეკლდეურების გარეშე სასტიკად აკრძალულია&nbsp;!</strong></h3>\n\n<p>რეგიონში მარშრუტების დამატება (დაბოლტვა, დაშლამბურება) ადგილობრივი მცოცავების გარეშე სასტიკად აკრძლულია. გთხოვთ დაუკავშირდეთ მარშრუტების ორგანიზატორებს და გააცოთ თქვენი გეგმები, წინააღმდეგ შემთხვევაში თქვენი მარშრუტები დემონტაჟს დაექვემდებარება!</p>\n\n<p>თქვენ შეგიძლიათ დაგვეხმაროთ რეგიონის განვითარებაში, <a href=\"https://climbing.ge/special_article/suport_outdoor_climbing_routes_bolting_in_georgia\">ეწვიეთ გვერდს მეტი ინფორმაციის გასაგებათ</a>.</p>\n\n<p><strong>უსაფრთხოების მიზნით კატეგორიულად აკრძალულია საცოცი მარშრუტების ქვეშ დაბანაკება!!!</strong></p>\n\n<p><strong>გთხოვთ გამოიყენოთ მხოლოდ ის მშრალი დრაითულინგისთვის, რომლებიც მითითებულია !!!</strong></p>\n\n<p><strong>გამოიყენეთ ჩაფხუტი თქვენი უსაფრთხოებისათვის !!!</strong></p>', '<h2><ins><strong>Please note</strong></ins></h2>\n\n<h2><strong>Area is not free for bolting !!!</strong></h2>\n\n<p>Please note that the area is not open for bolting without permission. If you plan to come for bolting in Georgia, kindly inform the local community about your plans. Any route that does not adhere to our standards will be removed.</p>\n\n<p>You can help us develop the region, <a href=\"https://climbing.ge/special_article/suport_outdoor_climbing_routes_bolting_in_georgia\">visiting the page to learn more</a>.</p>\n\n<p><strong>please use only those drytooling routes that are indicated!!!</strong></p>\n\n<p><strong>Camping under climbing lines is strictly prohibited for safety reasons!!!</strong></p>\n\n<p><strong>Remember to always wear a helmet for your own safety!!!</strong></p>', '2023-11-02 02:11:16', '2024-07-03 10:11:31'),
(6, 'Ushba Gear List (Rock)', '<p>/</p>', '<p>.</p>', '2024-12-19 19:55:44', '2024-12-19 19:55:44'),
(7, 'Ushba Gear List (Ice)', '<p>.</p>', '<p>.</p>', '2024-12-19 19:56:03', '2024-12-19 19:56:03'),
(8, 'Snow Mountain Route Gear List (easy)', '<p>ზაფხულის პირობებში, სტანდარტული მყინვარული აღჭურვილობა საკმარისია ასასვლელად.</p>\n\n<ol>\n	<li>დაცვის წამარი</li>\n	<li>ჩაფხუტი</li>\n	<li>წერაყინი</li>\n	<li>წრიაპი</li>\n	<li>თოკი (40-50 მ) (3 კაცზე მეტის ერთ თოკში ჩაბმა რეკომენდირებული არ არის)</li>\n	<li>ყინულის ბური (2-3 ც)</li>\n	<li>კარაბინი (3-4 ც)</li>\n	<li>ნაპრალიდან ამოყვანის სამაშველო კომპლექტი</li>\n	<li>თბილი და ქარისგან დამცავი ტანსაცმელი აუცილებელია</li>\n</ol>\n\n<p><strong>თბილი და ქარსაწინააღმდეგო ტანსაცმელი აუცილებელია</strong></p>', '<p>Under usual summer conditions, the standard glacier gear is enough to handle the climb.</p>\n\n<ol>\n	<li>Safety harness</li>\n	<li>Helmet</li>\n	<li>Ice axe</li>\n	<li>Crampons</li>\n	<li>Rope (40-50 M) (it is not recommended to tie more than 3 people to one rope)</li>\n	<li>Ice scrows (2-3 Pic)</li>\n	<li>Carabiners (3-4 Pic)</li>\n	<li>Crevice rescue kit</li>\n</ol>\n\n<p><strong>A warm and windproof clothes is a must</strong></p>', '2024-12-19 19:56:26', '2025-01-23 01:46:53'),
(9, 'Ice Climbing Mount Route (Hard)', '<ol>\n	<li>წრიაპი + სამთო ბათინკი</li>\n	<li>ყინულის ინსტრუმნტი (საცოცი წერაყინები)</li>\n	<li>თოკი 2ც 50-60მ. (Double rope)</li>\n	<li>ყინულის ბურეი 10-12ც</li>\n	<li>ექსპრესები 8-10ც</li>\n	<li>ჩაფხუტი</li>\n	<li>დაცვის ქამარი</li>\n	<li>დაცვის სისტემა + 5-6&nbsp;კარაბინი</li>\n	<li>2-3 ბალდა</li>\n	<li>პირადი თვითდაცვა</li>\n</ol>', '<ol>\n	<li>Crampons + Mountaineering boots</li>\n	<li>Ice tools&nbsp;</li>\n	<li>Rope 2 pcs 50-60 m. (Double rope)</li>\n	<li>Ice Scrows 10-12 pcs</li>\n	<li>Expresses 8-10 pcs</li>\n	<li>Helmet</li>\n	<li>Protective belt</li>\n	<li>Hurnes + 5-6&nbsp;carabiners</li>\n	<li>2-3 dinema sling</li>\n	<li>Personal direct sling</li>\n</ol>', '2024-12-19 21:27:46', '2024-12-23 00:25:08'),
(10, 'Ice Climbing Gear', '<p><strong>სტანდარტული აღჭურვილობა</strong></p>\n\n<ol>\n	<li>ჩაფხუტი&nbsp;</li>\n	<li>დაცვის ქამარი</li>\n	<li>დასაზღვევი მოყყობილობა</li>\n	<li>სამთო ბათინკი</li>\n	<li>წრიაპი</li>\n	<li>თოკი (2ც 50მ)</li>\n	<li>ყინულის ინსტრუმენტი (2ც)</li>\n	<li>კარაბინი 3-4ც</li>\n	<li>თბილი ტანსაცმელი (წყალგაუმტარი ქურთუკი, ხელთათმანები, თბილი შარვალი, თბილი ზედა, ქუდი.)</li>\n	<li>დიდი თოვლისას სასურველია თოვლის ფეხსაცმლის (სნეგასტუპების) გამოყენება</li>\n</ol>\n\n<p><strong>ქვედა დაცვით საცოცად</strong></p>\n\n<ol>\n	<li>ყინულის ბურები (10-12ც)</li>\n	<li>ექსპრესევი (10-12ც)</li>\n</ol>', '<p><strong>Standard Equipment</strong></p>\n\n<ol>\n	<li>Helmet</li>\n	<li>Harness</li>\n	<li>Belay device</li>\n	<li>Mountaineering boots</li>\n	<li>Crampons</li>\n	<li>Rope (2 pcs, 50m)</li>\n	<li>Ice tools (2 pcs)</li>\n	<li>Carabiners (3-4 pcs)</li>\n	<li>Warm clothing (waterproof jacket, gloves, warm pants, warm top, hat)</li>\n	<li>In heavy snow, it is recommended to use snow boots (snegastup)</li>\n</ol>\n\n<p><strong>For Lead Climbing</strong></p>\n\n<ol>\n	<li>Ice screws (10-12 pcs)</li>\n	<li>Quickdraws (10-12 pcs)</li>\n</ol>', '2025-01-21 00:34:39', '2025-01-21 00:34:39'),
(12, 'Contact info (Temo)', '<p>.</p>', '<p>.</p>', '2026-03-29 23:28:07', '2026-03-29 23:28:07');

-- --------------------------------------------------------

--
-- Table structure for table `general_info_article`
--

CREATE TABLE `general_info_article` (
  `id` bigint UNSIGNED NOT NULL,
  `info_id` bigint UNSIGNED NOT NULL,
  `article_id` bigint UNSIGNED NOT NULL,
  `block` varchar(191) CHARACTER SET utf8mb4 COLLATE utf8mb4_unicode_ci DEFAULT NULL,
  `block_action` varchar(191) CHARACTER SET utf8mb4 COLLATE utf8mb4_unicode_ci DEFAULT NULL,
  `created_at` timestamp NULL DEFAULT NULL,
  `updated_at` timestamp NULL DEFAULT NULL
) ENGINE=InnoDB DEFAULT CHARSET=utf8mb4 COLLATE=utf8mb4_unicode_ci;

--
-- Dumping data for table `general_info_article`
--

INSERT INTO `general_info_article` (`id`, `info_id`, `article_id`, `block`, `block_action`, `created_at`, `updated_at`) VALUES
(9, 2, 36, 'info_block', 'instead', '2023-04-24 21:18:11', '2023-07-28 02:20:06'),
(32, 2, 17, 'info_block', 'instead', '2023-06-29 20:22:28', '2023-06-29 20:22:28'),
(33, 2, 16, 'info_block', 'instead', '2023-06-29 21:20:22', '2023-06-29 21:20:22'),
(34, 2, 18, 'info_block', 'instead', '2023-06-29 21:20:35', '2023-06-29 21:20:35'),
(35, 2, 15, 'info_block', 'instead', '2023-06-29 21:22:40', '2023-06-29 21:22:40'),
(36, 2, 11, 'info_block', 'instead', '2023-06-29 21:27:49', '2023-06-29 21:27:49'),
(37, 2, 10, 'info_block', 'instead', '2023-06-29 21:29:17', '2023-06-29 21:29:17'),
(38, 1, 9, 'info_block', 'instead', '2023-06-29 21:30:54', '2023-06-29 21:30:54'),
(39, 2, 7, 'info_block', 'instead', '2023-06-29 21:33:54', '2023-11-11 01:58:56'),
(40, 2, 26, 'info_block', 'instead', '2023-06-29 21:56:21', '2023-06-29 21:56:21'),
(41, 2, 14, 'info_block', 'instead', '2023-07-28 02:19:19', '2023-07-28 02:19:19'),
(42, 2, 13, 'info_block', 'instead', '2023-07-28 02:19:50', '2023-07-28 02:19:50'),
(43, 1, 13, 'routes_info', 'after', '2023-07-28 02:19:50', '2023-07-28 02:19:50'),
(44, 1, 36, 'routes_info', 'after', '2023-07-28 02:20:06', '2023-07-28 02:20:06'),
(45, 1, 26, 'routes_info', 'after', '2023-07-28 02:20:45', '2023-07-28 02:20:45'),
(46, 1, 18, 'routes_info', 'after', '2023-07-28 02:21:05', '2023-07-28 02:21:05'),
(47, 1, 17, 'routes_info', 'after', '2023-07-28 02:21:24', '2023-07-28 02:21:24'),
(48, 1, 16, 'routes_info', 'after', '2023-07-28 02:21:40', '2023-07-28 02:21:40'),
(49, 1, 15, 'routes_info', 'after', '2023-07-28 02:22:00', '2023-07-28 02:22:00'),
(50, 1, 14, 'routes_info', 'after', '2023-07-28 02:22:18', '2023-07-28 02:22:18'),
(51, 2, 12, 'info_block', 'instead', '2023-07-28 02:22:56', '2023-07-28 02:22:56'),
(52, 1, 12, 'routes_info', 'after', '2023-07-28 02:22:56', '2023-07-28 02:22:56'),
(53, 2, 8, 'info_block', 'instead', '2023-07-28 02:23:46', '2023-07-28 02:23:46'),
(54, 1, 8, 'routes_info', 'after', '2023-07-28 02:24:08', '2023-07-28 02:24:08'),
(55, 2, 6, 'info_block', 'instead', '2023-07-28 02:24:51', '2023-07-28 02:24:51'),
(56, 1, 6, 'routes_info', 'after', '2023-07-28 02:24:51', '2023-07-28 02:24:51'),
(59, 2, 22, 'info_block', 'instead', '2023-08-08 22:47:57', '2023-08-08 22:47:57'),
(60, 2, 30, 'info_block', 'instead', '2023-09-17 14:36:43', '2023-09-17 14:36:43'),
(61, 1, 11, 'routes_info', 'instead', '2023-09-21 14:25:25', '2023-09-21 14:25:25'),
(63, 2, 65, 'info_block', 'instead', '2023-11-02 02:13:23', '2023-11-02 02:13:23'),
(64, 5, 65, 'routes_info', 'befor', '2023-11-02 02:13:23', '2023-11-18 00:50:23'),
(65, 1, 7, 'routes_info', 'befor', '2023-11-11 01:58:56', '2023-11-11 01:58:56'),
(66, 2, 66, 'info_block', 'instead', '2024-01-15 00:34:03', '2024-01-15 00:34:03'),
(67, 5, 66, 'routes_info', 'after', '2024-01-15 00:38:35', '2024-01-15 00:38:35'),
(68, 2, 29, 'info_block', 'instead', '2024-02-09 23:06:02', '2024-02-09 23:06:02'),
(69, 2, 62, 'info_block', 'instead', '2024-02-20 00:57:06', '2024-02-20 00:57:06'),
(70, 2, 70, 'info_block', 'instead', '2024-04-04 17:04:00', '2024-04-04 17:04:00'),
(71, 2, 69, 'info_block', 'instead', '2024-04-07 17:48:24', '2024-04-07 17:48:24'),
(72, 2, 71, 'info_block', 'instead', '2024-04-08 18:06:26', '2024-04-08 18:06:26'),
(73, 2, 47, 'info_block', 'instead', '2024-04-08 18:06:57', '2024-04-08 18:06:57'),
(74, 4, 29, 'what_need_info', 'instead', '2024-05-05 23:29:42', '2024-05-05 23:29:42'),
(75, 2, 25, 'info_block', 'instead', '2024-05-05 23:30:30', '2024-05-05 23:30:30'),
(76, 4, 25, 'what_need_info', 'instead', '2024-05-05 23:30:30', '2024-05-05 23:30:30'),
(77, 4, 30, 'what_need_info', 'instead', '2024-05-05 23:32:26', '2024-05-05 23:32:26'),
(78, 2, 32, 'info_block', 'instead', '2024-05-05 23:35:43', '2024-05-05 23:35:43'),
(79, 4, 32, 'what_need_info', 'instead', '2024-05-05 23:35:43', '2024-05-05 23:35:43'),
(80, 2, 34, 'info_block', 'instead', '2024-05-06 14:20:53', '2024-05-06 14:20:53'),
(81, 2, 74, 'info_block', 'instead', '2024-08-06 12:31:24', '2024-08-06 12:31:24'),
(82, 2, 76, 'info_block', 'instead', '2024-10-12 03:32:05', '2024-10-12 03:32:05'),
(83, 2, 77, 'info_block', 'instead', '2024-10-12 03:33:37', '2024-10-12 03:33:37'),
(84, 2, 78, 'info_block', 'instead', '2024-10-12 03:35:52', '2024-10-12 03:35:52'),
(85, 2, 79, 'info_block', 'instead', '2024-10-12 03:37:01', '2024-10-12 03:37:01'),
(86, 2, 80, 'info_block', 'instead', '2024-10-12 03:39:16', '2024-10-12 03:39:16'),
(87, 2, 81, 'info_block', 'instead', '2024-10-12 03:40:47', '2024-10-12 03:40:47'),
(88, 2, 82, 'info_block', 'instead', '2024-10-12 03:41:53', '2024-10-12 03:41:53'),
(89, 2, 83, 'info_block', 'instead', '2024-10-12 03:43:12', '2024-10-12 03:43:12'),
(90, 2, 84, 'info_block', 'instead', '2024-10-12 03:44:24', '2024-10-12 03:44:24'),
(91, 2, 85, 'info_block', 'instead', '2024-10-12 03:45:50', '2024-10-12 03:45:50'),
(92, 2, 86, 'info_block', 'instead', '2024-10-12 03:47:00', '2024-10-12 03:47:00'),
(93, 4, 78, 'what_need_info', 'instead', '2024-12-11 17:15:15', '2024-12-11 17:15:15'),
(94, 2, 33, 'info_block', 'instead', '2024-12-11 17:52:46', '2024-12-11 17:52:46'),
(95, 4, 33, 'what_need_info', 'instead', '2024-12-11 17:52:46', '2024-12-11 17:52:46'),
(96, 2, 63, 'info_block', 'instead', '2024-12-11 18:21:03', '2024-12-11 18:21:03'),
(97, 2, 88, 'info_block', 'instead', '2024-12-16 19:14:48', '2024-12-16 19:14:48'),
(98, 2, 89, 'info_block', 'instead', '2024-12-16 19:20:50', '2024-12-16 19:20:50'),
(99, 8, 89, 'what_need_info', 'instead', '2024-12-22 19:46:41', '2024-12-22 19:46:41'),
(100, 8, 34, 'what_need_info', 'instead', '2024-12-22 19:54:31', '2024-12-22 19:54:31'),
(101, 9, 62, 'what_need_info', 'instead', '2024-12-23 00:21:36', '2024-12-23 00:21:36'),
(102, 2, 91, 'info_block', 'instead', '2025-01-11 13:03:26', '2025-01-11 13:03:26'),
(103, 2, 92, 'info_block', 'instead', '2025-01-20 12:06:23', '2025-01-20 12:06:23'),
(104, 10, 22, 'what_need_info', 'instead', '2025-01-21 00:35:13', '2025-01-21 00:35:13'),
(105, 2, 23, 'info_block', 'instead', '2025-01-21 00:35:33', '2025-01-21 00:35:33'),
(106, 10, 23, 'what_need_info', 'instead', '2025-01-21 00:35:33', '2025-01-21 00:35:33'),
(107, 10, 91, 'what_need_info', 'instead', '2025-01-21 00:39:13', '2025-01-21 00:39:13'),
(108, 2, 87, 'info_block', 'instead', '2025-01-23 01:22:24', '2025-01-23 01:22:24'),
(109, 6, 82, 'what_need_info', 'instead', '2025-01-23 01:25:28', '2025-01-23 01:25:28'),
(110, 8, 63, 'what_need_info', 'instead', '2025-01-23 01:47:25', '2025-01-23 01:47:25'),
(111, 4, 76, 'what_need_info', 'instead', '2025-06-02 21:15:30', '2025-06-02 21:15:30'),
(112, 2, 37, 'info_block', 'instead', '2025-06-05 18:37:24', '2025-06-05 18:37:24'),
(113, 1, 37, 'routes_info', 'instead', '2025-06-05 18:37:24', '2025-06-05 18:37:24'),
(114, 2, 94, 'info_block', 'instead', '2025-06-17 13:05:36', '2025-06-17 13:05:36'),
(115, 2, 95, 'info_block', 'instead', '2025-06-17 13:06:14', '2025-06-17 13:06:14'),
(116, 2, 96, 'info_block', 'instead', '2025-06-19 23:37:38', '2025-06-19 23:37:38'),
(117, 9, 96, 'what_need_info', 'instead', '2025-07-04 15:21:55', '2025-07-04 15:21:55'),
(118, 4, 98, 'info_block', 'instead', '2025-08-22 17:51:56', '2025-08-22 17:51:56'),
(119, 2, 103, 'info_block', 'instead', '2025-09-03 12:56:49', '2025-09-03 12:56:49'),
(120, 2, 101, 'info_block', 'instead', '2025-09-07 12:34:29', '2025-09-07 12:34:29'),
(121, 8, 101, 'what_need_info', 'instead', '2025-09-07 12:34:29', '2025-09-07 12:34:29'),
(122, 2, 108, 'info_block', 'instead', '2025-09-22 16:31:33', '2025-09-22 16:31:33');

-- --------------------------------------------------------

--
-- Table structure for table `general_info_event`
--

CREATE TABLE `general_info_event` (
  `id` bigint UNSIGNED NOT NULL,
  `info_id` bigint UNSIGNED NOT NULL,
  `event_id` bigint UNSIGNED NOT NULL,
  `block` varchar(191) CHARACTER SET utf8mb4 COLLATE utf8mb4_unicode_ci DEFAULT NULL,
  `block_action` varchar(191) CHARACTER SET utf8mb4 COLLATE utf8mb4_unicode_ci DEFAULT NULL,
  `created_at` timestamp NULL DEFAULT NULL,
  `updated_at` timestamp NULL DEFAULT NULL
) ENGINE=InnoDB DEFAULT CHARSET=utf8mb4 COLLATE=utf8mb4_unicode_ci;

--
-- Dumping data for table `general_info_event`
--

INSERT INTO `general_info_event` (`id`, `info_id`, `event_id`, `block`, `block_action`, `created_at`, `updated_at`) VALUES
(1, 3, 5, 'info_block', 'instead', NULL, '2023-04-17 22:09:25'),
(4, 3, 2, 'info_block', 'instead', '2023-04-17 17:49:22', '2023-04-17 22:08:49'),
(5, 3, 1, 'info_block', 'instead', '2023-04-17 17:51:45', '2023-04-17 22:08:14'),
(6, 3, 4, 'info_block', 'instead', '2023-04-17 20:00:47', '2023-04-17 22:05:57'),
(9, 3, 3, 'info_block', 'instead', '2023-04-17 22:09:01', '2023-04-17 22:09:01'),
(10, 3, 6, 'info_block', 'instead', '2023-04-17 22:09:39', '2023-04-17 22:09:39'),
(11, 3, 9, 'info_block', 'instead', '2023-05-27 18:46:28', '2023-05-27 18:46:28'),
(12, 3, 11, 'info_block', 'instead', '2023-07-17 18:17:21', '2023-07-17 18:17:21');

-- --------------------------------------------------------

--
-- Table structure for table `header_images`
--

CREATE TABLE `header_images` (
  `id` bigint UNSIGNED NOT NULL,
  `title` varchar(191) CHARACTER SET utf8mb4 COLLATE utf8mb4_unicode_ci DEFAULT NULL,
  `text` text CHARACTER SET utf8mb4 COLLATE utf8mb4_unicode_ci,
  `image` varchar(191) CHARACTER SET utf8mb4 COLLATE utf8mb4_unicode_ci DEFAULT NULL,
  `published` int DEFAULT NULL,
  `link` varchar(191) CHARACTER SET utf8mb4 COLLATE utf8mb4_unicode_ci DEFAULT NULL,
  `category` varchar(191) CHARACTER SET utf8mb4 COLLATE utf8mb4_unicode_ci DEFAULT NULL,
  `created_at` timestamp NULL DEFAULT NULL,
  `updated_at` timestamp NULL DEFAULT NULL
) ENGINE=InnoDB DEFAULT CHARSET=utf8mb4 COLLATE=utf8mb4_unicode_ci;

--
-- Dumping data for table `header_images`
--

INSERT INTO `header_images` (`id`, `title`, `text`, `image`, `published`, `link`, `category`, `created_at`, `updated_at`) VALUES
(1, 'Слава Украине!', 'Русский военный корабль, иди на хуй', '2024-04-05-00-04-16-1712261836{44472}.webp', 0, '', 'guide', '2024-04-05 00:17:17', '2026-01-14 19:20:51'),
(3, 'Ice Climbing In Gveleti', '.', '2025-09-25-18-09-32-1758811472{505421}.webp', 0, 'https://climbing.ge/ice/ice_climbing_in_gveleti_kazbegi', 'guide', '2025-09-25 18:44:33', '2026-01-19 21:20:15'),
(5, 'Climbing In Katskhi', '', '2026-01-14-19-01-44-1768404044{235133}.webp', 1, 'https://climbing.ge/outdoor/Climbing_In_Katskhi_(Chiatura)', 'guide', '2026-01-14 19:20:46', '2026-01-14 19:20:46'),
(6, 'Rock Climbing in Gveleti', '', '2026-01-14-19-01-05-1768404245{91495}.webp', 1, 'https://climbing.ge/outdoor/Climbing_in_Gveleti', 'guide', '2026-01-14 19:24:10', '2026-01-14 19:24:10'),
(7, 'Building Climbing Wals', 'We design and install custom climbing walls for gyms, schools, homes, and adventure parks. From concept and engineering to route setting and safety systems, we create durable, high-quality walls tailored to every space and skill level.', '2026-05-15-20-05-58-1778862598{809686}.webp', 1, 'https://shop.climbing.ge/service/building_climbing_walls', 'shop', '2026-05-15 20:25:14', '2026-05-15 20:29:59');

-- --------------------------------------------------------

--
-- Table structure for table `interested_events`
--

CREATE TABLE `interested_events` (
  `id` bigint UNSIGNED NOT NULL,
  `event_id` bigint UNSIGNED NOT NULL,
  `user_id` bigint UNSIGNED NOT NULL,
  `created_at` timestamp NULL DEFAULT NULL,
  `updated_at` timestamp NULL DEFAULT NULL
) ENGINE=InnoDB DEFAULT CHARSET=utf8mb4 COLLATE=utf8mb4_unicode_ci;

--
-- Dumping data for table `interested_events`
--

INSERT INTO `interested_events` (`id`, `event_id`, `user_id`, `created_at`, `updated_at`) VALUES
(1, 11, 1, '2023-07-18 14:56:23', '2023-07-18 14:56:23');

-- --------------------------------------------------------

--
-- Table structure for table `jobs`
--

CREATE TABLE `jobs` (
  `id` bigint UNSIGNED NOT NULL,
  `queue` varchar(191) CHARACTER SET utf8mb4 COLLATE utf8mb4_unicode_ci NOT NULL,
  `payload` longtext CHARACTER SET utf8mb4 COLLATE utf8mb4_unicode_ci NOT NULL,
  `attempts` tinyint UNSIGNED NOT NULL,
  `reserved_at` int UNSIGNED DEFAULT NULL,
  `available_at` int UNSIGNED NOT NULL,
  `created_at` int UNSIGNED NOT NULL
) ENGINE=InnoDB DEFAULT CHARSET=utf8mb4 COLLATE=utf8mb4_unicode_ci;

-- --------------------------------------------------------

--
-- Table structure for table `live_cameras`
--

CREATE TABLE `live_cameras` (
  `id` bigint UNSIGNED NOT NULL,
  `name` varchar(191) COLLATE utf8mb4_unicode_ci DEFAULT NULL,
  `link` text COLLATE utf8mb4_unicode_ci,
  `article_id` bigint UNSIGNED NOT NULL,
  `published` tinyint(1) NOT NULL DEFAULT '0',
  `created_at` timestamp NULL DEFAULT NULL,
  `updated_at` timestamp NULL DEFAULT NULL
) ENGINE=InnoDB DEFAULT CHARSET=utf8mb4 COLLATE=utf8mb4_unicode_ci;

-- --------------------------------------------------------

--
-- Table structure for table `locale_articles`
--

CREATE TABLE `locale_articles` (
  `id` bigint UNSIGNED NOT NULL,
  `locale` varchar(191) CHARACTER SET utf8mb4 COLLATE utf8mb4_unicode_ci DEFAULT NULL,
  `title` varchar(191) CHARACTER SET utf8mb4 COLLATE utf8mb4_unicode_ci DEFAULT NULL,
  `short_description` varchar(191) CHARACTER SET utf8mb4 COLLATE utf8mb4_unicode_ci DEFAULT NULL,
  `text` text CHARACTER SET utf8mb4 COLLATE utf8mb4_unicode_ci,
  `route` text CHARACTER SET utf8mb4 COLLATE utf8mb4_unicode_ci,
  `how_get` text CHARACTER SET utf8mb4 COLLATE utf8mb4_unicode_ci,
  `best_time` text CHARACTER SET utf8mb4 COLLATE utf8mb4_unicode_ci,
  `what_need` text CHARACTER SET utf8mb4 COLLATE utf8mb4_unicode_ci,
  `info` text CHARACTER SET utf8mb4 COLLATE utf8mb4_unicode_ci,
  `price_text` text CHARACTER SET utf8mb4 COLLATE utf8mb4_unicode_ci,
  `address` varchar(191) CHARACTER SET utf8mb4 COLLATE utf8mb4_unicode_ci DEFAULT NULL,
  `created_at` timestamp NULL DEFAULT NULL,
  `updated_at` timestamp NULL DEFAULT NULL
) ENGINE=InnoDB DEFAULT CHARSET=utf8mb4 COLLATE=utf8mb4_unicode_ci;

--
-- Dumping data for table `locale_articles`
--

INSERT INTO `locale_articles` (`id`, `locale`, `title`, `short_description`, `text`, `route`, `how_get`, `best_time`, `what_need`, `info`, `price_text`, `address`, `created_at`, `updated_at`) VALUES
(1, 'ka', 'ცოცვა სვერში (ჭიათურა)', '<p>სვერის საცოცი რეგიონი მდებარეობს დასავლეთ საქართველოში,&nbsp;იმერეთში.</p>\n', '<p>სვერი საცოცი რეგიონი&nbsp;შედარებით ახალია მაგრამ მიუხედავად ამისა აქ საკმაოდ ბევრი სპორტული მარშრუტია. მარშრუტების კეთება დაიწყო 2018 წელს. რეგიონი პერსპეკტიულია როგორც საცოცი სექტორების ათვისებისთვის ასევე სხვა სპორტული აქტიობებებისთვის. რეგიონში თქვენ შეგიძლიათ დაკავდეთ არამხოლოდ ცოცვით არამედ ბევრი სხვა აქტიობით</p>\n\n<p><strong>სხვა აქტიობები</strong></p>\n\n<p>სვერშო არის რამდენიმე ძველი ციხესიმაგრე, მონასტერი და მრავალი ლამაზი.&nbsp;ასევე მიმდებარე ტერიტორიაზე არის რამდენიმე ტბა და ჩანჩქერი სადაც შესაძლებელია ნავით გასეირნება და&nbsp;ბანაობა ზაფხულის ცხელ დღეებში.</p>\n\n<p>&nbsp;</p>\n\n<div data-oembed-url=\"https://www.youtube.com/watch?v=zeExJv0-4Cs\">\n<div>\n<div style=\"left: 0; width: 100%; height: 0; position: relative; padding-bottom: 56.25%;\"><iframe allow=\"accelerometer *; clipboard-write *; encrypted-media *; gyroscope *; picture-in-picture *; web-share *;\" allowfullscreen=\"\" scrolling=\"no\" src=\"//if-cdn.com/4gAulQS\" style=\"top: 0; left: 0; width: 100%; height: 100%; position: absolute; border: 0;\" tabindex=\"-1\"></iframe></div>\n</div>\n</div>\n\n<p>&nbsp;</p>\n', '<p>საცოცი სეკტორებთან მისასვლელი გზა საკმაოდ მარტივი მისაგნებია.</p>\n\n<p>მარშრუტების უმეტესობა 10-25 მეტრია, სირთულე&nbsp;5A- დან 7C- მდე.</p>\n', '<p>სოფელი სვერი მდებარეობს&nbsp;ქალაქ ჭიათურასთან თბილისიდან 170 კმ-ში.</p>\n\n<p><br />\nსვერამდე მისვლა შეგიძლიათ მიკროავტობუსით&nbsp;თბილისიდან, დიდუბის სადგურიდან, ქალაქ ჭიათურაში. ჭიათურიდან შეგიძლიათ მიკროავტობუსით ან ტაქსით გაემართოთ სოფელ სვერში, რომელიც 11 კმ-თია დაშორებული. სოფელ სვერის ავტობუსის გაჩერებიდან დაახლოებით 400 მეტრია გასავლელი საცოც სექტორამდე.<br />\nტერიტორია არ არის მარკირებული ბოლომდე, მაგრამ არის რამდენიმე მიმართიულების მიმცემი ნიშანი სოფლის დასაწყისში შეგხვდებათ რეგიონის ნიშანი მიმართულებით და&nbsp;სოფლის ბოლოს არის ნიშანი &quot;Climbing Zone&quot; და იქიდან დაახლოებით 50 მეტრია კლდეებამდე.</p>\n\n<p>თუ თქვენ გამოიყენებთ პირად ავტომობილს რეკომენდირებულია იყოლიოთ 4X4ზე მანქანა. წინააღმდეგ შემთხვევაში სოფლის შიგნიტ გადაადგილება შეიძლება გაგიჭირდეთ.</p>\n\n<p>დარჩენა რეკომენდირებულია სექტორების ძირში მდებარე კემპინგში &quot;<a href=\"https://www.campingeorgia.ge/camp/\">Sveri adventure camp</a>&quot;. კემპინგი სექტორებისკენ მიმავალ გზაზა მდებარეოდს და მისი მოძებნა არ გაგიჭირდებათ. აქ თქვენ დაგხვდებათ მოწყობილი საკარვე ადგილი და რამდენიმე კოტეჯი. აგრეთვე შხაპი, სამზარეულო და სველი წერტილები.</p>\n\n<p><br />\nსაკვები და მარაგი</p>\n\n<p>სურსათის შეძენას გირჩევთ&nbsp;ქალაქ ჭიათურაში. აქ არის ადგილობრივი აგრარული&nbsp;ბაზარი, მრავალფეროვანი მაღაზიები და უამრავი საცხობი, რომლებიც გთავაზობთ ყოველდღიურად გამომცხვარ ახალ პურს, ხაჭაპურს და ლობიანს.<br />\nსამწუხაროდ, სვერში საკვები პროდუქტების ბაზარი აღარ არის, ასე რომ თქვენ უნდა თან წაიყვანეთ მთელი თქვენი მარაგი.წყლის აღება შეგიძლიაღ სოფლის წყაროებზე.წყაროები სუფთაა და სასმელად გამოსადექი.</p>\n', '<p>ზამთრის გარდა, სვერში ცოცვა იდეალურია გაზაფხულიდან შემოდგომამდე.</p>\n\n<p>კლდეებიის დიდი ნაწილი ჩრდილოეთისკენ არის მიმართული, რაც იმას ნიშნავს რომ დღის უმეტესი ნაწილი ისინი ჩრდილშია (1-2 საათის შემდეგ) და ზაპხულის დღეებში აქ ცოცვა ძალიან კომპორტულია. წელიწადის ცივ დროს აქ საცოცვა საკმაოდ არაკომფორტულია ამინდის გამო და ჩვენ გირჩევთ ეწვიოთ <a href=\"http://climbing.ge/outdoor/Climbing_In_Chiatura\">ჭიათურის</a> და <a href=\"http://climbing.ge/outdoor/Climbing_In_Katskhi_%28Chiatura%29\">კაცხის</a> საცოც სექტორებს.</p>\n', '<ol>\n	<li>12 ექსპრესი</li>\n	<li>50m თოკი</li>\n	<li>დაცვის ქამარი</li>\n	<li>დაცვის სისტემა</li>\n	<li>ჩაფხოტი</li>\n	<li>საცოცი ფეხსაცმელი (სკალნები) და მაგნეზიის ტომარა</li>\n</ol>\n', '', NULL, NULL, '2021-03-02 11:04:04', '2023-11-20 02:27:20'),
(6, 'ka', 'ცოცვა კაცხში (ჭიათურა)', '<p>კაცხი ერთ-ერთი ყველაზე საუკეთესო ადგილია საცოცად საქართველოში. კლდის ხარისხი შესანიშნავია ცოცვის&nbsp;სხვადასხვა ტიპისთვის.</p>\n', '<p>კაცხი ერთ-ერთი ყველაზე პოპულარული ადგილია საცოცად საქართველოში.&nbsp;კლდის ხარისხი შესანიშნავია ცოცვის სხვადასხვა ტიპისთვის. აქ გვაქვს ბევრი სხვადასხვა ტიპის რელიეფი, როგორც უარყოფითი მარშრუტები ასევე სწორუ ფილები, რაც მეტ საშვალებას აძლებს სპორცმენს მაქსიმალურად განვითარდეს.</p>\n', '<p>მარშრუტები კლასიფიცირებულია ფრანგულ სისტემით.&nbsp;5a&nbsp;&ndash; დან 8b&nbsp;&ndash; მდე.</p>\n\n<p><strong>გამოიყენეთ ჩაფხუტი თქვენი უსაფრთხოებისათვის !</strong></p>\n\n<p><strong>საცოც რეგიონში მარშრუტების კეთება(დაშლამბურება) ადგილობრივი მეკლდეურების გარეშე სასტიკად აკრძალულია&nbsp;!</strong><br />\nიმ შემთხვევაში, თუ აპირებთ მარშრუტების გაკეთებას ამ რეგიონში, გთხოვთ, აცნობოთ ადგილობრივ მეკლდეურებს თქვენი გეგმების შესახებ, წინააღმდებ შემთხვევაში თქვენი მაშრუტები შესაძლებელია დემონტაჟს დაექვემდებაროს.</p>\n\n<p><strong>აგრეთვე აკრძალულია Drytooling-ის ცოცვაც!</strong></p>\n', '<p>კაცხი მდებარეობს დედაქალაქ თბილისიდან დაახლოებით 180 კმ-ში. მანქანით დაგჭირდებათ დაახლოებით 2 - 2.5 საათი. სასურველია მაღალი გამავლობის 4X4 მანქანით გადადგილება.&nbsp;</p>\n\n<p>ქუთაისის აეროპორტიდან 1 საათი.</p>\n\n<p>სამოქალაქო ტრანსპორტით თქვენ დაგჭირდებათ ცასვლა ქალაქ ჭიათურაში. სამარშრუტო ტაქსები ახორციაელებენ მარშრუტზე მოძრაობას დილის 9დან საღამოს 5ამდე. ჭიათურიდან თქვენ მოგიწევთ ჭიათურა-კაცხი მარშრუტკახე გადაჯდომა და ის ჩამოგიყვანთ სოფელ&nbsp;კაცხის მთავარ მოედანზე.&nbsp;</p>\n\n<p>დასარჩენად საუკეთესო ადგილია &quot;კაცხის სახლი&quot; (იხილეთ რუკა). აქ შესაძლებელია გაჩერება როგორც სახლში ისევე კარავში.</p>\n', '<p>,სკაცხი მდებარეობს ზღვის დონიდან 700 მ. ცოცვისთვის&nbsp;საუკეთესო პერიოდია ზამთარი, გაზაპხული&nbsp;და შემოდგომა. ზამთარში და ადრე გზაფხულზე ხშირია წვიმა მაგრამ კარ გამინდში თქვენ შეძლებთ ცოცვას გრილ და სასიმოვნო ამინდში. ზაფხოლში უმეტესად ცხელი ამინდებია საცოცად და ცოცვას მოახერხებთ ადრე დილას ან მხოლოდ ინ სეკტორებში რომლების ჩრდილშია.</p>\n', '<ol>\n	<li>12 ექსპრესი</li>\n	<li>60m თოკი</li>\n	<li>დაცვის ქამარი</li>\n	<li>დაცვის სისტემა</li>\n	<li>ჩაფხოტი</li>\n	<li>საცოცი ფეხსაცმელი (სკალნები) და მაგნეზიის ტომარა</li>\n</ol>\n', '<p>მოგვწერეთ შეტყობინება და ჩვენ მალე გიპასუხებთ.</p>\n\n<p><strong>Guga</strong> - <em>Mail</em>: gugadabrunda@gmail.com &nbsp; &nbsp;<em>Tel</em>: (+995) 557 300 700</p>\n\n<p><strong>Temo</strong> - <em>Mail</em>: samsonadze.temo9@gmail.com&nbsp; &nbsp; <em>Tel</em>; (+995) 598 45 70 48</p>\n', NULL, NULL, '2021-03-02 17:31:38', '2023-06-29 21:34:55'),
(7, 'ka', 'ცოცვა ლოტკინის მონუმენტზე', '<p>კეთილი იყოს თქვენი მობრძანება ლოტკინის მონუმენტზე. ეს არის 40 მეტრიანი ბეტონის კონსტრუქცია. რომელზეც შესაძლებელია ცოცვა.</p>\n', '<p>კეთილი იყოს თქვენი მობრძანება ლოტკინის მონუმენტზე.</p>\n\n<p>ეს არის 40 მეტრიანი ბეტონის კონსტრუქცია. მონუმენტი მდებარეობს ქალაქის გარეუბანში და მაგრამ მასთან მისვლა არანაირ სირთულეს არ წარმოადგენს. მონუმენტი არის კარგი ადგილი საცოცად თბილისში. აქ გვაქვს 7 მარშრუტი 5B-7B. (იხილეთ მარშრუტების არჭერა)</p>\n\n<div data-oembed-url=\"https://www.youtube.com/watch?v=TTX8b63u4_k\">\n<div>\n<div style=\"left: 0; width: 100%; height: 0; position: relative; padding-bottom: 56.25%;\"><iframe allow=\"accelerometer *; clipboard-write *; encrypted-media *; gyroscope *; picture-in-picture *; web-share *;\" allowfullscreen=\"\" scrolling=\"no\" src=\"//if-cdn.com/C3fjJHW\" style=\"top: 0; left: 0; width: 100%; height: 100%; position: absolute; border: 0;\" tabindex=\"-1\"></iframe></div>\n</div>\n</div>\n\n<p>&nbsp;</p>\n', '<p>დღეისათვის არსებობს 7&nbsp;სპორტული მარშრუტი. 1&nbsp;მაღშრუტი&nbsp;ყველაზე მაღალია 40 მ, 1 მარშრუტი 30 მ და 4&nbsp;მარშრუტი 20 მ.</p>\n\n<p><strong>გაითვალისინეთ რომ ზოგი საჭიდი შესაძლოა ტრიალებდეს!!! სურვილის შემთხვევაში შეგიძლიათ დაუჭიროთ საჭიდებს ეხვსკუთხა ქანჩით (შესტიგრანკით).</strong></p>\n\n<p><a href=\"https://climbing.ge/ice/dry_tooling_on_lotkin_monument\">დრაითულინგის მარშრუტების სანახავად ეწვიეთ გვერდს</a></p>\n', '<p>მონუმენტი მდებარეობს ქალაქის გარეუბანში და მაგრამ მასთან მისვლა არანაირ სირთულეს არ წარმოადგენს. მეტრო <a href=\"https://goo.gl/maps/Rjou6mefmr52\">&#39;სადგურის მოედნიდან</a>&#39; ზედა გასასვლელიდან მიდიან es110, №111, №48 (<a href=\"http://goo.gl/maps/EG9Emms68YN5yGvC7\">გაჩერება 1</a>) და №36 (<a href=\"https://goo.gl/maps/2XZPEGVgAEP7QezZ8\">გაჩერება 2</a>) ავტობუსებით (<a href=\"https://www.google.com/maps/d/u/0/viewer?mid=1Nzu-J7c65ivpXrma5iAdWye1a7nhYslt&amp;ll=41.72681806910237%2C44.81414870000003&amp;z=15\">იხილეთ რუკა</a>). თუ თქვენ პირადი მანქანით მიდიხართ მოგიწავთ მანქანის გაჩერება ქალაქის პარკინგზე. მონუმენტთან მისასვლე გზა გადაკეტილია!</p>\n', '<p>აქ მთელი წლის განმავლობაში შეგიძლიათ ცოცვა&nbsp;ამინდის მიხედვით. მონუენტი მდებარეობს ქარიან ადგილას ამიტომაც ხშირია ძლიერი ქარი. ზაფხოლში მეტად სასიამოვნოა ცოცვა საღამოს საათებში როცა მზე ჩასვლას იწყებს. ზამთარში ხშირია ცივი ქარი ამიტომაც აუცილებელოია ამინდის შერჩევა, მაგრამ კარგ ამინდში ზამთარშიც კი აქ ცოცვა ძალიან სასიამოვნოა.</p>\n', '<p>&nbsp;</p>\n\n<ol>\n	<li>20 ექსპრესი</li>\n	<li>(Min) 40m - (Max) 80m თოკი</li>\n	<li>დეაცვის ქამარი</li>\n	<li>დაცვის სისტემა</li>\n	<li>ჩაფხუტი</li>\n	<li>საცოცი ფეხსაცმელი(სკალნები) &amp; მაგნეზიის ტომარა</li>\n</ol>\n', '', NULL, NULL, '2021-03-02 17:36:24', '2023-11-18 00:52:35'),
(8, 'ka', 'ცოცვა ჭიათურაში', '<p>ჭიათურა ერთ-ერთი ყველაზე პერსპექტიული საცოცი რეგიონია საქართველოში.</p>\n', '<p>ჭიათურა ერთ-ერთი ყველაზე პერსპექტიული საცოცი რეგიონია საქართველოში. აქ გვაქვს მაღალი კედლები 50-150მ რომელიც ჯერჯერობით უმეტესად არაა ათვისებული, მაგრამ გვაქვს 2 რეგიონი 30 მარშრუტით სადაც შეგიძლიათ სასიამოვნოდ ცოცვა.</p>\n', '<p>ამ რეგიონში მუდმივად ვამატებთ ახალ მარშრუტებს. მარშრუტები 5A- დან 8A- მდეა. აგრეთვე გვაქვს 3, 2 თოკიანი მარშრუტი (მულტიპიჩი).</p>\n\n<p><strong>უსაფრთხოების მიზნით, გამოიყენეთ ჩაფხეტი!</strong></p>\n\n<p><strong>საცოც რეგიონში მარშრუტების კეთება(დაშლამბურება) ადგილობრივი მეკლდეურების გარეშე სასტიკად აკრძალულია&nbsp;!</strong><br />\nიმ შემთხვევაში, თუ თქვენ აპირებთ მატშტუტების გაკეთებას ჭიათურაში აუცილებლად შეატყობინეთ ადგილობრივ მეკლდეურებს. წინააღმდეგ შემთხვევაში თქვენი მარშრუტი შესაძლებელია დემონტაჟს დაექვემდებაროს.</p>\n\n<p><strong>&quot;Drytooling&quot;-ის ცოცვა რეგიონში სასტიკად აკრძალულია!</strong></p>\n\n<p>&nbsp;</p>\n', '<p>ჭიათურა მდებარეობს დედაქალაქ თბილისიდან 180 კმ-ში. მანქანით დაგჭირდებათ დაახლოებით 2.0-2.5 საათი. საქალაქთაშიორისო ტრანსპორთით დაგჭირდებათ თბილისი-ჭიათურა სამარშრუტო ტაქსით ჩახვიდეთ ჭიათურაში, აქედან ფეხით ან ტაქსით შეძლებთ ახვიდეთ საცოც სეკტორამდე. (იხილეთ რუკა)</p>\n\n<p>თქვენ შეგიძლიათ დარჩენა ქალაქში ჰოსტელში ან კაცხის სახლში. კაცხის სახელი&nbsp;მდებარეობს ქალაქიდან 9 კილომეტრში, სოფელ კაცხში. (იხილეთ მეტი)</p>\n', '<p>ჭიათურაში ცოცვისთვის საუკეთესო სეზონია ზამთარი, გაზაფხული და შემოდგომა. ზაპხულში ამ რეგიონში საცოცად ძალიან ცხელა. ცოცვა შესაძლებელია დარე დილას, 10.00-11.00 საათამდე. წლის სხვა პერიოდში სასურველია ამინდის შემოწმება რათა წვიმამ არ შეგიშალოთ ცოცვაში ხელი</p>\n', '<ol>\n	<li>20 ექსპრესი</li>\n	<li>თოკი 60მ</li>\n	<li>დაცვის ქამარი</li>\n	<li>დაცვის სისტემა</li>\n	<li>ჩაფხუტი</li>\n	<li>საცოცი ფეხსაცმელი (სკალნი) &amp; მაგნეზიის ტომატა</li>\n</ol>\n', '<p>მოგვწერეთ შეტყობინენა და ჩვენ სულ მალე გიპასუხებთ.</p>\n\n<p><strong>Guga</strong> - <em>Mail</em>: gugadabrunda@gmail.com &nbsp; &nbsp;<em>Tel</em>: (+995) 557 300 700</p>\n\n<p><strong>Temo</strong> - <em>Mail</em>: samsonadze.temo9@gmail.com&nbsp; &nbsp; <em>Tel</em>; (+995) 598 45 70 48</p>\n', NULL, NULL, '2021-03-02 17:38:50', '2023-06-29 21:31:56'),
(9, 'ka', 'ცოცვა მესტიაში (ჭალაადი)', '<p>.</p>\n', '<p>სვანეთი ერთ-ერთი ულამაზესი ადგილია საქართველოში.</p>\n\n<p>შეიძლება იყოს აქტიური სპორტული და ისტორიული და სასიამოვნო ადგილები.</p>\n\n<p>მესტია არის სვანეთის ცენტრი, რომელიც მდებარეობს ზღვის დონიდან 1500 მეტრში და თბილისიდან 460 კმ 8 საათის სავალზე.</p>\n', '<h2><strong>საცოც რეგიონში მარშრუტების კეთება(დაშლამბურება) ადგილობრივი მეკლდეურების გარეშე სასტიკად აკრძალულია&nbsp;!</strong></h2>\n\n<p><br />\nიმ შემთხვევაში, თუ აპირებთ მარშრუტების გაკეთებას ამ რეგიონში, გთხოვთ, აცნობოთ ადგილობრივ მეკლდეურებს თქვენი გეგმების შესახებ, წინააღმდებ შემთხვევაში თქვენი მაშრუტები შესაძლებელია დემონტაჟს დაექვემდებაროს.</p>\n\n<p><strong>აგრეთვე აკრძალულია Drytooling-ის ცოცვაც!</strong></p>\n\n<p><strong>გამოიყენეთ ჩაფხუტი თქვენი უსაფრთხოებისათვის !</strong></p>\n', '', '<p>ასვლისთვის საუკეთესო დროა ზაფხულის ბოლოს, შემოდგომის დასაწყისი. სალაშქრო ადგილი მარტივია ავტოსტოპით, ის მდებარეობს ქალაქის ცენტრიდან 10 კმ-ის დაშორებით.</p>\n', '<ol>\n	<li>14 ექსპრესი</li>\n	<li>თოკი 70მ</li>\n	<li>დაცვის ქამარი</li>\n	<li>დაცვის სისტემა</li>\n	<li>ჩაფხუტი</li>\n	<li>საცოცი ფეხსაცმელი (სკალნი) &amp; მაგნეზიის ტომატა</li>\n</ol>\n', '<p>Guga - <strong>Mail</strong>: gugadabrunda@gmail.com &nbsp; &nbsp;<strong>Tel</strong>: (+995) 557 300 700</p>\n\n<p>Temo - <strong>Mail</strong>: samsonadze.temo9@gmail.com&nbsp;</p>\n', NULL, NULL, '2021-03-02 17:41:37', '2023-06-29 21:31:00'),
(10, 'ka', 'ცოცვა ძევრში', '<p>.</p>\n', '<p>საფეხმავლო ხაზები მართლაც ახლოს არის გზასთან და მათ უმეტესობას აქვს კომფორტული სასტარტო პლატფორმა.</p>\n\n<p>შესაძლებელია ცოცვის ზონაში დაბანაკება.</p>\n\n<p>კლდეებთან ახლოს არის რესტორანი და ბაზარი.</p>\n\n<p>ადგილობრივი მოსახლეობა ნამდვილად მეგობრულია მთამსვლელთა საზოგადოების მიმართ.</p>\n\n<p>კლდის სახეს განსხვავებული ექსპოზიცია აქვს და მაშინაც კი, როცა მზეზე ცხელა, შეგიძლიათ იპოვოთ დაჩრდილული ადგილი ასასვლელად.</p>\n', '<h2><strong>საცოც რეგიონში მარშრუტების კეთება(დაშლამბურება) ადგილობრივი მეკლდეურების გარეშე სასტიკად აკრძალულია&nbsp;!</strong></h2>\n\n<p><br />\nიმ შემთხვევაში, თუ აპირებთ მარშრუტების გაკეთებას ამ რეგიონში, გთხოვთ, აცნობოთ ადგილობრივ მეკლდეურებს თქვენი გეგმების შესახებ, წინააღმდებ შემთხვევაში თქვენი მაშრუტები შესაძლებელია დემონტაჟს დაექვემდებაროს.</p>\n\n<p><strong>აგრეთვე აკრძალულია Drytooling-ის ცოცვაც!</strong></p>\n\n<p><strong>გამოიყენეთ ჩაფხუტი თქვენი უსაფრთხოებისათვის !</strong></p>\n', '<p>მანძილი თბილისიდან 200 კმ 3 საათი მანქანით.</p>\n\n<p>მანძილი ქუთაისის კოპიტნარის აეროპორტიდან 60 კმ 1 საათი მანქანით. (რუკის ჩვენება)</p>\n', '<p>ასვლისთვის საუკეთესო სეზონია ზაფხულის დასაწყისი და შემოდგომა, მაგრამ კარგი ამინდის შემთხვევაში ასვლა შესაძლებელია მთელი წლის განმავლობაში.</p>\n', '<ol>\n	<li>14 ექსპრესი</li>\n	<li>თოკი 60მ</li>\n	<li>დაცვის ქამარი</li>\n	<li>დაცვის სისტემა</li>\n	<li>ჩაფხუტი</li>\n	<li>საცოცი ფეხსაცმელი (სკალნი) &amp; მაგნეზიის ტომატა</li>\n</ol>\n', '<p>Guga - <strong>Mail</strong>: gugadabrunda@gmail.com &nbsp; &nbsp;<strong>Tel</strong>: (+995) 557 300 700</p>\n\n<p>Temo - <strong>Mail</strong>: samsonadze.temo9@gmail.com&nbsp;</p>\n', NULL, NULL, '2021-03-02 17:44:09', '2023-06-29 21:29:17'),
(11, 'ka', 'ცოცვა ქუთაისში(ჭომა)', '<p>ქალაქში არ არის ბევრი საცოცი მარშრუტი, მაგრამ დღის სასიამოვნოდ გასატარებლად, ეს სავსებით საკმარისია.</p>\n', '<p>ქუთაისი საქართველოში სისდიდით მეორე ქალაქია. მოსახლეობა 147&nbsp;635 ადამიანი. იგი 235 კმ - ითაა დაშრებული თბილისიდან. ზ.დ. 125-300მ. ქალაქში არ არის ბევრი საცოცი მარშრუტი, მაგრამ დღის სასიამოვნოდ გასატარებლად, ეს სავსებით საკმარისია. მარშრუტების სირთულე 5A დან 7A- მდე მერყეობს, ამიტომ აქ ცოცვა დამწყებ მეკლდეურთათვის იდეალურია.</p>\n', '', '<p>ქუთაისში ცასვლა საქარტელოს ნებისმიერი ქალაქიდან ძალიან მარტივია. მუნიციპალური ტრანსპორტი აქ ყველა ქალაქიდან მოზრაობს. საკუთარი მანქანით მგზავრობის შემთხვევაში გამოიყენეთ GPS ნავიგატორი. ასევე ქალაქიდან 5 კმ - ში არის აეროპორტი. ფერენები როგორც თბილისიდან, ასევე მსოფლიოს ბევრი სხვა ქვეყნიდანაა.</p>\n\n<p>საცოცო სექტორებთან მისასვლელად იხილეთ რუკა.</p>\n\n<p>ღამის გასათენებლად შეგიძლიათ დარჩეთ ქუთაისში მდებარე ერთ - ერთ სასტუმროშ, ან კარვით დარჩეთ კლდეების მიმდებარე ტერიტორიაზე.</p>\n', '<p>საუკეთესო დრო აქ საცოცად გაზაფხული და შემოდგომაა. ზაფხულის პერიოდში აქ ზალიან ცხელა. ზამტარში საკმაოდ ცივა, მაგრამ თბილ დღეებში შესაძლებელია კომფორტულად ცოცვა.</p>\n', '<p>12 ექსპრესი<br />\n60m თოკი<br />\nდაცვის ქამარი<br />\nდაცვის სისტემა<br />\nჩაფხოტი<br />\nსაცოცი ფეხსაცმელი (სკალნები) და მაგნეზიის ტომარა</p>\n', '<p>Guga - <strong>Mail</strong>: gugadabrunda@gmail.com &nbsp; &nbsp;<strong>Tel</strong>: (+995) 557 300 700</p>\n\n<p>Temo - <strong>Mail</strong>: samsonadze.temo9@gmail.com&nbsp;</p>\n', NULL, NULL, '2021-03-02 17:46:18', '2023-05-24 07:42:59'),
(12, 'ka', 'ცოცვა არშაში', '<p>ყაზბიგი (სტეპანციმინდა) ზდ 1750მ, ერთერთი ყველაზე პოპულარულია ადგილია საქართველოში. ყოველწლიურად მას უამრავი აქტიური დასვენების მოყვარული სტუმრობს.</p>\n\n<p>&nbsp;</p>\n', '<p>არშა მდებარეობს ჩრდილოეთ საქართველოში, დაბა სტეფანწმინდიდან 5კმ - ში,&nbsp; ზ.დ. 1500მ. მოსახლეობა 700 ადამიანი. სტეფანწმინდის რეგიონი ძალიან პოპულარულია სათავგადასავლო ტურიზმის მოყვარულთა შორის. აქ შეგიძლია დაკავდეთ, როგორც კლდეზე ცოცვით, ასევე სხვადასხვა აქტივობებით: ტრეკინგი, ველო ტური, ჯომარდობა, ალპინიზმი, პარაპლანი და უამრავი სხვა. ალპინიზმის მოყვარულებს ვურჩევთ წაუხის და მყინვარწვერის მასივებს. აგრეთვე 6 კმ - ში არის სხვა საცოცი რეგიონი ცდო, რომელსაც აგრეთვე შეგიძლიათ ეწვიოთ.</p>\n\n<p>მარშრუტების სირთულე 5A-დან 7A-მდე მერყეობს. აგრეთვე შეგიძლიათ მულტიპიჩის ცოცვაც. არის ბევრი კარგი ნაპრალი სადაც შეიძლება Tred climbing-ის ცოცვა.</p>\n\n<p>&nbsp;</p>\n', '<h2><strong>საცოც რეგიონში მარშრუტების კეთება(დაშლამბურება) ადგილობრივი მეკლდეურების გარეშე სასტიკად აკრძალულია&nbsp;!</strong></h2>\n\n<p><br />\nიმ შემთხვევაში, თუ აპირებთ მარშრუტების გაკეთებას ამ რეგიონში, გთხოვთ, აცნობოთ ადგილობრივ მეკლდეურებს თქვენი გეგმების შესახებ, წინააღმდებ შემთხვევაში თქვენი მაშრუტები შესაძლებელია დემონტაჟს დაექვემდებაროს.</p>\n\n<p><strong>აგრეთვე აკრძალულია Drytooling-ის ცოცვაც!</strong></p>\n\n<p><strong>გამოიყენეთ ჩაფხუტი თქვენი უსაფრთხოებისათვის !</strong></p>\n', '<p>არშაში მოსახვედრათ დაგჭირდებათ ყაზბეგისკენ მომავალი მუნიციპალური ტრანსპორტი და ჩამოხვიდეთ სტეფანწმინდამდე 5 კმ - ში. აქედან ფეხით მოგიწევთ 1,5 კმ - ის გავლა. შესაძლებელია ყაზბეგში ტაქსის ქირაობაც.</p>\n\n<p>საკუტარი მანქანით მგზავრობის შემთხვევაში, მანქანა სასურველია იყოს 4X4 -ზე ( იხილეთ რუკა).</p>\n\n<p>არსასი და სტეფანწმინდაში უამრავი სასტუმროა, რომელშიც თქვენ შეგიძლიათ გაჩერდეთ ( ფასები 30 ლარიდან). აგრეთვე შეგიძლიათ გაჩერდეთ არსას კლდეებთან არსებულ საკემპინგე ადგილას, კლდეებიდან 10 &ndash; 15 წუთის სავალზე.</p>\n', '<p>იმის გამო რომ საცოცი სექტორი მაღალმთიან რეგიონში მდებარეოს, აქ ცოცვა გვიან გაზაფხულზე , ზაფხულში და ადრე შემოდგომაზეა შესაძლებელი. ზამთარში აქ ცოცვა დაბალი ტემპერატურისა და უხვი ნალექის გამო შეუძლებელია. ზამტარში გირჩევთ გველეთის გაყინულ ჩანცქერზე ცოცვას.</p>\n', '<p>თქვენ გჭირდებათ</p>\n\n<ol>\n	<li>\n	<p>20 ექსპრესი</p>\n	</li>\n	<li>\n	<p>თოკი 60მ</p>\n	</li>\n	<li>\n	<p>დაცვის ქამარი</p>\n	</li>\n	<li>\n	<p>დაცვის სისტემა</p>\n	</li>\n	<li>\n	<p>ჩაფხუტი</p>\n	</li>\n	<li>\n	<p>საცოცი ფეხსაცმელი (სკალნი) &amp; მაგნეზიის ტომატა</p>\n	</li>\n</ol>\n', '<p>გუგა - Mail: gugadabrunda@gmail.com &nbsp; &nbsp;Tel: (+995) 557 300 700</p>\n\n<p>თემო - Mail: samsonadze.temo9@gmail.com</p>\n', NULL, NULL, '2021-03-02 17:51:02', '2023-06-29 21:26:09'),
(13, 'ka', 'ცოცვა შავი ზღვის სანაპიროზე', '<p>შავი ზღვის სანაპირო გთავაზობთ რამდენიმე სეკტორს ცოცვისთვის.</p>\n', '<p>თუ გსურთ შავი ზღვის სანაპიროზე კლდეზე ცოცვა, შავი ზღვის სანაპირო გთავაზობთ რამდენიმე შესაძლებლობას.</p>\n\n<div data-oembed-url=\"https://www.youtube.com/watch?v=5nnz6wFzn4s\">\n<div>\n<div style=\"left: 0; width: 100%; height: 0; position: relative; padding-bottom: 56.25%;\"><iframe allow=\"accelerometer *; clipboard-write *; encrypted-media *; gyroscope *; picture-in-picture *; web-share *;\" allowfullscreen=\"\" scrolling=\"no\" src=\"//if-cdn.com/DHzVnUA\" style=\"top: 0; left: 0; width: 100%; height: 100%; position: absolute; border: 0;\" tabindex=\"-1\"></iframe></div>\n</div>\n</div>\n\n<p>&nbsp;</p>\n', '<p>მარშრუტების უმრავლესობა დაშლამბურებულია საკმაოდ დიდი ხნის წინ, მაგრამ არის მარშრუტები რომლებიც გაკეთებულია დიდი ხნის წინ. მარშრუტების სირთულე მერყეობს&nbsp;&nbsp;5A-დან 7A-მდე.</p>\n', '<p>მანძილი დედაქალაქ თბილისიდან ბათუმამდე არის 380 კმ.&nbsp;თქვენ შეგიძლიათ ფრენა ბათუმის აეროპორტში. საცოცი სექტორიები მდებარეობს&nbsp;10 კმ-ში ბათუმიდან. აგრეთვე მიკროავტობუსით მისვლა მარტივად შეგიძლიათ.</p>\n\n<p><strong>Დასარჩენი ადგილი</strong><br />\nშეგიძლიათ დარჩეთ კერძო სახლებში ან სასტუმროებში ბათუმში, სარფში, გონიოში ან კვარიათში. ფასები იწყება 25-30 ლარიდან (დაახლოებით 10-15 ევრო) და იზრდება, სეზონის მიხედვით.</p>\n', '<p>თქვენ გაქვთ შესაძლებლობა ასვლა როგორც მზეზე, ისე ჩრდილში, თუმცა სიცხე ზაფხულის სეზონზე უნდა გაითვალისწინოთ. Საუკეთესო დრო<br />\nასვლა მაისი, ივნისი, სექტემბერი და ოქტომბერი.</p>\n', '<ol>\n	<li>10 ექსპრესი</li>\n	<li>თოკი 40მ</li>\n	<li>დაცვის ქამარი</li>\n	<li>დაცვის სისტემა</li>\n	<li>ჩაფხუტი</li>\n	<li>საცოცი ფეხსაცმელი (სკალნი) &amp; მაგნეზიის ტომატა</li>\n</ol>\n', '<p><strong>გუგა&nbsp;</strong>- Mail: gugadabrunda@gmail.com &nbsp; &nbsp;Tel: (+995) 557 300 700</p>\n\n<p><strong>თემო&nbsp;</strong>- Mail: samsonadze.temo9@gmail.com&nbsp; &nbsp; Tel; (+995) 598 45 70 48</p>\n', NULL, NULL, '2021-03-02 17:53:23', '2023-10-01 00:35:30'),
(14, 'ka', 'ცოცვა ბირთვისის კანიონში', '<p>ბირთვისის კანიონი მდებარეობს 40 კმ - ში თბილისიდან.&nbsp;საცოცო რეგიონში მარშრუტების უმეტესი ნაწილი ბოლდერინგია, მაგრამ არის სპორტული მარშრუტებიც.</p>\n', '<p>ბირთვისის კანიონი მდებარეობს 40 კმ - ში თბილისიდან. ზ.დ 1077 მ. აქ თქვენ შეძლებთ ცოცვით, კანიონინგით და ტრეკინგით დაკავებას. საცოცო რეგიონში მარშრუტების უმეტესი ნაწილი ბოლდერინგია, მაგრამ არის სპორტული მარშრუტებიც.</p>\n\n<p>საფეხმავლო გზა&nbsp;სოფელი ტბისი-დან, საიდანაც უნდა აუყვე&nbsp;ბილიკს. როცა დაინახავ ნიშნულას წარწერით&nbsp;&bdquo;ბირთვისის ბუნებრივი ძეგლი&ldquo;&nbsp;&ndash; ეს ნიშნავს რომ სწორ გზაზე დგახარ. სამწუხაროდ, ბილიკი არ არის მონიშნული და სჯობს&nbsp;Wikiloc-დან ჩამოტვირთო ტრეკი ან&nbsp;დაიხმარო &ndash; Maps.me.</p>\n', '<p>სპორტული მარშრუტების სირთულე 5A - დან 7C - მდე მერყეობს.&nbsp;ბოლდერინგიდ სირთულე V1-დან V7-მდე მერყეობს. არის პროეკტებიც. ამიტომაც აქ ცოცვა დამწყები და მოყვარული მცოცავებისთვის იდეალურია.</p>\n\n<h2><strong>საცოც რეგიონში მარშრუტების კეთება(დაშლამბურება) ადგილობრივი მეკლდეურების გარეშე სასტიკად აკრძალულია&nbsp;!</strong></h2>\n\n<p><br />\nიმ შემთხვევაში, თუ აპირებთ მარშრუტების გაკეთებას ამ რეგიონში, გთხოვთ, აცნობოთ ადგილობრივ მეკლდეურებს თქვენი გეგმების შესახებ, წინააღმდებ შემთხვევაში თქვენი მაშრუტები შესაძლებელია დემონტაჟს დაექვემდებაროს.</p>\n\n<p><strong>აგრეთვე აკრძალულია Drytooling-ის ცოცვაც!</strong></p>\n\n<p><strong>გამოიყენეთ ჩაფხუტი თქვენი უსაფრთხოებისათვის !</strong></p>\n', '<p>გზა საცოცი სექტორებისა და კანიონისკენ იწყება სოფელ ტბისიდან, სადაც თქვენ მოგიწევთ მანქანის დატოვება და 45 &ndash; 60 წთ. ფეხით სიარული ტყის ზონაში ( იხილეთ რუკა). მანქანა სასურველია 4X4 - ზე.</p>\n\n<p>რეგიონში გაჩერება მხოლოდ კარვითაა შესაძლებელი. საკარვე ადგილი საცოცი რეგიონების შუაში მდებარეობს და მარშრუტებამდე მისასვლელად მაქსიმუმ 5წთ - ია საჭირო. წყლის ავსება კემპინგიდან ზევით მიმავალ გზასთან არსებულ მდინარეზეა შესაძლებელი.</p>\n', '<p>საუკეთსეო დრო ბირთვისში საცოცად: გაზაფხული და შემოდგომაა. ზაფხულის პერიოდში კანიონში ძალიან ცხელა. ზამთრის პერიოდში უმეტესად საკმაოდ ცივა, მაგრამ ხშირია თბილი ამინდი, როდესაც შესაძლებელია ცოცვა. ბირთვისის კანიონში ცოცვა&nbsp;წლის ნებისმიერ დროს არის შესაძლებელი. თუმცა, ზაფხულში აქ საკმაოდ ცხელა და მიმდებარედ სასმელი წყალიც შრება. ძლიერი წვიმების შემდეგ სჯობს არ ეწვიო ამ ადგილს, რადგან ზოგიერთ ადგილას ძალიან ტალახიანია და წყლის დონეც მაღლა იწევს.</p>\n', '<p>სპორტული ცოცვისთვის დაგჭირდებათ:&nbsp;</p>\n\n<ol>\n	<li>50მ თოკი</li>\n	<li>10 ექსპრესი</li>\n	<li>დაცვის სისტემა და დაცვის ქამარი</li>\n	<li>ჩაფხუტი</li>\n</ol>\n\n<p>ბოლდერინგის საცოცად დაგჭირდებათ &#39;ქრეშპადები&#39; (<a href=\"https://images.app.goo.gl/X598rhKxzugftkZA8\">crash bad</a>)</p>\n', '<p>გუგა: <strong>Tel</strong>. (+995)&nbsp;557 300 700 <strong>Mail</strong>.&nbsp;gugadabrunda@gmail.com</p>\n\n<p>თემო: <strong>Mail</strong>. samsonadze.temo9@gmail.com</p>\n', NULL, NULL, '2021-03-02 17:55:39', '2023-06-29 21:24:04'),
(15, 'ka', 'ცოცვა \"თბილისის ბოტანიკურ ბაღში\"', '<p>თბილისის ბოტანიკური ბაღი მშვენიერი ადგილია დასვენებისთვის და დროის სასიამოვნოდ გასატარებლად. ასევე აქ შეგიძლიათ ცოცვითაც დაკავება</p>\n', '<p>თბილისის ბოტანიკური ბაღი მშვენიერი ადგილია დასვენებისთვის და დროის სასიამოვნოდ გასატარებლად. ასევე აქ შეგიძლიათ ცოცვითაც დაკავება. ამ საცოცო რეგიონს საკმაოდ დიდი ისტორია აქვს. ქართველი სპორცმენები აქ , წინა საუკუნის 70 - იანი წლებიდან დღემდე ვარჯიშობენ. ეს ადგილი მშვენიერია იმ ადამიანებისთვისაც, ვისაც არასდროს უცოცია ბუნებრივ კლდეზე.</p>\n', '<p>საბაგირო ზედა მარშრუტების გარდა, მარშრუტი No. 9, 10, 13, 14, 15 და 22 არის bolted. No1 და 2 პროექტებია, რომლებიც ჯერ კიდევ არ არის გასწორებული. ლოდის მარშრუტები არ არის მონიშნული კლდეებზე, მაგრამ ისინი ადვილად ამოიცნობენ და შეგიძლიათ იხილოთ აქ განთავსებულ ფოტოებზე.</p>\n\n<p>თქვენ ასევე გაქვთ შესაძლებლობა, რომ ასვლა 80 მ-ზე გაიაროთ ბოტანიკური ბაღის მთის კლდის მთის გავლით.</p>\n', '<p>აქ მოსახვედრად არსებობს ორი გზა.</p>\n\n<p>პირველი: ბოტანიკური ბაღის მთავარი შესასვლელიდან შემოსვლა შეუძლია ნებისმიერ მსურველს. გაითვალისწინეთ, რომ ცენყტრალური შემოსასვლელიდან შესვლა ფასიანია.</p>\n\n<p>მეორე: ნარიყალას ციხის მხრიდან არსებული შესასვლელიდან. ეს შესასვლელი გამოიყენება მხოლოდ ბაღის ადმინისტრაციისთვის და ქართველი სპორცმენებისთვის, ან მათთვის, ვინც მუდმივად ცოცავს ბოტანიკური ბაღში და ამ ადამიანზე ბაღის დაცვა ფლობს იმფორმაციას.</p>\n', '<p>ბოტანიკურ ბაღში ცოცვა წლის ნებისმერ დროსაა შესაძლებელი.ზაფხულის პერიოდში ცოცვა ყველაზე სასიამოვნოა საღამოს, როდესაც მზე აღარ ადგას კლდეებს ( 17:00 საათის შემდეგ).</p>\n\n<p>ზამთრის პერიოდში კი პირიქით, დილის საათებშ, 15:00 საატამდე, როდესაც მზე კლდეებს ათბობს და მასზე ცოცვა თბილი და სასიამოვნოა.</p>\n', '<p>საცოცად დაგჭირდებათ</p>\n\n<ol>\n	<li>60მ თოკი&nbsp;</li>\n	<li>8 ექსპრესი</li>\n	<li>ჩაფხუტი</li>\n	<li>დაცვის სისტემა და დაცვის ქამარი</li>\n</ol>\n', '<p>Guga - Mail: gugadabrunda@gmail.com &nbsp; &nbsp;Tel: (+995) 557 300 700</p>\n\n<p>Temo - Mail: samsonadze.temo9@gmail.com</p>\n', NULL, NULL, '2021-03-02 18:29:06', '2023-06-29 21:22:40'),
(16, 'ka', 'ცოცვა ნავარძეთში (ჭიათურა)', '<p>პატარა სოფელი &quot;ნავარძეთი&quot; მდებარეობს ჭიათურიდან 4,5 კმ-ში დაშორებით დიდი საფეხმავლო რეგიონის &quot;კაჩის&quot; მიმართულებით.</p>\n', '<p>პატარა სოფელი &rdquo;ნავარძეთი&rdquo; მდებარეობს ჭიათურიდან 4,5 კმ-ში დაშორებით დიდი საფეხმავლო რეგიონის &rdquo;კაჩის&rdquo; მიმართულებით.</p>\n\n<p>საფეხმავლო ხაზები ახალია და რეგიონი მიმდინარეობს, ამიტომ დღეისათვის მხოლოდ 7 ხაზი გვაქვს, მაგრამ მალე ჩვენი კლუბი &rdquo;ქართველი ალპინისტების კლუბი&rdquo; აპირებს ყველა შესაძლო ხაზის გადაკეტვას ამ რეგიონში.</p>\n\n<p>კლდის მაღალი 30/40 მ, მაგრამ ხაზების მაქსიმალური სიმაღლე 30 მ.</p>\n\n<p>შეაფასეთ მთავარი გზიდან დაახლოებით 200 მ.</p>\n\n<p>ასვლასთან ახლოს მდებარე მთავარ გზაზე შეგიძლიათ მიიღოთ წყაროს წყალი.</p>\n\n<p>მოგზაურობის დროს დარჩენისთვის შეგიძლიათ გამოიყენოთ ალპინისტები, რომლებიც ბანაკობენ კაჩში</p>\n', '<p>ამ რეგიონში მუდმივად ვამატებთ ახალ მარშრუტებს. მარშრუტები 5A- დან 8A- მდეა. აგრეთვე გვაქვს 3, 2 თოკიანი მარშრუტი (მულტიპიჩი).</p>\n\n<p><strong>უსაფრთხოების მიზნით, გამოიყენეთ ჩაფხეტი!</strong></p>\n\n<p><strong>საცოც რეგიონში მარშრუტების კეთება(დაშლამბურება) ადგილობრივი მეკლდეურების გარეშე სასტიკად აკრძალულია&nbsp;!</strong><br />\nიმ შემთხვევაში, თუ თქვენ აპირებთ მატშტუტების გაკეთებას ჭიათურაში აუცილებლად შეატყობინეთ ადგილობრივ მეკლდეურებს. წინააღმდეგ შემთხვევაში თქვენი მარშრუტი შესაძლებელია დემონტაჟს დაექვემდებაროს.</p>\n\n<p><strong>&quot;Drytooling&quot;-ის ცოცვა რეგიონში სასტიკად აკრძალულია!</strong></p>\n', '<p>ჭიათურიდან სამარშრუტო ტაქსია ნავარძეთში. ასევე შეგიძლიათ გამოიყენოთ სამარშრუტო ტაქსი კაცხამდე და გადმოხვიდეთ სოფელ ნავარძეთის მახლობლად</p>\n', '<p>ფართობის დიდი პლუსია ის, რომ კლდე ჩრდილშია 15:00 საათის შემდეგ, ასე რომ ზაფხულში შეგიძლიათ ჩრდილში ასვლა.</p>\n', '<ol>\n	<li>20 ექსპრესი</li>\n	<li>თოკი 60მ</li>\n	<li>დაცვის ქამარი</li>\n	<li>დაცვის სისტემა</li>\n	<li>ჩაფხუტი</li>\n	<li>საცოცი ფეხსაცმელი (სკალნი) &amp; მაგნეზიის ტომატა</li>\n</ol>\n', '<p>Guga - Mail: gugadabrunda@gmail.com &nbsp; &nbsp;Tel: (+995) 557 300 700</p>\n\n<p>Temo - Mail: samsonadze.temo9@gmail.com&nbsp; &nbsp; Tel; (+995) 598 45 70 48</p>\n', NULL, NULL, '2021-03-02 18:31:44', '2023-06-29 21:20:22'),
(17, 'ka', 'ცოცვა ცდოში', '<p>ცდო - პატარა სოფელია ყაზბეგთან&nbsp;ეს არის ულამაზესი ადგილი. მშვენიერი ადგილია სპორტული და მრავალსაფეხურიანი ასვლისთვის.</p>\n', '<p>ყაზბეგში მთავარი ყურადღება მთის ტურიზმს წარმოადგენს (მწვერვალი 5047 მ), თუმცა ასვლაში შესაბამისი ინფრასტრუქტურის შექმნა მიმდინარეობს. სოფელი ცდო კაზბეკიდან 7 კმ-ზე მდებარეობს.</p>\n', '<p>ამ რეგიონში მუდმივად ვამატებთ ახალ მარშრუტებს. მარშრუტები 5A- დან 8A- მდეა. აგრეთვე გვაქვს 3, 2 თოკიანი მარშრუტი (მულტიპიჩი).</p>\n\n<p><strong>უსაფრთხოების მიზნით, გამოიყენეთ ჩაფხეტი!</strong></p>\n\n<p><strong>საცოც რეგიონში მარშრუტების კეთება(დაშლამბურება) ადგილობრივი მეკლდეურების გარეშე სასტიკად აკრძალულია&nbsp;!</strong><br />\nიმ შემთხვევაში, თუ თქვენ აპირებთ მატშტუტების გაკეთებას ჭიათურაში აუცილებლად შეატყობინეთ ადგილობრივ მეკლდეურებს. წინააღმდეგ შემთხვევაში თქვენი მარშრუტი შესაძლებელია დემონტაჟს დაექვემდებაროს.</p>\n\n<p><strong>&quot;Drytooling&quot;-ის ცოცვა რეგიონში სასტიკად აკრძალულია!</strong></p>\n', '', '<p>ივნისი-ოქტომბერი, მაგრამ თუ კარგი ამინდია შესაძლებელია ზამთარშიც ასვლა.</p>\n', '<ol>\n	<li>20 ექსპრესი</li>\n	<li>თოკი 60მ</li>\n	<li>დაცვის ქამარი</li>\n	<li>დაცვის სისტემა</li>\n	<li>ჩაფხუტი</li>\n	<li>საცოცი ფეხსაცმელი (სკალნი) &amp; მაგნეზიის ტომატა</li>\n</ol>\n', '<p>Guga - Mail: gugadabrunda@gmail.com &nbsp; &nbsp;Tel: (+995) 557 300 700</p>\n\n<p>Temo - Mail: samsonadze.temo9@gmail.com&nbsp; &nbsp; Tel; (+995) 598 45 70 48</p>\n', NULL, NULL, '2021-03-02 18:36:35', '2023-06-29 20:22:28'),
(18, 'ka', 'ცოცვა ჭაუხის ბანაკში', '<p>ალპინისტური მარშრუტების გარდა თქვენ შეგიძლიათ იცოცოთ სპორტული მარშრუტები ჭაუხის ბანაკში</p>\n', '<p>ჭაუხის მთები - ხევსურეთის ერთერთი მთის მასივია. უახლოესი სოფელი ჯუთაა. კლდოვანი მთები აგებულია მწვანე ალპური ბორცვებისგან. საბაზო ბანაკიდან ალპინისტური მარშრუტების ძირამდე&nbsp;1-2.5 საათში ადიხართ. აქვთ ყველანაირი მარშრუტი, რომელიც საინტერესოა როგორც დამწყებთათვის, ასევე პროფესიონალებისთვის. (ალპინიზმის შესახებ ინფორმაციისთვის <a href=\"http://climbing.ge/mountaineering\">იხილეთ აქ</a>).</p>\n\n<p>ალპური მარშრუტების გარდა, საბაზო ბანაკში&nbsp;შეგიძლიათ იცოცოთ სპორტული მარშრუტებიც.</p>\n', '<p>აქ არის მოკლე მარშრუტი (მაქსიმუმ 15 მ), არის რამდენიმე მარშრუტი ქვედა დაცვით და რამდენიმე ზედა დაცვითაც. ეს მარშრუტი ძირითადად დამწყებ ალპინისტებისთვისაა განკუთვნილი რათა მათ ისწავლონ ცოცვის&nbsp;ტექნიკური საფუძვლები, მაგრამ ასვლა კარგია 3-4 საათიანი სარელაქსაციო&nbsp;ცოცვისთვის.&nbsp;</p>\n', '<p>საპეხმავლო ბილიკი, რომელიც მიემართება ჭაუხის მწვერვალის მასივში,&nbsp;იწყება სოფელ ჯჟუტაში (2100 მ). სოფლის გავლის შემდეგ და მოხვდით ზეტას საბანაკეზე. (ბანაკში შეგიძლიათ მიიღოთ შხაპი, იკვებოთ და ღამე გაატაროთ, მაგრამ ალპინისტური ასცლისთვის საჭიროა უფრო მაღლა ასვლა) ბანაკის შემდენ კვლავ მივუყვებით ბილიკს გზად რამდენჯერმე გვიწევს ბილიკის გადაკვეთა.&nbsp;საპეხმავლო ბილიკი&nbsp;კარგად არის მონიშნული. ბალახოვანი პლატოებისა და ფერდობების გავლის შემდეგ თქვენ მოხვდებით მაღალ პლატოზე (cemp-1 2250 მ), მორენას ძირში აქ არის ჭაუხის მთავარი საბანაკე</p>\n', '<p>საუკეთესო პერიობი აქ საცოცად ხაპხულია. მაგრამ შესაძლებელია ცოცვა გაზაფხულის ბოლოს და შემოდგომის დასაწყისში.</p>\n', '<p>საცოცად დადჭირდებათ:</p>\n\n<ol>\n	<li>6 ექსპრესი</li>\n	<li>40m თოკი</li>\n	<li>დაცვის ქამარი</li>\n	<li>დაცვის სისტემა</li>\n	<li>ჩაოფხუტი&nbsp;(გირჩევთ ჩაფხუტის გამოყენებას თქვენივე უსაფრთხოებისთვის)</li>\n	<li>საცოცი ფეხსაცმელი (სკალნები) &amp; მაგნეზიის ტომარა</li>\n</ol>\n', '<p>მეტუ ინფპრმაციისთვის დაგვოკავშირდით.</p>\n\n<p>თემო - Mail: samsonadze.temo9@gmail.com&nbsp; &nbsp; Tel; (+995) 598 45 70 48</p>\n', NULL, NULL, '2021-03-02 18:39:31', '2023-06-29 20:21:05'),
(19, 'ka', 'Bouldering Club Tbilisi', '<p>ალპინიზმის ფედერაციის დაქვემდებარებაში არსებული ვერის, ბოლდერინგის დარბაზი.</p>\n', '<p>ვერის საცოცი დარბაზი, არის ალპინიზმის ფედერაციის დაქვემდებარებში არსებული &nbsp;ბოლდერინგის დარბაზი. სიმაღლე 4,5მ. სხვადასხვა სირთულის მარშრუტებით, როგორც დამწყებთათვის, ასევე პროფესიონალი მცოცავებისთვის.</p>\n\n<p>ერთ თვიანი აბონიმენტის ღირებულება - 60 ლარი</p>\n\n<p>ერთჯერადი შემოსვლა - 10 ლარი.</p>\n\n<p>შესაძლებელია ერთჯერადად (1,5 საათი - 20 ლარი), ასევე ინდივიდუალური ვარჯიშებისთვის მწვრთნელის აყვანა.</p>\n\n<p>ასევე არის&nbsp;მწვრთნელი, რომელიც ამეცადინებს&nbsp;შეზღუდული შესაძლებლობის მქონე ბავშვებს და მოზარდებს ცოცვასა და იოგაში</p>\n\n<p>დარბაზი მუაშაობს 11:00 - 23:00 საათამდე, ყოველ დღე.</p>\n\n<p>ქირავდება:&nbsp;<br />\nსაცოცი კეტები -5 ლ<br />\nმაგნეზია - 5 ლ<br />\nტომარა - 5 ლ</p>\n\n<p>გაყიდვაშია:<br />\nმაგნეზია 100გრ &nbsp;- 20 ₾<br />\nმაგნეზია 200გრ - 37 ₾<br />\nმაგნეზიის ტომარა - 40 ₾</p>\n', NULL, '<p>დარბაზი მდებარეობს ჭადრაკის სასახლის შენობაში, პირველ სართულზე. შესასვლელი უკანა ( პარკინგის) მხრიდან.</p>\n\n<p>მისამართი:&nbsp;თბილისი, მერაბ კოსტავას 37ა.</p>\n\n<p>&nbsp;</p>\n', NULL, '', '<p>ოთო -&nbsp;(+995)&nbsp;514 51 11 77</p>\n\n<p>თემო - (+995) 598 45 70 48</p>\n', NULL, NULL, '2021-03-02 18:49:57', '2023-06-29 20:08:51'),
(20, 'ka', 'S.K.Lucky', '<p>საცოცი დარბაზი s.k.lucky საქართველოში ერთ - ერთი საუკეთესო დარბაზია. აქ თქვენ შეგიძლიათ, როგორც ბოლდერინგის, ასევე სპორტული მარშრუტების ცოცვა</p>\n', '<p>საცოცი დარბაზი s.k.lucky საქართველოში ერთ - ერთი საუკეთესო დარბაზია. აქ თქვენ შეგიძლიათ, როგორც ბოლდერინგის, ასევე სპორტული მარშრუტების ცოცვა. სპორტული ცოცვის კედლის სიმაღლე 12მ არის, ბოლდერინგის კედლის - 4მ.</p>\n\n<p>აქ თქვენ დაგხვდებიან ინსტრუქტორები, რომლებიც დაგეხმარებიან აგირჩიონ გამოცდილებიდან გამომდინარე სხვადასხვა სირთულის მარშრუტები და დაგაზღვევენ, თუ თქვენ საცოცად მარტო ხართ მისული და მეწყვილე არ გყავთ.</p>\n', NULL, '<p>დარბაზი მდებარეობს უნივერსიტეტის ქ. N 6, სპორტკომპლექტ არენა ორის მე -2 - რე სართულზე.</p>\n\n<p>დარბაზში მისვლა შესაძლებელია, როგორც საქალაქო ტრანსპორტით, ასევე ტაქსით და ტქვენი საკუთარი მანქანით ( იხილეთ რუკა).</p>\n', NULL, '<p>სპორტული დარბაზი აღჭურვილია ყველა საჭირო ინვენტარითა და აღჭურვილობით, რათა უზრუნველყოს თქვენი კომფორტი და სიამოვნება ვარჯიშის დროს. გთხოვთ გაითვალისწინოთ, რომ აღჭურვილობის ქირაობა ფასიანია.</p>\n', '<p>Tel: (+995) 574 80 95 02</p>\n', NULL, NULL, '2021-03-02 18:52:39', '2023-11-20 01:38:14'),
(21, 'ka', 'ვაკის საცოცი დარბაზი', '<p>სპორტული და სწრაფი ცოცვის დარბაზი თბილისში</p>\n', '<p>&quot;ვაკის საცოცი დარბაზი&quot; თბილისში მდებარე &quot;საქაღტველოს მეკლდეურობის ეროვნული ფედერაციის&quot; დაქვებდებარებაში არსებული ერთადერთი დარბაზია. დარბაზში შეძლებa როგორც სწრაფი ცოცვა ასევე რტული და ბოლდერინგის ცოცვაც. დარბაზში მუდამ დაგხვდებათ ინსტრუქტორი რომელიც ყოველთვის შეძლებს დახმარებას.</p>\n\n<p>&nbsp;</p>\n\n<p>სამუშაო საათები</p>\n\n<table border=\"1\" cellpadding=\"1\" cellspacing=\"1\" style=\"width:100%\">\n	<tbody>\n		<tr>\n			<td>Manday</td>\n			<td>13.00 - 22.00</td>\n		</tr>\n		<tr>\n			<td>Tuesday&nbsp;</td>\n			<td>13.00 - 22.00</td>\n		</tr>\n		<tr>\n			<td>Wednesday&nbsp;</td>\n			<td>13.00 - 22.00</td>\n		</tr>\n		<tr>\n			<td>Thursday&nbsp;</td>\n			<td>13.00 - 22.00</td>\n		</tr>\n		<tr>\n			<td>Friday&nbsp;</td>\n			<td>13.00 - 22.00</td>\n		</tr>\n		<tr>\n			<td>Saturday&nbsp;</td>\n			<td>13.00 - 22.00</td>\n		</tr>\n		<tr>\n			<td>Sunday&nbsp;</td>\n			<td>13.00 - 22.00&nbsp;</td>\n		</tr>\n	</tbody>\n</table>\n', NULL, '<p>ჭავჭავაძის გამზ. 49. ადვილად მისადგომი ავტობუსით. (ვაკის საცურაო აუზის წინ)</p>\n', NULL, '<p>სპორტული დარბაზი აღჭურვილია ყველა საჭირო ინვენტარითა და აღჭურვილობით, რათა უზრუნველყოს თქვენი კომფორტი და სიამოვნება ვარჯიშის დროს. გთხოვთ გაითვალისწინოთ, რომ აღჭურვილობის ქირაობა ფასიანია.</p>\n', '', NULL, NULL, '2021-03-02 18:54:34', '2025-05-19 23:09:34'),
(22, 'ka', 'ყინულზე ცოცვა გველეთში', '<p>გველეთში ყინულზე ცოცვა ერთ-ერთი საუკეთესო ადგილია ამ საქმიანობისთვის.</p>\n', '<p>გველეთში ჩანჩქერი ერთერთი საუკეთესო ადგილია ყინულზე საცოცად საქართველოში</p>\n\n<div data-oembed-url=\"https://www.youtube.com/watch?v=_wUtCO6z1Xo\">\n<div>\n<div style=\"left: 0; width: 100%; height: 0; position: relative; padding-bottom: 56.25%;\"><iframe allow=\"accelerometer *; clipboard-write *; encrypted-media *; gyroscope *; picture-in-picture *; web-share *;\" allowfullscreen=\"\" scrolling=\"no\" src=\"//if-cdn.com/V9XYJze\" style=\"top: 0; left: 0; width: 100%; height: 100%; position: absolute; border: 0;\" tabindex=\"-1\"></iframe></div>\n</div>\n</div>\n\n<p>&nbsp;</p>\n', '', '<p>გველსთში მოსახვედრად სტეფანწმინდიდან უნდა იმოძრაოთ დარიალის ხეობიაში რუZეთის საზღვრის მიმართულებით. 12კილომეტრში შეგხვდებათ სოფლის სანიშნე და მარცხენამხარეს სოფლის გადასახვევი.</p>\n', '<p>ასვლისთვის საუკეთესო დროა იანვარი, თებერვალი და მარტის დასაწყისი. სასურველია ნახოთ ამინდის პროგნოზი სექტორში ჩასვლამდე.</p>\n', '<ol>\n	<li>თოკი 60 м (2 ც) ან&nbsp;120 м (1 ც)</li>\n	<li>წერაყინი (ყინულის ინსტრუმენტი)</li>\n	<li>წრიაპი</li>\n	<li>დაცვის სისტემა</li>\n	<li>კარაბინი (4-5 ცალი.)</li>\n	<li>დაცვის ქამარი</li>\n	<li>ჩაფხუტი</li>\n</ol>\n\n<p>ქვედათი ცოცვისთვის</p>\n\n<ol>\n	<li>7-8 ყინულის ბური და&nbsp;ექსპრესი</li>\n</ol>\n', '<p><strong>Guga -</strong>&nbsp;Mail: gugadabrunda@gmail.com&nbsp; &nbsp; Tel: (+995) 557 300 700.</p>\n\n<p><strong>Temo</strong>&nbsp;- Mail; samsonadze.temo9@gmail.com&nbsp; &nbsp; &nbsp;Tel: (+995) 598 45 70 48</p>\n', NULL, NULL, '2021-03-19 20:23:10', '2023-08-08 22:47:57'),
(23, 'ka', 'ყინულზე ცოცვა ატენის ხეობაში', '<p>ყინულზე ცოცვა საქართველოში საკმაოდ დამკვიდრებული სპორტული დისციპლინაა. ვარჯიშის ერთ-ერთი საუკეთესო ადგილი ატენის ხეობაშია, სოფელ ბიისთან ახლოს.</p>\n', '<p>ყინულზე ცოცვა საქართველოში საკმაოდ დამკვიდრებული სპორტული დისციპლინაა. ვარჯიშის ერთ-ერთი საუკეთესო ადგილი ატენის ხეობაშია, სოფელ ბიისთან ახლოს.</p>\n\n<div data-oembed-url=\"https://www.youtube.com/watch?v=DYw7XP9Iwv4\">\n<div>\n<div style=\"left: 0; width: 100%; height: 0; position: relative; padding-bottom: 56.25%;\"><iframe allow=\"accelerometer *; clipboard-write *; encrypted-media *; gyroscope *; picture-in-picture *; web-share *;\" allowfullscreen=\"\" scrolling=\"no\" src=\"//if-cdn.com/dxgq6p1\" style=\"top: 0; left: 0; width: 100%; height: 100%; position: absolute; border: 0;\" tabindex=\"-1\"></iframe></div>\n</div>\n</div>\n\n<p>&nbsp;</p>\n', '', '<p>დაგჭირდებათ თბილისიდან ბიისამდე დაახლოებით 1,5 საათი, მანძილი 130 კმ. მანქანის მთავარი მარშრუტის შემდეგ მარცხნივ შეუხვიეთ და შედიხართ სოფელში. გირჩევთ იმოგზაუროთ 4 &times; 4 მანქანით, რადგან ამ შემთხვევაში თქვენ შეძლებთ დამატებით 300 მეტრში ჩასვლას სოფელში, ქუჩის ცუდი პირობების გამო მთავარ გზაზე გაჩერებული მანქანის დატოვების გარეშე.</p>\n\n<p>თქვენი მანქანის გაჩერებასთან ერთად, 20 წუთის განმავლობაში უნდა იაროთ მდინარის გასწვრივ, სანამ არ მიაღწევთ გაყინული ჩანჩქერი, რომლის სიმაღლეა 60 მ, ხოლო სიგანე 5-15 მ.</p>\n\n<p>ახლომდებარე ქალაქები: 41 &deg; 51&#39;4 &quot;N 43 &deg; 59&#39;6&quot; E</p>\n\n<p>Დასარჩენი ადგილი<br />\nყინულის დაცემის ბოლოში ადგილი ღირსეულად დასაბანაკებლად - მაგრამ გაითვალისწინეთ, რომ ღამით ნამდვილად ცივდება!</p>\n', '<p>ეს დამოკიდებულია წლის ტემპერატურაზე, თებერვალი საუკეთესო თვეა ყინულზე ასვლისთვის.</p>\n', '<ol>\n	<li>თოკი 60 м (2 ც) ან&nbsp;120 м (1 ც)</li>\n	<li>წერაყინი (ყინულის ინსტრუმენტი)</li>\n	<li>წრიაპი</li>\n	<li>დაცვის სისტემა</li>\n	<li>კარაბინი (4-5 шт.)</li>\n	<li>დაცვის ქამარი</li>\n	<li>ჩაფხუტი</li>\n</ol>\n\n<p>ქვედათი ცოცვისთვის</p>\n\n<ol>\n	<li>7-8 ყინულის ბური და&nbsp;ექსპრესი</li>\n</ol>\n', '<p><strong>Guga -</strong>&nbsp;Mail: gugadabrunda@gmail.com&nbsp; &nbsp; Tel: (+995) 557 300 700.</p>\n\n<p><strong>Temo</strong>&nbsp;- Mail; samsonadze.temo9@gmail.com&nbsp; &nbsp; &nbsp;Tel: (+995) 598 45 70 48</p>\n', NULL, NULL, '2021-03-19 20:47:03', '2023-08-08 22:49:54'),
(24, 'ka', 'სლექლაინი საქართველოში', '<p>საქართველოში slackline არ არის განვითარებული დისციპლინა, მაგრამ ის ვითარდება.</p>\n', '<p>Slacklining - ეხება სიარულის ან დაბალანსების აქტს ბრტყელი ქსელის შეჩერებული სიგრძის გასწვრივ, რომელიც დაძაბულია ორ წამყვანს შორის. Slacklining მსგავსია თოკზე სიარული და მჭიდრო სიარული. Slacklines განსხვავდება მჭიდრო მავთულხლართებისა და გამკაცრებისგან გამოყენებული მასალის ტიპით და გამოყენების დროს გამოყენებული დაძაბულობით. სლაკლაინები მნიშვნელოვნად ნაკლებია ვიდრე მჭიდები და მავთულები, რათა შეიქმნას დინამიური ხაზი, რომელიც გრძელი და ვიწრო ბატუტივით გაიჭიმება და გადახტება. დაძაბულობის რეგულირება შესაძლებელია მომხმარებლის შესაბამისად, და სხვადასხვა გარემოში შეიძლება გამოყენებულ იქნას სხვადასხვა ქსელის გამოყენება. Slacklining პოპულარულია მისი სიმარტივისა და მრავალფეროვნების გამო; ის შეიძლება გამოყენებულ იქნას სხვადასხვა გარემოში, რამდენიმე კომპონენტით.</p>\n\n<p>სლაკლინი საქართველოში - საქართველოში slackline არ არის განვითარებული დისციპლინა, მაგრამ ის ვითარდება. უკვე მთელ საქართველოში არის რამდენიმე მაღალი ხაზის რეგიონი (მათგან ყველაზე პოპულარული რაჭაში არის &quot;9 ჯვარი&quot;). ვებგვერდზე slacklinegeorgia.wordpress.com შეგიძლიათ იხილოთ დეტალური ინფორმაცია საქართველოს ყველა რეგიონის შესახებ.</p>\n\n<p>როგორ ვიპოვოთ?<br />\nთბილისში, ყველაზე ხშირად ვიკრიბებით &#39;ვაკის პარკში&#39;, &#39;თბილისის ბოტანიკურ ბაღში&#39; (კლდეზე ასვლის ადგილას) და &#39;ლისის ტბაში&#39;. შეხვედრის ადგილის შესახებ ერთმანეთს ვაცნობთ facebook- ის გვერდზე &#39;Sleckline Georgia&#39;.</p>\n\n<p>ბათუმში, ყველაზე ხშირად ვიკრიბებით &#39;6 მაისის პარკში&#39; და &#39;თემ კაფე ბართან&#39;. შეხვედრის ადგილის შესახებ ერთმანეთს ვაცნობთ facebook- ის გვერდზე &#39;Sleckline ბათუმი&#39;.</p>\n\n<p>ქუთაისში ყველაზე ხშირად ვიკრიბებით &#39;ჩომაში&#39; (კლდეზე ასვლის ადგილას). ადგილობრივ ბიჭებს თემო ქუთდიანს შეგიძლიათ დაუკავშირდეთ facebook- ზე.</p>\n\n<p>ინფორმაცია:<br />\nფეისბუქის გვერდი: slackline Georgia</p>\n\n<p>თბილისი -&gt; ფოსტა: Iraklisixarulidze@gmail.com; Facebook: მტვრიანი ჩექმები.</p>\n\n<p>ბათუმი -&gt; ფეისბუქი: ერეკლე ჩიკვაიძე.</p>\n\n<p>ქუთაისი -&gt; ფეისბუქი: თემო ქუთდიანი</p>\n', NULL, NULL, NULL, NULL, '<p><strong>Guga -</strong>&nbsp;Mail: gugadabrunda@gmail.com&nbsp; &nbsp; Tel: (+995) 557 300 700.</p>\n\n<p><strong>Temo</strong>&nbsp;- Mail; samsonadze.temo9@gmail.com&nbsp; &nbsp; &nbsp;Tel: (+995) 598 45 70 48</p>\n', NULL, NULL, '2021-03-19 21:01:44', '2024-04-15 20:34:50'),
(25, 'ka', 'ჯავახიშვილის კლასიკური მარშრუტი (3A)', '<p>AD, M1, 300M, 5A (3A - RUS)</p>\n', '<p>P0 მარშრუტი იწყება ლეონიძე - ჯავახიშვილის კულვარიდან. კულვარიდან ავდივართ უნაგირამდე, სადაც გვხვდება დიდი ქვა. ქვის მარცხნივ ვპოულობთ ქიმზე აწყობილ სადგურს.</p>\n', '<table border=\"1\" cellpadding=\"1\" cellspacing=\"1\" style=\"height:106px; width:100%\">\n	<tbody>\n		<tr>\n			<td>Pitch</td>\n			<td>Grade</td>\n			<td>Height</td>\n		</tr>\n		<tr>\n			<td>P0</td>\n			<td>M1</td>\n			<td>100m</td>\n		</tr>\n		<tr>\n			<td>P1</td>\n			<td>5A</td>\n			<td>25m</td>\n		</tr>\n		<tr>\n			<td>P2</td>\n			<td>5A</td>\n			<td>50m</td>\n		</tr>\n		<tr>\n			<td>P3</td>\n			<td>4</td>\n			<td>50m</td>\n		</tr>\n	</tbody>\n</table>\n\n<p>P1 - სადგურიდან არის ასვლის 2 ვარიანტი. პირველი - სადგურის მარცხნივ არსებული ბუხარით გავდივართ ტაროზე, სადაც გვხვდება პალოებით აწყობილი სადგური.</p>\n\n<p>მეორე - სადგურის ტავზე არსებული ნაპრალი ავდივართ თაროზე.</p>\n\n<p>P2 - სადგურიდან გავდივართ მარჯვნივ. დახრილი ნაპრალით გავდივართ ბრტყელ გადაწვენილ კლდეზე. კედელზე შესაძლებელია ვიპოვოთ პალოები. ვაგრძლებეთ ცოცვას და ვპოულობთ სამ პალოზე აწყობილ სადგურს.</p>\n\n<p>P3 - სადგურიდან ვაგრძელებთ ცოცვას და გავდივართ თაროზე. ტაროზე ვპოულობთ ქიმზე აწყობილ სადგურს.</p>\n\n<p>Top - სადგურიდან მარცხნივ მივდივართ ბილიკით, რომელსაც გავყავართ მწვერვალ ჯავახიშვილზე.</p>\n\n<p><br />\n&nbsp;</p>\n\n<p>ჯავახიშვილის კლასიკური მარშრუტი, ყველაზე მარტივი გზაა მა მთის მწვერვალზე მოსახვედრად. მარშრუტი საკმაოდ მარტივია, ამიტომ მისი ცოცვა დამწყები ალპინისტისთვის იქნება ყველაზე კარგი. მათთვის ვინც ახლა იწყებს მთაში სიარულს. მარშრუტი სულ სამი თოკისგან შედგება, რომელთა სირთულე 5A -ს (F) არ აღემატება.</p>\n\n<p>პირველი საბანაკედან კულვარის ძირამდე მისასვლელად 2:00 &ndash; 2,5 საათი დაგჭირდებათ.</p>\n\n<p>მეორე საბანაკედან 00: 45 &ndash; 1,5 საათი.</p>\n\n<p>საშუალო დრო კულვარიდან წვერამდე 4- 5 საათი.</p>\n', '<p>.</p>', '<p>საუკეთესო დრო მარშრუტის გასავლელად ზაფხულის პერიოდია. ამ დროს ნალექების რაოდენობა ყველაზე მცირეა და ტემპერატურა ყველაზე მაღალი (12-დან - 0-გრადუსამდე), მაგრამ შესაძლებელია ზამთრის პერიოდში მარშრუტზე გასვლა. გასითვალისწინეთ: ზამთარში კულუარში ბევრად მეტი თოვლია და ხშირია ზვავები. ტემპერატურა -15-დან -25-თ გრადუსამდე მერყეობს.</p>', '', '<p>თემო - samsonadze.temo9@gmail.com</p>\n', NULL, NULL, '2021-10-03 07:01:13', '2024-05-06 01:48:07'),
(26, 'ka', 'ცოცვა ბორჯომის მუნიციპალიტეტში', '<p>ბორჯომი მდებარეობს აღმოსავლეთ საქართველოში&nbsp;აქ შეგიძლია დაკავდეთ, როგორც კლდეზე ცოცვით, ასევე სხვადასხვა აქტივობებით.</p>\n', '<p>ბორჯომი მდებარეობს აღმოსავლეთ საქართველოში,&nbsp; ზ.დ. 900მ. მოსახლეობა ~10000&nbsp;ადამიანი. ბორჯომის მუნიციპალიტეტი&nbsp;ძალიან პოპულარულია სათავგადასავლო ტურიზმის მოყვარულთა შორის. აქ შეგიძლია დაკავდეთ, როგორც კლდეზე ცოცვით, ასევე სხვადასხვა აქტივობებით: ტრეკინგი, ველო ტური, ჯომარდობა, და სხვა.</p>\n\n<p>დაბა ბორჯომიდან 10&nbsp;კმ - ში სოფელ ტიმოთესუბანში&nbsp;არის საცოცი რეგიონი. რეგიონის ისტორია წინა საუკუნის 80-იან წლებში იწყებ მაგრამ ბოლო 20-25 წელი&nbsp;რეგიონში არანაირი აქტიობა არ ჩატარებულა.&nbsp;2021წლის ზამთარში დაიწყო რეგიონის რეაბილიტაცია. დასაწყისისთვის გაკეთდა მხოლოდ 1 სექტორი და 8 მარშრუტი მაგრამ უკვე 2022 წლის ზაფხულისთვის იგეგმება მეტი მარშრუტის გაკეთება.</p>\n\n<p>&nbsp;</p>\n\n<p><a href=\"https://www.amazon.com/PETZL-Mambo-10-1mm-Climbing-Turquoise/dp/B08PW16GBQ?crid=2PB785LFNRL1W&amp;keywords=petzl%2Bclimbing%2Brope&amp;qid=1698877575&amp;sprefix=petzlclimbing%2Brope%2Caps%2C206&amp;sr=8-1-spons&amp;sp_csd=d2lkZ2V0TmFtZT1zcF9hdGY&amp;th=1&amp;psc=1&amp;linkCode=li2&amp;tag=climbingge09-20&amp;linkId=1b4a794b071ac8049b3c306a03f54623&amp;language=en_US&amp;ref_=as_li_ss_il\" target=\"_blank\"><img src=\"//ws-na.amazon-adsystem.com/widgets/q?_encoding=UTF8&amp;ASIN=B08PW16GBQ&amp;Format=_SL160_&amp;ID=AsinImage&amp;MarketPlace=US&amp;ServiceVersion=20070822&amp;WS=1&amp;tag=climbingge09-20&amp;language=en_US\" /></a><img alt=\"\" src=\"https://ir-na.amazon-adsystem.com/e/ir?t=climbingge09-20&amp;language=en_US&amp;l=li2&amp;o=1&amp;a=B08PW16GBQ\" style=\"height:1px; margin:0px !important; width:1px\" /></p>\n', '<p>2021წლის ზამთარში დაიწყო რეგიონის რეაბილიტაცია. დასაწყისისთვის გაკეთდა მხოლოდ 1 სექტორი და 8 მარშრუტი მაგრამ უკვე 2022 წლის ზაფხულისთვის იგეგმება მეტი მარშრუტის გაკეთება.</p>\n\n<p><strong>ქანი</strong> - ბაზალტი</p>\n\n<h3><strong>საცოც რეგიონში მარშრუტების კეთება(დაშლამბურება) ადგილობრივი მეკლდეურების გარეშე სასტიკად აკრძალულია&nbsp;!</strong></h3>\n\n<h3><br />\nიმ შემთხვევაში, თუ აპირებთ მარშრუტების გაკეთებას ამ რეგიონში, გთხოვთ, აცნობოთ ადგილობრივ მეკლდეურებს თქვენი გეგმების შესახებ, წინააღმდებ შემთხვევაში თქვენი მაშრუტები შესაძლებელია დემონტაჟს დაექვემდებაროს.</h3>\n\n<p><strong>აგრეთვე აკრძალულია Drytooling-ის ცოცვაც!</strong></p>\n\n<p><strong>გამოიყენეთ ჩაფხუტი თქვენი უსაფრთხოებისათვის !</strong></p>\n\n<h3><strong>საცოც რეგიონში მარშრუტების კეთება(დაშლამბურება) ადგილობრივი მეკლდეურების გარეშე სასტიკად აკრძალულია&nbsp;!</strong><br />\nიმ შემთხვევაში, თუ აპირებთ მარშრუტების გაკეთებას ამ რეგიონში, გთხოვთ, აცნობოთ ადგილობრივ მეკლდეურებს თქვენი გეგმების შესახებ, წინააღმდებ შემთხვევაში თქვენი მაშრუტები შესაძლებელია დემონტაჟს დაექვემდებაროს.</h3>\n\n<p><strong>აგრეთვე აკრძალულია Drytooling-ის ცოცვაც!</strong></p>\n\n<p><strong>გამოიყენეთ ჩაფხუტი თქვენი უსაფრთხოებისათვის !</strong></p>\n', '<p>დაბა ბორჯომიდან მივდივართ ბაკურიანის მიმართულებით 9კმ-ში შეგვხვდება სოფელი წაღვერი. წაღვერის ცენტრალური მოედნიდან ვუხვევთ მარცხნივ და მივდივართ 700-1000მ-ს&nbsp;სოფელ ტიმოთეს უბნისკენ. მარჯვენა მხარეს შეგვხდება წყარო ( და წყაროს ნიშანი). წყაროსთან ვპოულიბთ მდინარეზე გადასასვლელ ხიდს გადავდივართ ხიდზე და ვხვდებით კლდესთან. აქვე შესაძლებელია მანქანის გაჩერება. დეტალური ინფორმაციისთვის იხილეთ რუკა.</p>\n', '<p>საუკეთესო დრო რეგიონში საცოცად: გვიანი გაზაფხოლი,&nbsp;ზაფხული შემოდგომის შუამდე. კლდე დღის განმავლობაში უმეტესად ჩრდილშია აიტომაც დღის განმავლობაში უმეტესად ცივა. რეგიონში მისვლამდე გირჩევთ გადაამოწმოთ ამინდი.</p>\n', '<ol>\n	<li>14 ექსპრესი</li>\n	<li>თოკი 60მ</li>\n	<li>დაცვის ქამარი</li>\n	<li>დაცვის სისტემა</li>\n	<li>ჩაფხუტი</li>\n	<li>საცოცი ფეხსაცმელი (სკალნი) &amp; მაგნეზიის ტომატა</li>\n</ol>\n', '<p>თემო - Tel - (+995) 598457048.&nbsp;Email - samsonadze.temo9@gmail.com</p>\n', NULL, NULL, '2021-11-21 18:30:47', '2023-11-02 02:30:06'),
(27, 'ka', 'ახალი საცოცი სექტორები ბორჯომში', '<p>ბორჯომის მუნიციპალიტეტი ერთერთი ყველაზე პოპულარულია ტურისტებისთვის და აქტიური დასვენების მოყვარულთათვის. ცოტახნის წინ აქ დაემატა ახალი საცცი სექტორი.</p>\n', '<p>დაბა ბორჯომი თბილისიდან 150კმ-ში მდებარეობს. ბორჯომის მუნიციპალიტეტი ერთერთი ყველაზე პოპულარულია ტურისტებისთვის და აქტიური დასვენების მოყვარულთათვის. აქ თქვენ შეგიძლებთ ეწვიოთ ბორჯომ-ხარაგაულის ეროვნულ პარკს, სადაც შეჯიძლიათ რტეკინგით დაკავება შესაძლებელია ასევე ეწვიოთ გოგირდის აბანოებს და დაკავდეთ ჯომარდობით.</p>\n\n<p>ბორჯომიდან 20კმ-ში მდებარეობს სოფელი ცემი სადაც საქაღთველოში ერთერთი ყველაზე ძველი საცოცი სექტორი მდებარეობს. სექტორში შეჯიბრები ჯერ კიდე მე-20 საუკუნის 80 წლებში ტარდებოდა. მიუხედავად ამისა ბოლო 20 წელია რეგიონი სრულიად მივიწყებულია და აქ სპორტული აქტიობები საერთოდ არ ტარდებოდა.&nbsp;საცოც სექტორში არ იყო არანაირი ინფროსტრუქტურა საცოცად რის გამოს აქ ცოცვა შეუძლებელი იყო.</p>\n\n<p>2021 წლის ნოემბრიდან დაიწყო სამუშაოები საცოცი სექტორის გასანახლებლად. პირველ ეტაპზე გაკეთდა მხოლოდ 3 საცოცი მარშრუტი, მაგრამ, უახლოეს მომავალში სამუშაოები გაგრძელდება და აქ გაკეთდება კიდევ უფრო მეტი საცოცი მარშრუტი.</p>\n\n<p><a href=\"https://climbing.ge/outdoor/climbing_near_borjomi\">რეგიონის დეტალური აღწერის სანახავად გადადით ბმულზე.</a></p>\n', NULL, '<p>საცოც სექტორში მისასვლელად <a href=\"https://www.google.com/maps/d/u/0/edit?mid=1zLk1GegB8K4QLJKiheI4D1odWy6rPffn&amp;ll=41.798991224962606%2C43.490982900000006&amp;z=18\">იხილეთ რუკა</a>.</p>', NULL, NULL, '<p><strong>თემო</strong> &nbsp;<strong>Tel:</strong> (+995) 598 45 70 48. <strong>Mail:</strong> samsonadze.temo9@gmail.com</p>', NULL, NULL, '2021-11-23 17:24:11', '2024-08-12 14:23:58'),
(28, 'ka', 'საცოცი დარბაზი სტეფანწმინდა (ყაზბეგი)', '<p>.</p>', '<p>.</p>', NULL, NULL, NULL, NULL, '<p>.</p>', NULL, NULL, '2022-05-05 18:52:52', '2022-05-05 18:59:15');
INSERT INTO `locale_articles` (`id`, `locale`, `title`, `short_description`, `text`, `route`, `how_get`, `best_time`, `what_need`, `info`, `price_text`, `address`, `created_at`, `updated_at`) VALUES
(29, 'ka', 'მწვერვალი ჯავახიშვილის სამხრეთ კედელი \"ილიაუნი\"', '<p>TD+/ED (5A RUS)</p>\n', '<p>დილის საათებში მარშრუტი მზეშია, ამიტომ მისი ცოცვა სასიამოვნოა, როგორც ზაფხულში, ასევე ზამტარში.</p>\n\n<p>პირველი ბანაკიდან მარშუტის ძირამდე მისასვლელად 2,5 &ndash; 3,0 საათი დაგჭირდებათ.</p>\n\n<p>მეორე ბანაკიდან 1,0 -1,5 საათი.</p>\n\n<p>საშუალო დრო მარშრუტის ძირიტად მწვერვალამდე 4-6 საათი.</p>\n', '<table border=\"1\" cellpadding=\"1\" cellspacing=\"1\" style=\"height:106px; width:100%\">\n	<tbody>\n		<tr>\n			<td>Pitch</td>\n			<td>Grade</td>\n			<td>Height</td>\n		</tr>\n		<tr>\n			<td>P0</td>\n			<td>&nbsp;</td>\n			<td>30m</td>\n		</tr>\n		<tr>\n			<td>P1</td>\n			<td>5B</td>\n			<td>50m</td>\n		</tr>\n		<tr>\n			<td>P1.5</td>\n			<td>4</td>\n			<td>15m</td>\n		</tr>\n		<tr>\n			<td>P2</td>\n			<td>6A</td>\n			<td>40m</td>\n		</tr>\n		<tr>\n			<td>P3</td>\n			<td>5C+</td>\n			<td>40m</td>\n		</tr>\n		<tr>\n			<td>P4</td>\n			<td>5A</td>\n			<td>30m</td>\n		</tr>\n		<tr>\n			<td>P5</td>\n			<td>5b</td>\n			<td>30m</td>\n		</tr>\n		<tr>\n			<td>Top</td>\n			<td>&nbsp;</td>\n			<td>40m</td>\n		</tr>\n	</tbody>\n</table>\n\n<p>&nbsp;</p>\n\n<p>მარშრუტი იწყება ლეონიძე - ჯავახიშვილის კულუარის მარცხნივ. ნაყარ ფერდზე შევდივართ კედლის ძირამდე, მარცხენა მხარეს ვპოულობთ ნაპრალს. აქედან იწყება მარშრუტი.</p>\n\n<p>P0 - ვიწყებთ ცოცვას ფართე ნაპრალში(დაცვისთვის გამოიყენეთ დიდი ზომის ჩასადები ელემენტები), გავდივართ ვიწრო ტაროზე და ქიმზე ვაკეთებთ დაცვას. სადგურიდან ვაგრძელებთ ცოცვას მარჯვნივ. 4-5 მეტრიანი კედლით გავდივართ დიდ ტაროზე, გავდივართ მარჯვნივ და ქიმზე ვაკეთებთ სადგურს, დიდი ბუხრის ძირში.</p>\n\n<p>P1 - ვიწყებთ ცოცვას ბუხარში, ბუხრის მარჯვნივ და მარცხენა კედელზე ბევრი ნაპრალია დაცვის გასაკეთებლად. ბუხრის თავზე გვხვდება დიდი ქვების ვარდნის შედეგად წარმოქმნილი ჭერი. მარცხენა მხარეს ვპოულობთ ვიწრო გასაძრომს და გავდივართ თაროზე. გასაძრომის თავთან გვხვდება ქიმზე აწყობილი სადგური.</p>\n\n<p>P1.5 - სადგურის მარცხნივ ერთდროული სიარულით მივუყვებით თაროს, ავდივართ 5მ სიმაღლის მარტივ კედელზე და ვხვდებით დიდი კედლის ძირას არსებულ ტაროზე.</p>\n\n<p>P2- დიდ კედელზე შუაში მივუყვებით ღარს (ყველაზე დიდი ღარი), მივყვებით ღარს, მარჯვენა მხარეს გვხვდება თარო და თაროს 4მ მაღლა ვპოულობთ 2 პალოს, რომელზეც ვაწყობთ სადგურს.</p>\n\n<p>P3 - ვაგრძელებთ ცოცვას ღარში, სანამ არ გადავალთ გადაწვენილ კედელზე, ნატეხი, ნაშალი ქანით.</p>\n\n<p>კედელზე ბევრია ვიწრო ღარი. ვაგრძელებთ ცოცვას კედლის შუაში და ვხვდებით ვიწრო თაროზე, სადაც ვაკეთებთ სადგურს (სადგურის გაკეთება ამაზე მაღლა რეკომენდირებული არ არის).</p>\n\n<p>P4 - ვაგრძელებთ ცოცვას პირდაპირ, სანამ არ მოვხვდებით დიდი ბუხრის ქვემოთ, დიდ თაროზე. ბუხრის ძირში ვაკეთებთ სადგურს.</p>\n\n<p>P5- ვაგრძელებთ ცოცვას დიდ ბუხარში, სანამ არ გავალთ მორიგ დიდ ტაროზე. აქედან ვიწყებთ ერთდროულად სიარულს.</p>\n\n<p>TOP - თაროდან ვაგრძელებთ ერთდროულად ცოცვას, მარტივ რელიეფზე. გავდივართ მწვერვალის ძირში. პატარა თაროზე ვუვლით მწვერვალს დასავლეთის მხრიდან ( მივდივართ მარცხნივ) ვხვდებით ბუხარში. ბუხრიდან გასვლისთანავე ვხვდებით მწვერვალზე.</p>\n\n<p>საშუალო დრო მარშრუტის ძირიტად მწვერვალამდე 4-6 საათი.</p>\n', '<p>პირველი ბანაკიდან მარშუტის ძირამდე მისასვლელად 2,0&nbsp;&ndash; 3,0 საათი დაგჭირდებათ.</p>\n\n<p>მეორე ბანაკიდან 0.5&nbsp;-1,0&nbsp;საათი.</p>\n\n<p>&nbsp;</p>', '<p>დილის საათებში მარშრუტი მზეშია, ამიტომ მისი ცოცვა სასიამოვნოა, როგორც ზაფხულში, ასევე ზამტარში.</p>\n\n<p>საუკეთესო დრო მარშრუტის გასავლელად ზაფხულის პერიოდია. ამ დროს ნალექების რაოდენობა ყველაზე მცირეა და ტემპერატურა ყველაზე მაღალი (12-დან - 0-გრადუსამდე), მაგრამ შესაძლებელია ზამთრის პერიოდში მარშრუტზე გასვლა. გასითვალისწინეთ: ზამთარში კულუარში ბევრად მეტი თოვლია და ხშირია ზვავები. ტემპერატურა -15-დან -25-თ გრადუსამდე მერყეობს.</p>', '<p>&nbsp;</p>\n\n<ol>\n</ol>\n', '<p>თემო - samsonadze.temo9@gmail.com</p>\n', NULL, NULL, '2022-08-23 19:24:25', '2025-06-13 16:55:12'),
(30, 'ka', 'მწვერვალი ლეონიძე სამხრეთიდან', '<p>EA - M1, 6A, 350M (4A RUSS)</p>\n', '<p>ჯავახიშვილის აღმოსავლითი კედელი ამ მწვერვალის ყველაზე პოპულარული მარშრუტი. მარშრუტი კარგია მოყვარულ ალპინისტათვის.</p>\n', '<table border=\"1\" cellpadding=\"1\" cellspacing=\"1\" style=\"height:106px; width:100%\">\n	<tbody>\n		<tr>\n			<td>Pitch</td>\n			<td>Grade</td>\n			<td>Height</td>\n		</tr>\n		<tr>\n			<td>P0</td>\n			<td>M1</td>\n			<td>200m</td>\n		</tr>\n		<tr>\n			<td>P1</td>\n			<td>6A+</td>\n			<td>50m</td>\n		</tr>\n		<tr>\n			<td>P2</td>\n			<td>6A</td>\n			<td>40m</td>\n		</tr>\n		<tr>\n			<td>P3</td>\n			<td>5B</td>\n			<td>40m</td>\n		</tr>\n		<tr>\n			<td>P4</td>\n			<td>4</td>\n			<td>100m</td>\n		</tr>\n		<tr>\n			<td>P5</td>\n			<td>5A</td>\n			<td>70m</td>\n		</tr>\n	</tbody>\n</table>\n\n<p>&nbsp;</p>\n\n<p>P0 - მარშრუტი იწყება ჭაუხის ცირკიდან. ჯავახიშვილი &ndash; ლეონიძის კულუარით, შავდივართ უნაგირამდე. კულუარში გვხვდება უმეტესად თოვლი თუმცა წლის ცივ დროს შესაძლოა ყინულიც. აგვისტოში და სექტემბრის ბოლომდე თოვლი და ყინული თითქმის სოლ დამდნარია და გვიწევს ნაყარი ქვებით ასვლა. სასურველია თოკში ჩაბმით სიარული თუმცა ხშირად ცალცალკე ასვლაც(ჩაუბმელად) არ წარმოადგენს საშიშროებას.</p>\n\n<p>P1 - კ&nbsp;უნაგირიდან მარჯვენა მხარეს ვიწყებთ ცოცვას. დასაწყისში 10მ მცირე უარყოფითი ცოცვით გავდივართ პატარა თაროზე, აქედან მივუყვებით ღარს რომელიც ნელ-ნელა შედის მარჯვნივ.( 50 მ).</p>\n\n<p>P2 - სადგურიდან მარჯვნივ მიუყვება მცირე ზომის ნაპრალი, ამ ნაპრალის გავლის შემდეგ ვხვდებით მარცხნივ ვიწრო ბუხარში და გავდივართ დიდ პლატფორმაზე, სადაც არის რამდენიმე სადგური.</p>\n\n<p>P3 -&nbsp; თაროდან მარჯვენა მხარეს მივყვებით მარტივი ბუხარი (50 მ).</p>\n\n<p>P4 - ბუხრის დამთავრებისთანავე ვაგრძელებთ ტრავერს მარჯვენა მხარეს 100 მ, ფართო პლატფორმამდე. აქედან მივუყვებით გაშლილ ბუხარს რომლითაც გავდივართ ქედზე.</p>\n\n<p>P5 - მივუყვებით ქედს და 70მ-ში გავდივართ მწვერვალზე.</p>\n\n<p>დაშვება იგივე მარშრუტით</p>\n\n<p>მარშრუტის ხანგრძლივობა: 7-8 საათი.</p>\n', NULL, NULL, '', '<p>.</p>\n', NULL, NULL, '2022-08-23 19:35:54', '2025-06-19 23:43:00'),
(31, 'ka', '\"დიდი დიღომი\"', '<p>.</p>\n', '<p>მარშრუტის პირველი გავლა - ბიძინა გუჯაბიძე და ალექსანდრე გუჯაბიძე</p>\n', '', NULL, NULL, '', '<p>.</p>', NULL, NULL, '2022-08-23 19:40:16', '2024-12-16 18:10:50'),
(32, 'ka', 'კამერუნი კლასიკა (3A)', '<p>AD, M1, 600M, 5A (3A - RUS)</p>\n', '<p>კამერუნის კლასიკური მარშრუტი ერთერთი საინტერესო და განსხვავებული მარშრუტია ჭაუხის მასივში. მარშრუტი საინტერესო იქნება დამწყებ და საშუალო დონის ალპინისტებისთვის</p>\n', '<table border=\"1\" cellpadding=\"1\" cellspacing=\"1\" style=\"height:106px; width:100%\">\n	<tbody>\n		<tr>\n			<td>Pitch</td>\n			<td>Grade</td>\n			<td>Height</td>\n		</tr>\n		<tr>\n			<td>P0</td>\n			<td>M2</td>\n			<td>500m</td>\n		</tr>\n		<tr>\n			<td>P1</td>\n			<td>5A</td>\n			<td>50m</td>\n		</tr>\n		<tr>\n			<td>P2</td>\n			<td>5B</td>\n			<td>40m</td>\n		</tr>\n	</tbody>\n</table>\n\n<p>&nbsp;</p>\n\n<p>P0 - მარშრუტი იწყება ასათიანი - კამერუნის კულუარის დასაწყისში. გრძელი კულუარით ავდივართ უნაგირზე (კულუარის გავლის საშუალო დრო 2-3 საათი.) კულუარის მარცხენა კედელზე ვიყყებთ ცოცვას.</p>\n\n<p>P1 -&nbsp;ვიწყებთ ცოცვას კედელზე, თანდათან შევდვართ მარცხენა მხარეს. უნაგირიდან 10მ-ში ვპოულობთ პალოს აქედან ისევ მარცხნივ ცოცვით შევდივართ ქვიან ქედზე სადაც ვპოულობთ პალოებზე აწყობილ სადგურს.</p>\n\n<p>P2 - ვაგრძელებთ ცოცვას ზემოთ და გავდივართ ქედზე. ვატრავერსებთ მარცხნივ და ქედის ყველაზე მაღალ წერტილში ვპოულობთ ქიმზე აწყობილ სადგურს.&nbsp;</p>\n\n<p>TOP -&nbsp;სადგურინან ჩავდივართ 8-9 მეტრს ქვემოთ და ვხვდებით სწორ ბაქანზე (თაროზე). აქედან ერთდროული სიარულით ვაგრძელებთ მწვერვალისკენ სიარულს. მწვერვალს ვუვლით&nbsp;მარჯვენა მხრიდან და ავდივართ ვიწრო მოსწორებული ზედაპირის მწვერვალზე (მწვერვალზე გვხდება ტური)</p>\n', NULL, NULL, '<p>მარშრუტზე დაგჭირდებათ:</p>\n\n<ol>\n	<li>თოკი 50მ</li>\n	<li>ზაკლადკები 4-5ც საშუალო ზომები</li>\n	<li>ფრენდები 3-4ც საშუალო ზომები</li>\n	<li>ექსპრესი 4-5ც</li>\n	<li>კარაბინი 3-4ც და თვითდაცვა</li>\n	<li>დაცვის-დასაშვები სისტემა</li>\n	<li>დაცვის ქამარი და ჩაფხუტი</li>\n	<li>წრიაპი წერაყინი (დამოკიდებულია თოვლის სიმრავლეზე კულუარში)</li>\n</ol>\n\n<p>ზამთრის პერიოდში დამატებით დაგჭირდებათ&nbsp;</p>\n\n<ol>\n	<li>თოვლის ფეხსაცმელი (სნეგასტუპები)</li>\n	<li>ყინულის ბური 2-3ც</li>\n</ol>\n', '<p>.</p>\n', NULL, NULL, '2022-08-23 19:45:32', '2024-05-06 01:49:41'),
(33, 'ka', 'მწვერვალი ასათიანი სამხრეთიდან', '<p>D M1 5A 200M (4A; RUSS)</p>\n', '<p>.</p>\n', '<table border=\"1\" cellpadding=\"1\" cellspacing=\"1\" style=\"width:100%\">\n	<tbody>\n		<tr>\n			<td>Pitch</td>\n			<td>Pitch Height</td>\n			<td>Inclination of<br />\n			the wall</td>\n			<td>Grade (UIAA)</td>\n			<td>Grade (ftr)</td>\n		</tr>\n		<tr>\n			<td>R5</td>\n			<td>30</td>\n			<td>50</td>\n			<td>III</td>\n			<td>4-</td>\n		</tr>\n		<tr>\n			<td>R4</td>\n			<td>20</td>\n			<td>10-20</td>\n			<td>II</td>\n			<td>4-</td>\n		</tr>\n		<tr>\n			<td>R3</td>\n			<td>30</td>\n			<td>70</td>\n			<td>IV</td>\n			<td>4</td>\n		</tr>\n		<tr>\n			<td>R2</td>\n			<td>40</td>\n			<td>60</td>\n			<td>III</td>\n			<td>4-</td>\n		</tr>\n		<tr>\n			<td>R1</td>\n			<td>40</td>\n			<td>70</td>\n			<td>IV</td>\n			<td>5</td>\n		</tr>\n	</tbody>\n</table>\n\n<p><strong>ცირკიდან</strong> <strong>ჯავახიშვილის კულუარის მარჯვნივ&nbsp;</strong>ასვლა იწყება თოვლიანი კულუარით უნაგირამდე (400 მ).</p>\n\n<p>უნაგირიდან ასვლას ვიწყებთ სამიანი სირთულის კედელზე (50 მ) მარჯვენა მხარეს, აქ განთავსებულია სადგური, რომელიც პიტონებითაა დაკრული. გააკეთეთ 2-3 მ. ტრავერსი მარჯვენა მხარეს და მოხვდებით ფართო &bdquo;ცეცხლის ადგილზე&ldquo;. 60 მ. თოვლიანი და ქვით ჩამოყრილი &bdquo;ცეცხლის ადგილიდან&ldquo; გადადით ნაკლებად თოვლიან ჩანგულზე. კედლის მხარეს მდებარეობს სადგური. ჩანგულიდან მარცხნივ გადაიხარეთ 40 მ. და შეაღწიეთ ვიწრო გადახრილ &bdquo;ცეცხლის ადგილს&ldquo;. ამაღლდით გრძელი ვიწრო პლატფორმით და აქ განთავსებულია სადგური, რომელიც პიტონებითაა დაკრული. 20 მ. ტრავერსი მარჯვენა მხარეს, პატარა &bdquo;ცეცხლის ადგილთან&ldquo; ქვედა პლატფორმისკენ. გახსნილი კუთხით &bdquo;ცეცხლის ადგილიდან&ldquo; გადადით მთის ქედზე. მიყვით ჩანგულს მთის ქედზე და მიხვდებით მწვერვალამდე.</p>\n\n<p><strong>დაშვება:</strong> იგივე მარშრუტით. <strong>დრო:</strong> 8-9 საათი.</p>\n', NULL, NULL, '', '<p>.</p>', NULL, NULL, '2022-08-23 20:01:40', '2025-01-23 01:52:14'),
(34, 'ka', 'მყინვარწვერის კლასიკური მარშრუტი', '<p>PD (2A RUSS)</p>\n', '<p>მყინვარწვერის კლასიკური მარშრუტი ყველაზე პოპულარული გზაა მწვერვალისკენ, რომელზეც ყოველწლიურად ათასობით ალპინისტი ადის.</p>\n\n<p>მარშრუტი ტექნიკურად საკმაოდ მარტივია, თუმცა აუცილებელია კარგი ფიზიკური მომზადება და შესაბამისი აკლიმატიზაცია.</p>\n\n<p>აკლიმატიზაციისთვის რეკომენდებულია ერთი დღე დასვენება ბეთლემის ქოხში. ამ დღეს სასურველია მცირე გასვლა ბეთლემის ეკლესიისკენ &mdash; როგორც მსუბუქი აქტივობა, ასევე ხედებისა და გარემოს გასაცნობად.</p>\n', '<p>მარშრუტი იწყება ბეთლემის ქოხიდან (მეტეოსადგურიდან). აქედან მივდივართ ჩრდილოეთის მიმართულებით და მივუყვებით ფერდობს მყინვარის გასწვრივ. მეტეოდან გასვლის შემდეგ გზაზე გხვდება საბანაკე ადგილი &mdash; ჯვრის საბანაკე, რომელსაც ავუვლით გვერდს და ვაგრძელებთ მოძრაობას ჩრდილოეთისკენ.</p>\n\n<p>ცოტა ხნის სიარულის შემდეგ მივდივართ &bdquo;ხმაურასთან&ldquo;, სადაც ხშირია ქვათაცვენა. ამიტომ აუცილებელია ჩაფხუტის დაფარება და საჭიროების შემთხვევაში &mdash; წრიაპის ჩაცმა. &bdquo;ხმაურის&ldquo; გავლის შემდეგ აუცილებელია თოკში ჩაბმა.</p>\n\n<p>შემდეგ მივდივართ მყინვარის პლატოზე, საიდანაც გეზს ვიღებთ ჩრდილო-აღმოსავლეთისკენ და მივუყვებით დასავლეთის ფერდს. ხშირი ნაპრალების გამო აუცილებელია თოკში ჩაბმულად სიარული, ასევე &mdash; წრიაპის ჩაცმა და საჭიროების შემთხვევაში წერაყინით გადაადგილება.</p>\n\n<p>ფლატოდან გადავდივართ სამხრეთისკენ დახრილ ფერდობზე (დახრილობა დაახლოებით 25-35 გრადუსი) და შევდივართ ორ მწვერვალს შორის მდებარე უნაგირზე (ჩრდილოეთ და სამხრეთ მწვერვალებს შორის).</p>\n\n<p>აქედან, ყინულის ფერდობით (დაახლ. 35-40 გრადუსი) მივდივართ ჩრდილოეთისკენ და გავდივართ მწვერვალზე.</p>\n\n<p><strong>მეტეოდან გასვლის დრო</strong>: ღამის 2 საათი.<br />\n<strong>მარშრუტის ხანგრძლიობა (ბეთლემის ქოხიდან - მწვერვალამდე)</strong>: 8-10 საათი<br />\n<strong>დაშვება</strong>: იმავე მარშრუტით.</p>\n', NULL, NULL, '', '<p>.</p>', NULL, NULL, '2022-08-23 21:03:42', '2025-07-04 18:35:12'),
(36, 'ka', 'ცოცვა გველეთში', '<p>.</p>\n', '<p><strong>გველეთში ცოცვა</strong><br />\nმანძილი ყაზბეკიდან: 8 კმ (დარიალის ხეობაში). ადგილზე არის 2&nbsp;მარშრუტი.</p>\n', '<p>ამ რეგიონში მუდმივად ვამატებთ ახალ მარშრუტებს. მარშრუტები 5A- დან 7A- მდეა. აგრეთვე გვაქვს 3-4&nbsp;თოკიანი მარშრუტი (მულტიპიჩი).</p>\n\n<p>უსაფრთხოების მიზნით, გამოიყენეთ ჩაფხეტი!</p>\n\n<p>საცოც რეგიონში მარშრუტების კეთება(დაშლამბურება) ადგილობრივი მეკლდეურების გარეშე სასტიკად აკრძალულია !<br />\nიმ შემთხვევაში, თუ თქვენ აპირებთ მატშტუტების გაკეთებას ჭიათურაში აუცილებლად შეატყობინეთ ადგილობრივ მეკლდეურებს. წინააღმდეგ შემთხვევაში თქვენი მარშრუტი შესაძლებელია დემონტაჟს დაექვემდებაროს.</p>\n\n<p>&quot;Drytooling&quot;-ის ცოცვა რეგიონში სასტიკად აკრძალულია!</p>\n', '', '<p>ივნისი-ოქტომბერი, მაგრამ თუ კარგი ამინდია შესაძლებელია ზამთარშიც ცოცვა.</p>\n', '<p>20 ექსპრესი<br />\nთოკი 60მ<br />\nდაცვის ქამარი<br />\nდაცვის სისტემა<br />\nჩაფხუტი<br />\nსაცოცი ფეხსაცმელი (სკალნი) &amp; მაგნეზიის ტომატა</p>\n', '<p>თემო: Mail - samsonadze.temo9@gmail.com, Tel - (+995) 598 45 70 48</p>\n\n<p>გუგა: Mail - gugadabrunda@gmail.com,&nbsp;Tel: (+995) 557 300 700.</p>\n', NULL, NULL, '2022-09-05 13:30:21', '2023-04-13 11:18:31'),
(37, 'ka', 'ცოცვა ანანურთან', '<p>.</p>\n', '<p>ცოცვა ანანურთან</p>\n', '<h2><strong>საცოც რეგიონში მარშრუტების კეთება(დაშლამბურება) ადგილობრივი მეკლდეურების გარეშე სასტიკად აკრძალულია&nbsp;!</strong></h2>\n\n<p><br />\nიმ შემთხვევაში, თუ აპირებთ მარშრუტების გაკეთებას ამ რეგიონში, გთხოვთ, აცნობოთ ადგილობრივ მეკლდეურებს თქვენი გეგმების შესახებ, წინააღმდებ შემთხვევაში თქვენი მაშრუტები შესაძლებელია დემონტაჟს დაექვემდებაროს.</p>\n\n<p><strong>აგრეთვე აკრძალულია Drytooling-ის ცოცვაც!</strong></p>\n\n<p><strong>გამოიყენეთ ჩაფხუტი თქვენი უსაფრთხოებისათვის !</strong></p>\n', '', '', '<ol>\n	<li>10&nbsp;ექსპრესი</li>\n	<li>თოკი 40მ</li>\n	<li>დაცვის ქამარი</li>\n	<li>დაცვის სისტემა</li>\n	<li>ჩაფხუტი</li>\n	<li>საცოცი ფეხსაცმელი (სკალნი) &amp; მაგნეზიის ტომატა</li>\n</ol>\n', '<p><strong>Guga -</strong>&nbsp;Mail: gugadabrunda@gmail.com&nbsp; &nbsp; Tel: (+995) 557 300 700.</p>\n\n<p><strong>Temo</strong>&nbsp;- Mail; samsonadze.temo9@gmail.com&nbsp; &nbsp; &nbsp;Tel: (+995) 598 45 70 48</p>\n', NULL, NULL, '2022-09-05 13:41:36', '2025-06-05 18:40:47'),
(38, 'ka', 'Advanture 2022 - ჭიათურის ტურისტული ფესტივალი', NULL, '<p><img alt=\"📢\" src=\"https://static.xx.fbcdn.net/images/emoji.php/v9/t39/1/16/1f4e2.png\" style=\"height:16px; width:16px\" />&nbsp;16-17-18 სექტემბერი&nbsp;<img alt=\"📢\" src=\"https://static.xx.fbcdn.net/images/emoji.php/v9/t39/1/16/1f4e2.png\" style=\"height:16px; width:16px\" /></p>\r\n\r\n<p><img alt=\"🫵\" src=\"https://static.xx.fbcdn.net/images/emoji.php/v9/tc8/1/16/1faf5.png\" style=\"height:16px; width:16px\" />&nbsp;მოდი ჭიათურის ტურისტულ ფესტივალზე და მოიწყვე დაუვიწყარი თავგადასავალი</p>\r\n\r\n<p><img alt=\"🚀\" src=\"https://static.xx.fbcdn.net/images/emoji.php/v9/tc6/1/16/1f680.png\" style=\"height:16px; width:16px\" />&nbsp;აღმოაჩინე სხვა ჭიათურა:</p>\r\n\r\n<p><img alt=\"✔️\" src=\"https://static.xx.fbcdn.net/images/emoji.php/v9/t51/1/16/2714.png\" style=\"height:16px; width:16px\" />&nbsp;ქემფინგი/ Camping;<br />\r\n<img alt=\"✔️\" src=\"https://static.xx.fbcdn.net/images/emoji.php/v9/t51/1/16/2714.png\" style=\"height:16px; width:16px\" />&nbsp;კლდეზე ცოცვა (მოყვარული) / Rock Climbing (amateur);<br />\r\n<img alt=\"✔️\" src=\"https://static.xx.fbcdn.net/images/emoji.php/v9/t51/1/16/2714.png\" style=\"height:16px; width:16px\" />&nbsp;კლდეზე ცოცვა (პროფესიონალი) / Rock Climbing (professional);<br />\r\n<img alt=\"✔️\" src=\"https://static.xx.fbcdn.net/images/emoji.php/v9/t51/1/16/2714.png\" style=\"height:16px; width:16px\" />&nbsp;ჰაილაინი / Highline;<br />\r\n<img alt=\"✔️\" src=\"https://static.xx.fbcdn.net/images/emoji.php/v9/t51/1/16/2714.png\" style=\"height:16px; width:16px\" />&nbsp;ნაოსნობა ტბაზე / Lake Boating;<br />\r\n<img alt=\"✔️\" src=\"https://static.xx.fbcdn.net/images/emoji.php/v9/t51/1/16/2714.png\" style=\"height:16px; width:16px\" />&nbsp;სპელეოტურიზმი ძუძუანას და კოტიას მღვიმეში / Speleotourism in Dzudzuana and Kotika caves;<br />\r\n<img alt=\"✔️\" src=\"https://static.xx.fbcdn.net/images/emoji.php/v9/t51/1/16/2714.png\" style=\"height:16px; width:16px\" />ველოშეჯიბრი მანდაეთში/Cycling competition in Mandaeti.</p>\r\n\r\n<p>ფესტივალის განრიგი :</p>\r\n\r\n<p>16 სექტემბერი</p>\r\n\r\n<p><img alt=\"📍\" src=\"https://static.xx.fbcdn.net/images/emoji.php/v9/t2d/1/16/1f4cd.png\" style=\"height:16px; width:16px\" />&nbsp;ჭიათურა</p>\r\n\r\n<p><img alt=\"🕚\" src=\"https://static.xx.fbcdn.net/images/emoji.php/v9/t59/1/16/1f55a.png\" style=\"height:16px; width:16px\" />&nbsp;11:00 - პრეზენტაცია და პანელ - დისკუსია, ჭიათურის კულტურის სახლში.</p>\r\n\r\n<p><img alt=\"🕛\" src=\"https://static.xx.fbcdn.net/images/emoji.php/v9/tda/1/16/1f55b.png\" style=\"height:16px; width:16px\" />&nbsp;12:00 - ტური &ldquo;ჯორჯიან მანგანეზის&rdquo; ტურისტულ პროექტში (საბაგირო, კორტი და სხვა).</p>\r\n\r\n<p><img alt=\"🕘\" src=\"https://static.xx.fbcdn.net/images/emoji.php/v9/tb0/1/16/1f558.png\" style=\"height:16px; width:16px\" />&nbsp;21:00 - გალა კონცერტი Loud Speakers</p>\r\n\r\n<p><img alt=\"📍\" src=\"https://static.xx.fbcdn.net/images/emoji.php/v9/t2d/1/16/1f4cd.png\" style=\"height:16px; width:16px\" />&nbsp;კაცხი</p>\r\n\r\n<p><img alt=\"🕛\" src=\"https://static.xx.fbcdn.net/images/emoji.php/v9/tda/1/16/1f55b.png\" style=\"height:16px; width:16px\" />&nbsp;12:00 - 13:00 რეგისტრაცია კლდეზე ცოცვის შეჯიბრში (მოყვარულები)</p>\r\n\r\n<p><img alt=\"🕐\" src=\"https://static.xx.fbcdn.net/images/emoji.php/v9/ta8/1/16/1f550.png\" style=\"height:16px; width:16px\" />&nbsp;13:00 - 18:00 შეჯიბრი</p>\r\n\r\n<p><img alt=\"📍\" src=\"https://static.xx.fbcdn.net/images/emoji.php/v9/t2d/1/16/1f4cd.png\" style=\"height:16px; width:16px\" />&nbsp;სვერი</p>\r\n\r\n<p><img alt=\"🕛\" src=\"https://static.xx.fbcdn.net/images/emoji.php/v9/tda/1/16/1f55b.png\" style=\"height:16px; width:16px\" />&nbsp;12:00 - 13:00 რეგისტრაცია კლდეზე ცოცვის შეჯიბრში (პროფესიონალები)</p>\r\n\r\n<p><img alt=\"🕐\" src=\"https://static.xx.fbcdn.net/images/emoji.php/v9/ta8/1/16/1f550.png\" style=\"height:16px; width:16px\" />&nbsp;13:00 - 18:00 შეჯიბრი</p>\r\n\r\n<p><img alt=\"🕛\" src=\"https://static.xx.fbcdn.net/images/emoji.php/v9/tda/1/16/1f55b.png\" style=\"height:16px; width:16px\" />&nbsp;12:00 - 18:00 ჰაილაინის შოუ</p>\r\n\r\n<p><img alt=\"🕚\" src=\"https://static.xx.fbcdn.net/images/emoji.php/v9/t59/1/16/1f55a.png\" style=\"height:16px; width:16px\" />&nbsp;11:00 - 17:00 ვია ფერატა ინფო ტური (​​მონაწილეები დაიყოფიან ოთხ ჯგუფად)</p>\r\n\r\n<p><img alt=\"👉\" src=\"https://static.xx.fbcdn.net/images/emoji.php/v9/t51/1/16/1f449.png\" style=\"height:16px; width:16px\" />&nbsp;17 სექტემბერი</p>\r\n\r\n<p><img alt=\"📍\" src=\"https://static.xx.fbcdn.net/images/emoji.php/v9/t2d/1/16/1f4cd.png\" style=\"height:16px; width:16px\" />&nbsp;სვერი</p>\r\n\r\n<p><img alt=\"🕛\" src=\"https://static.xx.fbcdn.net/images/emoji.php/v9/tda/1/16/1f55b.png\" style=\"height:16px; width:16px\" />&nbsp;12:00 - 13:00 რეგისტრაცია კლდეზე ცოცვის შეჯიბრში (პროფესიონალები)</p>\r\n\r\n<p><img alt=\"🕐\" src=\"https://static.xx.fbcdn.net/images/emoji.php/v9/ta8/1/16/1f550.png\" style=\"height:16px; width:16px\" />&nbsp;13:00 - 18:00 შეჯიბრი</p>\r\n\r\n<p><img alt=\"📍\" src=\"https://static.xx.fbcdn.net/images/emoji.php/v9/t2d/1/16/1f4cd.png\" style=\"height:16px; width:16px\" />&nbsp;ძუძუანას და კოტიას მღვიმე</p>\r\n\r\n<p><img alt=\"🕘\" src=\"https://static.xx.fbcdn.net/images/emoji.php/v9/tb0/1/16/1f558.png\" style=\"height:16px; width:16px\" />&nbsp;09:00 - 10:00 რეგისტრაცია ლაშქრობაში (მონაწილეები დაიყოფიან სამ ჯგუფად)</p>\r\n\r\n<p><img alt=\"📍\" src=\"https://static.xx.fbcdn.net/images/emoji.php/v9/t2d/1/16/1f4cd.png\" style=\"height:16px; width:16px\" />&nbsp;კოტიას მღვიმე</p>\r\n\r\n<p><img alt=\"🕘\" src=\"https://static.xx.fbcdn.net/images/emoji.php/v9/tb0/1/16/1f558.png\" style=\"height:16px; width:16px\" />&nbsp;21:00 - სპექტაკლი &ldquo;დოვინ დოვენ დოვლი&rdquo;</p>\r\n\r\n<p><img alt=\"👉\" src=\"https://static.xx.fbcdn.net/images/emoji.php/v9/t51/1/16/1f449.png\" style=\"height:16px; width:16px\" />&nbsp;18 სექტემბერი</p>\r\n\r\n<p><img alt=\"📍\" src=\"https://static.xx.fbcdn.net/images/emoji.php/v9/t2d/1/16/1f4cd.png\" style=\"height:16px; width:16px\" />&nbsp;მანდაეთის ტბა</p>\r\n\r\n<p><img alt=\"🕙\" src=\"https://static.xx.fbcdn.net/images/emoji.php/v9/t31/1/16/1f559.png\" style=\"height:16px; width:16px\" />&nbsp;10:00 ველო შეჯიბრი</p>\r\n\r\n<p><img alt=\"🕛\" src=\"https://static.xx.fbcdn.net/images/emoji.php/v9/tda/1/16/1f55b.png\" style=\"height:16px; width:16px\" />&nbsp;12:00 - 18:00 ნავებით შეჯიბრი ტბაზე</p>\r\n\r\n<p><img alt=\"📍\" src=\"https://static.xx.fbcdn.net/images/emoji.php/v9/t2d/1/16/1f4cd.png\" style=\"height:16px; width:16px\" />&nbsp;ჭიათურის ცენტრი</p>\r\n\r\n<p><img alt=\"🕘\" src=\"https://static.xx.fbcdn.net/images/emoji.php/v9/tb0/1/16/1f558.png\" style=\"height:16px; width:16px\" />&nbsp;21:00 - გალა კონცერტი Tamada</p>\r\n\r\n<p><img alt=\"🏕\" src=\"https://static.xx.fbcdn.net/images/emoji.php/v9/tdc/1/16/1f3d5.png\" style=\"height:16px; width:16px\" />16 სექტემბერს 10:00 საათზე გაიხსნება ქემფინგ ზონა ჩამოსული სტუმრებისთვის, რომელიც იფუნქციონირებს 18 სექტემბრის ჩათვლით.</p>\r\n\r\n<p><img alt=\"🎶\" src=\"https://static.xx.fbcdn.net/images/emoji.php/v9/t1f/1/16/1f3b6.png\" style=\"height:16px; width:16px\" />&nbsp;TAMADA და Loudspeakers</p>\r\n\r\n<p><img alt=\"🥪\" src=\"https://static.xx.fbcdn.net/images/emoji.php/v9/tfc/1/16/1f96a.png\" style=\"height:16px; width:16px\" /><img alt=\"🥤\" src=\"https://static.xx.fbcdn.net/images/emoji.php/v9/t4f/1/16/1f964.png\" style=\"height:16px; width:16px\" />&nbsp;სთრით ფუდი და გამაგრილებელი სასმელები</p>\r\n\r\n<p><img alt=\"💥\" src=\"https://static.xx.fbcdn.net/images/emoji.php/v9/t40/1/16/1f4a5.png\" style=\"height:16px; width:16px\" />&nbsp;ჭიათურაში ამაღელვებელი, მომნუსხველი, გემრიელი და მისტიკით სავსე 3 დღე გელოდება.</p>\r\n\r\n<p><img alt=\"✔️\" src=\"https://static.xx.fbcdn.net/images/emoji.php/v9/t51/1/16/2714.png\" style=\"height:16px; width:16px\" />&nbsp;ჭიათურის ტურისტული ფესტივალის გენერალური სპონსორია &quot;ჯორჯიან მანგანეზი&quot;</p>\r\n\r\n<p><img alt=\"🤝\" src=\"https://static.xx.fbcdn.net/images/emoji.php/v9/t64/1/16/1f91d.png\" style=\"height:16px; width:16px\" />პარტნიორები: ჭიათურის მუნიციპალიტეტის მერია, სვერის სათავგადასავლო ბანაკი და DMO იმერეთი.</p>\r\n\r\n<p><img alt=\"🔗\" src=\"https://static.xx.fbcdn.net/images/emoji.php/v9/tb3/1/16/1f517.png\" style=\"height:16px; width:16px\" />&nbsp;მხარდამჭერები: ტურიზმის ეროვნული ადმინისტრაცია.&nbsp;</p>\r\n', NULL, NULL, NULL, NULL, 'guga - ', NULL, NULL, NULL, NULL),
(40, 'ka', 'ახალი საცოცი სექტორი ანანურთან', '<p>.</p>\n', '<p>გუგა დაბრუნდაშვილმა და სოფო ცელიძემ ანანურთან 3 ახალი მარშრუტი გააკეთეს. ახლა რეგიონში მხოლოდ 3 მარშრუტი, მაგრამ შესაძლებელია მეტი მარშრუტის დამატება.</p>\n\n<p>დამატებითი ინფორმაციისთვის სექტორის მდებარეობისა და მარშრუტების შესახებ იხილეთ ამ - <a href=\"https://climbing.ge/outdoor/Climbing_near_Ananuri\">გვერდზე</a>.</p>\n', NULL, NULL, NULL, NULL, '<p>Guga: Mail - gugadabrunda@gmail.com,&nbsp;Tel: (+995) 557 300 700.</p>\n', NULL, NULL, '2022-09-05 16:06:23', '2023-05-19 21:49:38'),
(41, 'ka', 'ახალი საცოცი მარშრუტები გველეთში', '<p>.</p>', '<p>გუგა დაბრუნდაშვილმა გველეთში ახალი სპორტული ცოცვის მარშრუტები გააკეთა.</p>\n\n<p>იხილეთ მეტი ინფორმაცია კლდეების შესახებ ამ - <a href=\"https://climbing.ge/outdoor/Climbing_in_Gveleti\">გვერდზე</a>.</p>', NULL, NULL, NULL, NULL, '<p>Guga: Mail - gugadabrunda@gmail.com,&nbsp;Tel: (+995) 557 300 700.</p>', NULL, NULL, '2022-09-05 16:16:02', '2022-09-05 16:23:23'),
(42, 'ka', 'ახალი საცოცი საქტორი და 5 ახალი საცოცი მარშრუტი ბორჯომთან, სოფელ მზეთამზესთან.', '<p>.</p>', '<p>თემო სამსონაძემ სოფელ მზეთამზეში, ბორჯომთან ახლოს, ახალი სექტორი&nbsp;და 5 ახალი სპორტული ცოცვის მარშრუტი გააკრა.</p>\n\n<p>დამატებითი ინფორმაცია ამ ტერიტორიის შესახებ იხილეთ ამ - <a href=\"https://climbing.ge/outdoor/Climbing_near_Borjomi\">გვერდზე</a>.</p>', NULL, NULL, NULL, NULL, '<p>Temo - Tel - (+995) 598457048. Email - samsonadze.temo9@gmail.com</p>', NULL, NULL, '2022-09-05 16:24:07', '2022-09-05 16:36:05'),
(43, 'ka', 'ახალი საცოცი მარშრუტევი ციხისძირში ხღვის ნაპირას', '<p>.</p>', '<p>თემო სამსონაძემ ციხისძირში ზღვის ნაპირას ახალ სექტორში 3 ახალი მარშრუტი გააკეთა.</p>\n\n<p>მეტი ინფორმაცია იხილეთ ამ - <a href=\"https://climbing.ge/outdoor/Climbing_At_The_Black_Sea_Coast\">გვერდზე</a>.</p>', NULL, NULL, NULL, NULL, '<p>Temo - Tel - (+995) 598457048. Email - samsonadze.temo9@gmail.com</p>', NULL, NULL, '2022-09-05 16:36:13', '2022-09-05 16:49:52'),
(44, 'ka', 'ქართველმა მთამსვლელებმა ოქროს წერაყინით დააჯილდოვეს', '<p>ქართველი მთამსვლელები ოქროს წერიყინით&nbsp;დააჯილდოვეს პაკისტანში, პაკისტანში&nbsp;მწვერვალ სარაგრზე&nbsp;ასვლისთვის პირველი ასვლისთვის.</p>\n', '<p>სარაგრარის ჩრდილო-დასავლეთი, პირველი ასვლა ჩრდილო-დასავლეთით, 2,300 მ,</p>\n\n<p>ED2 ან რუსული/კავკასიური შეფასება 6B, 6b M5+ A3+ 80-90&deg;,</p>\n\n<p>2021 წლის 3-10 სექტემბრიდან.</p>\n\n<p>სარაგრარის მასივს, ავღანეთის საზღვრის სამხრეთით, დღევანდელ&nbsp;პაკისტანის &quot;ჰინდუ კუში&quot; - ს&nbsp;აქვს რამდენიმე მწვერვალი, მაგრამ მხოლოდ რამდენიმე მთამსვლელმა მიაღწია მათ. დღემდე მხოლოდ სარაგრარის ჩრდილო-დასავლეთი კედელზე არც ერთი წარმატებული ასვლა არ ყოფილა (7,300 მ),&nbsp;მიუხედავად ხანგრძლივი და გამბედავი მცდელობებისა სამხრეთ-დასავლეთის კედელზე სამი ძლიერი ესპანური ექსპედიციის მიერ 1970-იან და 80-იანი წლების დასაწყისში. მათგან უკანასკნელი ჩრდილო-დასავლეთის ქედზე დაახლოებით 7150 მეტრზე ავიდა.&nbsp;ამ ადგილს,&nbsp;მათ დაარქვეს სარაგრარი ჩრდილო-დასავლეთი II. ქართველმა ალპინისტებმა&nbsp;არჩილ ბადრიაშვილმა, ბაქარ გელაშვილმა და გიორგი ტეფნაძემ აირჩიეს მანამდე აუსვლელი ჩრდილო-დასავლეთი კედელი.&nbsp;საკვანძოა ამ კედლის&nbsp;ზედა ციცაბო ნაწილი, რომელიც ერწყმის ჩრდილო-დასავლეთ ქედს. მათ&nbsp;გადაწყვიტეს მცდელობა გაეკეთებინათ სექტემბერში, იმაზე უფრო გვიან, ვიდრე ჩვეულებრივ.&nbsp;დღის სიცხის შესამცირებლად და&nbsp;შესაბამისად, ქვათაცვენმის შესამცირებლად.</p>\n\n<p>საბაზო ბანაკიდან დაახლოებით 4200 მეტრზე - &quot;როშ გოლში&quot; და მცირე წინასწარი აკლიმატიზაციის პირობებში სამივე &bdquo;გახურდა&ldquo; სამხრეთის და აღმოსავლეთის ქედის პირველი აღმართით (1800 მ, TD 60&deg;-ყინული 75&deg;- თოვლი) ლანგუტა-ე-ბარფის (6,833 მ), ერთი ბივუაკით 6,400 მ. ეს იყო მწვერვალზე მეოთხე ასვლა, მაგრამ პირველი პაკისტანიდან.</p>\n\n<p>3 სექტემბერს, ალპინისტებმა დაიწყეს ასვლა - სარაგრარის&nbsp;ჩრდილო-დასავლეთის კედელზე. დაახლოებით&nbsp;5000 მეტრზე,&nbsp;განაგრძეს მარშრუტი ყინულის უზარმაზარი კულუარით, რომელიც ახასიათებს ქვედა ნახევარს, რათა გაეკეთებინათ პირველი ბივუაკი 6200 მეტრზე. ზემო ნაწილის უმეტესობას შეადგენდა ციცაბო გრანიტის კედელი. რთული მონაკვეთის თავისუფალი და დამხმარე საყრდენებით ცოცვით&nbsp;გადალახვის შემდენ,&nbsp; მათ ჰქონდათ რამდენიმე ღამის თენება კედელზე: 6400 მეტრზე, 6600 მეტრზე, 6.750 მეტრზე, 6.850 მეტრზე და დაახლოებით 7000 მეტრზე კედლის თავზე. მეხუთე და მეექვსე დღეები დაეთმო 250 მეტრიანი &quot;ჰედვოლის&quot; გადალახვას.</p>\n\n<p>ბოლო ბივუაკი გააკეთეს&nbsp;ესპანეთის მარშრუტის გასასვლელთან და მერვე დღეს ავიდნენ&nbsp;მწვერვალზე. მათ იმავე დღეს შეძლეს დიდი კედლის თავზე&nbsp;მდებარე ბივუაკში&nbsp;დაბრუნება და მეორე დილით დაიწყეს ჩრდილო-დასავლეთის მხარეს დაშვება, რომელიც გაგრძელდა მთელი ღამის განმავლობაში, სანამ არ მიაღწიეს მარშრუტის სათავეს.</p>\n\n<p>Info from -&nbsp;<a href=\"https://pioletsdor.net/index.php/en/home/2022-honoured-ascents/141-saraghrar-northwest-7-300m?mibextid=Zxz2cZ\" target=\"_blank\">pioletsdor.net</a></p>\n', NULL, NULL, NULL, NULL, '<div data-oembed-url=\"https://www.instagram.com/p/ClLYMMXo6HS/?utm_source=ig_web_copy_link\">\n<div style=\"max-width: 660px;\">\n<div style=\"left: 0; width: 100%; height: 0; position: relative; padding-bottom: 63%; padding-top: 284px;\"><iframe allowfullscreen=\"\" src=\"//if-cdn.com/QN2CKdu?app=1\" style=\"top: 0; left: 0; width: 100%; height: 100%; position: absolute; border: 0;\" tabindex=\"-1\"></iframe></div>\n</div>\n<script async=\"\" charset=\"utf-8\" src=\"//if-cdn.com/embed.js\"></script></div>\n\n<p>&nbsp;</p>\n', NULL, NULL, '2022-11-20 10:22:07', '2023-08-02 16:20:31'),
(101, 'ru', 'Скалолазание в Свери (Чиатура)', '<p>Зона для скалолазания Свери расположена в небольшой причудливой деревне в районе Имерети на западе Грузии.<br />\nСкалолазание - относительное занятие в этой области.</p>\n', '<p>Зона для скалолазания Свери расположена в небольшой причудливой деревне в районе Имерети на западе Грузии.<br />\nСкалолазание - относительное занятие в этой области. Большинство маршрутов проложены совсем недавно, а все маршруты были открыты в 2018 году.</p>\n\n<p>ПОХОД</p>\n\n<p>Остановиться можно в палатках возле альпинистской зоны.<br />\nСтавить палатки прямо под камнями не рекомендуется из-за риска.<br />\nкамнепада, а также его небольшая площадь под линиями для установки палатки</p>\n\n<p><br />\nЗАПАСЫ ЕДЫ</p>\n\n<p>Продовольственные магазины можно сделать в городе Чиатура.<br />\nЗдесь есть большой местный фермерский рынок и множество магазинов и множество пекарен, предлагающих свежий хлеб, выпекаемый ежедневно.<br />\nК сожалению, в Свери нет продуктового рынка, поэтому вы должны<br />\nВозьмите с собой все свои принадлежности перед тем, как отправиться в зону восхождения.<br />\nВ качестве источника воды рядом с местом для скалолазания есть несколько источников, или вы можете<br />\nТакже попросите воды у дружелюбных местных жителей.<br />\nВесной дикие фрукты можно найти в случайных местах, или можно спросить дружелюбных местных жителей, не хотите ли вы сорвать фрукты.</p>\n\n<p>ДЕНЬ ОТДЫХА</p>\n\n<p>В Свери есть несколько старых замков и монастырей, а также много хороших мест для посещения.<br />\nТакже город Чиатура - еще одно отличное место для изучения с его длинными<br />\nистория добычи полезных ископаемых, пронизанная множеством пещер.<br />\nЕсть также водопады, в которых можно купаться в жаркие летние дни.<br />\nБольшинство местных жителей очень дружелюбны, как и во всей Грузии.</p>\n', '<p>К зоне скалолазания относительно легко добраться.<br />\nСкалы в Свери обращены на север. Отсутствие прямого солнечного света в течение дня приводит к тому, что на северных склонах прохладнее.<br />\nБольшинство маршрутов большую часть дня находятся в тени, что делает Свери, а идеальным для лазания являются жаркие летние дни.<br />\nБольшинство маршрутов имеют длину 10-25 метров с отметками от 5A до 7C.<br />\nЭтот район по-прежнему имеет большой потенциал и открыт для новых заведений.<br />\nЕсли вы решите открыть и закрепить новые стропы или вам понадобится гид по скалолазанию, пожалуйста, свяжитесь с нашим местным пионером скалолазания Гуга Дабрунда.</p>\n\n<p>Высота линий от 10м до 25м. Оценки от 5а до 7с Оценка Франции.</p>\n', '<p>Поселок Свери находится недалеко от ближайшего крупного города Чиатура в 170 км от Тбилиси.<br />\nДоехать до Свери можно на маршрутке Маршрутка на станции Дидубе в Тбилиси до города Чиатура. Из Чиатуры вы можете сесть на маршрутку или такси до города Свери, который находится дальше 11 км.<br />\nОт автобусной остановки в деревне Свери до места для скалолазания около 400 метров.<br />\nРайон не обозначен полностью, но совершенно очевидно, что можно найти место для лазания, следя за скалами.<br />\nВ конце села указатель &laquo;Зона скалолазания&raquo;, а оттуда еще метров 50 до скал.<br />\nВы также можете спросить у местных, как добраться до скал &laquo;клдекари&raquo;.</p>\n', '<p>За исключением зимы, альпинизм в Свери идеален с весны до осени. Северные скалы обеспечивают прохладу даже в жаркие летние дни.<br />\nСредняя температура по Цельсию весной: Высокая 24 &deg; / Низкая 11 &deg;.<br />\nЛетом высокая 30 &deg; / низкая 18 &deg; и осень высокая 20 &deg; / 8 &deg;</p>\n', '', '<p>Guga - Mail: gugadabrunda@gmail.com &nbsp; &nbsp;Tel: (+995) 557 300 700</p>\n\n<p>Temo - Mail: samsonadze.temo9@gmail.com&nbsp; &nbsp; Tel; (+995) 598 45 70 48</p>\n', NULL, NULL, '2021-03-02 11:04:04', '2023-10-12 01:34:28'),
(106, 'ru', 'Скалолазание в Кацхи (Чиатура)', '<p>Кацхи - одно из самых популярных и лучших мест для восхождения в Грузии. Качество скалы идеально подходит для разных вершин лазания.</p>\n', '<p>Кацхи - одно из самых популярных и лучших мест в Грузии. Качество скалы отличное для разных видов лазания. Есть как отрицательные маршруты, так и прямые плитки, что позволяет спортсмену максимально развиваться и прочувствовать все стили лазания.</p>\n', '<p>Маршруты классифицируются по французской системе. С 5а по 8б.</p>\n\n<p><strong>Используйте шлем для вашей безопасности!</strong></p>\n\n<p><strong>напивание маршрутов в регионе, ​​категорически запрещено!</strong><br />\nЕсли вы планируете набивать маршруты в этом регионе, сообщите о своих планах местным скалолазам, в противном случае ваши маршруты могут быть разобраны.</p>\n\n<p><strong>Восхождение с драитулингам также запрещено!</strong></p>\n', '<p>Кацхи находится примерно в 180 км от столицы Тбилиси. На машине вам понадобится примерно 2 часа.</p>\n\n<p>от аэропорта Кутаиси 1 час</p>\n', '<p>Кацхи находится на высоте 700 м над уровнем моря. Лучшее время для восхождения с сентября по июль. Август - жаркое время для восхождений, но в тени или пасмурную погоду тоже приятно лазить. Есть солнечные и постоянно тенистые места для лазания.</p>\n\n<p>некоторые трассы покрыты сверху большими деревьями, а некоторые выступают над ними, так что по ним можно подняться даже в дождливую погоду.</p>\n', '<p>&nbsp;</p>\n\n<ol>\n	<li>12 оттяжка</li>\n	<li>Веревка 60 м</li>\n	<li>Обвязка</li>\n	<li>Страховочное устройство</li>\n	<li>Шлем</li>\n	<li>Обувь и сумка для мела</li>\n</ol>\n', '<p>Guga - Mail: gugadabrunda@gmail.com &nbsp; &nbsp;Tel: (+995) 557 300 700</p>\n\n<p>Temo - Mail: samsonadze.temo9@gmail.com&nbsp; &nbsp; Tel; (+995) 598 45 70 48</p>\n', NULL, NULL, '2021-03-02 17:31:38', '2023-06-29 21:34:55'),
(107, 'ru', 'Скалолазание на Монументе Лоткина', '<p>Добро пожаловать к монумент Лоткину. Это 40-метровая бетонная конструкция.</p>\n', '<p>Добро пожаловать к монумент Лоткину.</p>\n\n<p>Это 40-метровая бетонная конструкция. Здание находится на окраине города, и попасть в суд не составит труда. Проект только начался, но после его завершения можно будет пройти 2-х канатный мульти-питч. Также можно лазить по нитке.</p>\n', '<p>На сегодняшний день существует 6 трасс для спортивного скалолазания и 1 трасса для скалолазания.</p>\n\n<p>Самая высокая из 2-х линий - 40 м, 1-я линия - 30 м и 3 линии - 20 м. класс 5с / 7а</p>\n\n<p>В середине 40-метровых линий - верхние цепи.</p>\n', '<p>Из метро &laquo;<a href=\"https://goo.gl/maps/Rjou6mefmr52\">Привокзальная площадь</a>&raquo; к верхнему выходу курсируют автобусы №110, №111, №48 (<a href=\"http://goo.gl/maps/EG9Emms68YN5yGvC7\">stop 1</a>) и №36 (<a href=\"https://goo.gl/maps/2XZPEGVgAEP7QezZ8\">stop 2</a>) до (<a href=\"https://www.google.com/maps/d/u/0/viewer?mid=1Nzu-J7c65ivpXrma5iAdWye1a7nhYslt&amp;ll=41.72681806910237%2C44.81414870000003&amp;z=15\">см. Карту</a>)</p>\n', '<p>Подниматься сюда можно круглый год, в зависимости от погоды.</p>\n', '<ol>\n	<li>20 оттяжек</li>\n	<li>(мин.) 40 м - (макс.) Веревка 80 м</li>\n	<li>Обвязка</li>\n	<li>Страховочное устройство</li>\n	<li>Шлем</li>\n	<li>Обувь и сумка для мела</li>\n</ol>\n', '<p><strong>Guga</strong> - Mail: gugadabrunda@gmail.com &nbsp; &nbsp;Tel: (+995) 557 300 700</p>\n\n<p><strong>Temo </strong>- Mail: samsonadze.temo9@gmail.com&nbsp; &nbsp; Tel; (+995) 598 45 70 48</p>\n', NULL, NULL, '2021-03-02 17:36:24', '2023-06-29 21:33:42'),
(108, 'ru', 'Скалолазание в Чиатуре', '<p>Чиатура - одно из самых перспективных мест для скалолазания в Грузии.</p>\n', '<p>Чиатура - одно из самых перспективных мест для скалолазания в Грузии. На этой скале в 70-х и 80-х годах проходили чемпионаты Советского Союза.</p>\n', '<p>Эта область находится в стадии разработки. Маршруты бывают разной классификации от 5а до 7а. Есть только одна линейка 8а сорт. И еще 3 мульти-питча.</p>\n\n<p><strong>Для вашей безопасности используйте халмет!</strong></p>\n\n<p><strong>Площадка не свободна для крепления !!!</strong><br />\nВ случае, если вы планируете приехать на болтовню в Грузию, сообщите о своих планах местному сообществу.</p>\n\n<p>Любая строка, которая не соответствует нашим стандартам, будет удалена.</p>\n', '<p>Чиатура находится в 180 км от столицы Тбилиси. На машине вам понадобится примерно 2 часа.</p>\n\n<p>Остановиться в городе можно в общежитии или на альпинистской базе, расположенной в 9 км от центра в селе Кацхи.</p>\n', '<p>Зависит от погоды.</p>\n', '<ol>\n	<li>20 оттяжка</li>\n	<li>веревка 60 м</li>\n	<li>обвязка</li>\n	<li>Страховочное устройство</li>\n	<li>Шлем (используйте шлем для вашей безопасности!)</li>\n	<li>Обувь и сумка для мела</li>\n</ol>\n', '<p>Guga - Mail: gugadabrunda@gmail.com &nbsp; &nbsp;Tel: (+995) 557 300 700</p>\n\n<p>Temo - Mail: samsonadze.temo9@gmail.com&nbsp; &nbsp; Tel; (+995) 598 45 70 48</p>\n', NULL, NULL, '2021-03-02 17:38:50', '2023-06-29 21:31:57'),
(109, 'ru', 'Скалолазание в Местии (Чалаади)', '<p>.</p>\n', '<p>Сванетия&nbsp;&mdash; одно из самых красивых мест в Грузии.</p>\n\n<p>Есть много видов активного спорта и исторических и красивых мест для посещения.</p>\n\n<p>Местия &mdash; центр Сванетии, расположенный на высоте 1500 м над уровнем моря и в 460 км в 8 часах езды от Тбилиси.</p>\n', '<h2><strong>в регионе набивка трасс запришина!!!</strong></h2>\n\n<p>в случае если вы хотите сделать свой маршрут\\трассу свяжитесь&nbsp;с местными спортсменами. в противном случае ваша трасса может быть демантирывана.</p>\n\n<p><strong>драйтулинг в региони также запрещено!!!</strong></p>\n\n<p><strong>Используйте шлем для вашей безопасности!</strong></p>\n', '', '<p>Лучшее время для восхождений конец лета начало осени. Район скалолазания легко добраться автостопом, он находится в 10 км от центра города.</p>\n', '<ol>\n	<li>14 оттяжка</li>\n	<li>веревка 70 м</li>\n	<li>обвязка</li>\n	<li>Страховочное устройство</li>\n	<li>Шлем (используйте шлем для вашей безопасности!)</li>\n	<li>Обувь и сумка для мела</li>\n</ol>\n', '<p>Guga - <strong>Mail</strong>: gugadabrunda@gmail.com &nbsp; &nbsp;<strong>Tel</strong>: (+995) 557 300 700</p>\n\n<p>Temo - <strong>Mail</strong>: samsonadze.temo9@gmail.com&nbsp;</p>\n', NULL, NULL, '2021-03-02 17:41:37', '2023-06-29 21:31:00'),
(110, 'ru', 'Скалолазание в Дзеври', '<p>.</p>\n', '<p>Трассы для скалолазания проходят очень близко к дороге, и большинство из них имеют комфортную стартовую площадку.</p>\n\n<p>Можно разбить лагерь в районе скалолазания.</p>\n\n<p>Рядом со скалами есть ресторан и рынок.</p>\n\n<p>Местные жители очень дружелюбны к сообществу альпинистов.</p>\n\n<p>Скала имеет различную экспозицию и даже в жару на солнце можно найти тенистое место для подъема.</p>\n', '<h2><strong>в регионе набивка трасс запришина!!!</strong></h2>\n\n<p>в случае если вы хотите сделать свой маршрут\\трассу свяжитесь&nbsp;с местными спортсменами. в противном случае ваша трасса может быть демантирывана.</p>\n\n<p><strong>драйтулинг в региони также запрещено!!!</strong></p>\n', '<p>Расстояние от Тбилиси 200 км 3 часа езды.</p>\n\n<p>Расстояние от кутаисского аэропорта &laquo;Копитнари&raquo; 60 км, 1 час езды. (Показать карту)</p>\n', '<p>Лучший сезон для восхождений начало лета и осень, но при хорошей погоде можно лазить в течение всего года.</p>\n', '<ol>\n	<li>14 оттяжка</li>\n	<li>веревка 60 м</li>\n	<li>обвязка</li>\n	<li>Страховочное устройство</li>\n	<li>Шлем (используйте шлем для вашей безопасности!)</li>\n	<li>Обувь и сумка для мела</li>\n</ol>\n', '<p>Guga - <strong>Mail</strong>: gugadabrunda@gmail.com &nbsp; &nbsp;<strong>Tel</strong>: (+995) 557 300 700</p>\n\n<p>Temo - <strong>Mail</strong>: samsonadze.temo9@gmail.com&nbsp;</p>\n', NULL, NULL, '2021-03-02 17:44:09', '2023-06-29 21:29:17'),
(111, 'ru', 'Скалолазание в Кутаиси(Чома)', '<p>В Кутаиси нет множества скалолазных трасс, но для приятного времяпровождения вполне достаточно. Сложность трасс колеблется от 5А до 7А , что идеально для начинающих скалолазов.</p>\n', '<p>Кутаиси второй по величине город в Грузии. Население --147&nbsp;635 человек.</p>\n\n<p>Кутаиси расположен на расстоянии 235 км. от Тбилиси. Высота над уровнем моря 125-300 метров. В городе нет множества скалолазных трасс, но для приятного времяпровождения вполне достаточно. Сложность трасс колеблется от 5А до 7А , что идеально для начинающих скалолазов.</p>\n', '', '<p>В Кутаиси можно легко доехать из любого города Грузии. Сюда едет муниципальный транспорт из всех городов Грузии. В случае путешествия на собственном автомобиле используйте GPS навигатор. Также в 5ти километрах от города находится аэропорт. Полёты осуществляются как внутри страны так и за рубеж.</p>\n\n<p>Для похода по скальным маршрутам воспользуйтесь картой.</p>\n\n<p>Заночевать можно в одной из гостинец в Кутаиси или в палатке непосредственно возле скал.</p>\n\n<p>&nbsp;</p>\n', '<p>Лучшее время для скалолазания здесь &ndash; весна и осень. Летом здесь очень жарко, а зимой холодно. Но в тёплые зимние дни возможно тренироваться.</p>\n', '<p>12 оттяжка<br />\nВеревка 60 м<br />\nОбвязка<br />\nСтраховочное устройство<br />\nШлем<br />\nОбувь и сумка для мела</p>\n', '<p>Guga - <strong>Mail</strong>: gugadabrunda@gmail.com &nbsp; &nbsp;<strong>Tel</strong>: (+995) 557 300 700</p>\n\n<p>Temo - <strong>Mail</strong>: samsonadze.temo9@gmail.com&nbsp;</p>\n', NULL, NULL, '2021-03-02 17:46:18', '2023-05-24 07:42:59'),
(112, 'ru', 'Скалолазание в Арша', '<p>Казбеги (Степанцминда), расположенный на севере и 1750 над уровнем моря, является одним из самых популярных и туристических мест в Грузии.</p>\n', '<p>Арша расположен на севере Грузии , от конца деревни Степанцминда в 5ти километрах и от Тбилиси в 160 ти километрах. Высота над уровнем моря 1500 метров, население 700 человек.</p>\n\n<p>Среди любителей экстримального туризма регион Степанцминда очень популярен. Здесь можно заняться как скалолазанием так и трекингом , велотуризмом, джомардингом, альпинизмом, полетать на параплане и многое другое. Любителям альпинизма советуем также посетить Казбегский и Чаухский районы. Также в 6ти километрах находится другой скалолазный массив &ndash; Цдо ,который также интересен для альпинистов.</p>\n\n<p>Сложность маршрутов в регионе колеблется от 5А до 7В ,поэтому это отличное место для начинающих спортсменов и любителей. Также возможно мультипическо лазание.</p>\n\n<p><br />\nРасстояние от Казбеги: 3 км. К региону недавно приехали, здесь 30 спортивных трасс. Возможны традиционные и многоступенчатые лазания. Высота стены: 120 м, ширина: 250 м.</p>\n', '<p>&nbsp;</p>\n\n<h2><strong>в регионе набивка трасс запришина!!!</strong></h2>\n\n<p>в случае если вы хотите сделать свой маршрут\\трассу свяжитесь&nbsp;с местными спортсменами. в противном случае ваша трасса может быть демантирывана.</p>\n\n<p><strong>драйтулинг в региони также запрещено!!!</strong></p>\n\n<p><strong>используете краску для вашей безопасности!!!</strong></p>\n', '<p>Для приезда в Аршу необходимо от Казбега доехать до Степанцминда муниципальным транспортом и отсюда пешком пройти 1,5 километра. Можно в Казбеги арендовать такси.</p>\n\n<p>В случае поездки на своём автомобиле &ndash; машина должна быть 4х4 (смотрите карту).</p>\n\n<p>В Степанцминда и в Арше множество гостиниц ,в которых можно остановиться на ночлег (цены от 30 лари). В Арше так же есть место для кемпинга ,в 10 -15 минутах ходьбы от скал.</p>\n', '<p>Так как этот скальный сектор расположен в высокогорном регионе ,тренировки здесь возможны в конце весны , летом и в начале осени. Зимой из за низкой температуры воздуха и частых снегопадов тренировки невозможны. Зимой советуем потренироваться на Гвелетском замёрзшем водопаде.</p>\n', '<p>Вам понадобится</p>\n\n<ol>\n	<li>\n	<p>20 оттяжка</p>\n	</li>\n	<li>\n	<p>веревка 60 м</p>\n	</li>\n	<li>\n	<p>обвязка</p>\n	</li>\n	<li>\n	<p>Страховочное устройство</p>\n	</li>\n	<li>\n	<p>Шлем (используйте шлем для вашей безопасности!)</p>\n	</li>\n	<li>\n	<p>Обувь и сумка для мела</p>\n	</li>\n</ol>\n', '<p>Guga - Mail: gugadabrunda@gmail.com &nbsp; &nbsp;Tel: (+995) 557 300 700</p>\n\n<p>Temo - Mail: samsonadze.temo9@gmail.com&nbsp; &nbsp; Tel; (+995) 598 45 70 48</p>\n', NULL, NULL, '2021-03-02 17:51:02', '2023-06-29 21:26:09'),
(113, 'ru', 'Скалолазание на Черноморском побережье', '<p>Если вы хотите заняться скалолазанием на берегу моря, побережье Черного моря предлагает некоторые возможности для этого.</p>\n', '<p>Если вы хотите заняться скалолазанием на берегу моря, побережье Черного моря предлагает некоторые возможности для этого.</p>\n', '<p>На некоторых маршрутах есть новые болты, в то время как большинство было прикручено довольно давно. Поэтому лучше лезть по канату. В остальном качество камня достойное. Сложность маршрутов варьируется от 5А до 7A.</p>\n', '<p>Расстояние от столицы Тбилиси до Сарпи (прямо у турецкой границы) - 380 км. Как вариант, вы можете прилететь в аэропорт Батуми. Скалы для скалолазания находятся в 10 км отсюда, до них легко добраться на маршрутке.</p>\n\n<p>Где остановиться<br />\nВы можете остановиться в частных домах или в отелях в Сарпи, Гонио или Квариати (все они рядом). Цены начинаются от 25-30 лари (около 10-15 евро) и растут в зависимости от сезона.</p>\n', '<p>У вас есть возможность лазать как на солнце, так и в тени, хотя в летний сезон следует учитывать жару. Лучшее время<br />\nзаниматься альпинизмом май, июнь, сентябрь и октябрь.</p>\n', '<ol>\n	<li>20 оттяжка</li>\n	<li>веревка 60 м</li>\n	<li>обвязка</li>\n	<li>Страховочное устройство</li>\n	<li>Шлем (используйте шлем для вашей безопасности!)</li>\n	<li>Обувь и сумка для мела</li>\n</ol>\n', '<p><strong>Guga </strong>- Mail: gugadabrunda@gmail.com &nbsp; &nbsp;Tel: (+995) 557 300 700</p>\n\n<p><strong>Temo </strong>- Mail: samsonadze.temo9@gmail.com&nbsp; &nbsp; Tel; (+995) 598 45 70 48</p>\n', NULL, NULL, '2021-03-02 17:53:23', '2023-06-29 21:25:16'),
(114, 'ru', 'скалолазание в биртвиском канёне', '<p>Биртвийский каньон расположен в 40 км.&nbsp;от Тбилиси.&nbsp;На скалолазном участке трассы в основном болдеринговые маршруты , но есть и спортивные трассы.</p>\n', '<p>Биртвийский каньон расположен в 40 километрах от Тбилиси . высота над уровнем моря&nbsp;1077 метров. Здесь вы сможете заняться скалолазанием ,трекинингом, каньёнингом. На скалолазном участке трассы в основном болдеринговые маршруты , но есть и спортивные трассы.</p>\n', '<p>Сложность маршрутов колеблется&nbsp;от&nbsp;5А до 7С,&nbsp;болдеринг&nbsp;V1 - V7,&nbsp;&nbsp;поэтому тренировки для любителей и начинающих спортсменов идеальны</p>\n\n<h2><strong>в регионе набивка трасс запришина!!!</strong></h2>\n\n<p>в случае если вы хотите сделать свой маршрут\\трассу свяжитесь&nbsp;с местными спортсменами. в противном случае ваша трасса может быть демантирывана.</p>\n\n<p><strong>драйтулинг в региони также запрещено!!!</strong></p>\n\n<p><strong>используете краску для вашей безопасности!!!</strong></p>\n', '<p>Дорога до скального сектора и каньона начинается от деревни Тбиси , здесь вам придётся оставить машину и пройти пешком 45 &ndash; 60 минут по лесной зоне ( см. карту ) Необходимо иметь машину 4х4. Ночёвка возможна здесь только в палатках. Место для палаток в середине скального участка и легко и быстро (5минут) можно добраться до маршрута . Воду можно набирать выше кемпинга по дороге протекает река .</p>\n', '<p>Наилучшее время для посещения Биртвийского каньона - весна и осень .В летнее время в каньоне очень жарко. А зимой достаточно холодно . но бывают и тёплые зимние дни . когда возможна тренировка</p>\n', '<p>Для спортивного скалолазания вам понадобятся:</p>\n\n<ol>\n	<li>Веревка 50 м</li>\n	<li>10 Экспресс</li>\n	<li>Страховочная устройство и&nbsp;обвязка</li>\n	<li>шлем</li>\n</ol>\n\n<p>Для боулдеринга вам понадобится &quot;крэшпад&quot;&nbsp; (<a href=\"https://images.app.goo.gl/X598rhKxzugftkZA8\">crash bad</a>)</p>\n', '<p>Guga: <strong>Tel</strong>. (+995)&nbsp;557 300 700 <strong>Mail</strong>.&nbsp;gugadabrunda@gmail.com</p>\n\n<p>Temo: <strong>Mail</strong>. samsonadze.temo9@gmail.com</p>\n', NULL, NULL, '2021-03-02 17:55:39', '2023-06-29 21:24:04');
INSERT INTO `locale_articles` (`id`, `locale`, `title`, `short_description`, `text`, `route`, `how_get`, `best_time`, `what_need`, `info`, `price_text`, `address`, `created_at`, `updated_at`) VALUES
(115, 'ru', 'Скалолазание в \"Тбилисском ботаническом саду\"', '<p>Грузинские альпинисты всех десятилетий занимались альпинизмом в Ботаническом саду - одном из лучших мест для скалолазания в Тбилиси.</p>\n', '<p>Ботанический сад прекрасное место для отдыха и хорошего времяпровождения. Основан в 1845 году и занимает площадь 126 гектаров. Ботанический сад расположен в исторической части города Тбилиси южнее хребта Сололаки , в долине реки Легвта - Хеви , из -за перепадов высоты по ходу русла реки можно полюбоваться водопадами.</p>\n\n<p>На территории ботанического сада имеется скалодром. Этот участок для скальных тренировок имеет свою историю. Грузинские спортсмены , прошлого века с 70х годов и до сегодняшнего дня тренируются здесь. Место прекрасное для тех кто никогда не тренировался на природных скалах.</p>\n', '<p>Помимо верхних веревочных маршрутов, маршрут № 9, 10, 13, 14, 15 и 22 закреплены болтами. № 1 и 2 - это проекты, которые еще предстоит закрепить. Маршруты боулдеринга не обозначены на скалах, но легко узнаваемы, их можно увидеть на фотографиях здесь.</p>\n\n<p>У вас также есть возможность пройти 80-метровый траверс через все скалы Ботанического сада.</p>\n', '<p>На скалодром можно обраться двумя путями.</p>\n\n<p>Первый : через главный вход ботанического сада войти может каждый желающий. Учтите , что вход платный.</p>\n\n<p>Второй : возле крепости Нарикала есть вход. Этим входом пользуются только работники ботанического сада и грузинские спортсмены &ndash; альпинисты, которые постоянно здесь тренируются и об этих людях у охраны есть сведения</p>\n', '<p>В ботаническом саду тренироваться можно в любое время года. В летнее время лучше всего тренироваться когда солнце не освещает скалы ( после 17.00). Зимой же наоборот - . в утренние часы до 15.00 , когда солнце согревает скалы и приятно лазать по маршрутам.</p>\n', '<p>вам понадобятся:</p>\n\n<ol>\n	<li>Веревка 50 м</li>\n	<li>10 Экспресс</li>\n	<li>Страховочная устройство и обвязка</li>\n	<li>шлем</li>\n</ol>\n', '<p>Guga - <strong>Mail</strong>: gugadabrunda@gmail.com &nbsp; &nbsp;<strong>Tel</strong>: (+995) 557 300 700</p>\n\n<p>Temo - <strong>Mail</strong>: samsonadze.temo9@gmail.com</p>\n', NULL, NULL, '2021-03-02 18:29:06', '2023-06-29 21:22:40'),
(116, 'ru', 'Скалолазание в Навардзети (чиатура)', '<p>Поселок &laquo;Навардзети&raquo; находится в 4,5 км от Чиатуры в направлении большого альпинистского района &laquo;каччи&raquo;.</p>\n', '<p>Поселок &laquo;Навардзети&raquo; находится в 4,5 км от Чиатуры в направлении большого альпинистского района &laquo;каччи&raquo;.</p>\n\n<p>Линии для скалолазания новые, регион находится в стадии разработки, поэтому на сегодняшний день у нас есть только 7 маршрутов, но вскоре наш клуб &laquo;Клуб грузинских альпинистов&raquo; планирует закрепить все возможные веревки в районе.</p>\n\n<p>Высота скалы 30/40 м, но максимальная высота линий 30 м.</p>\n\n<p>Оценка от главной дороги пешком около 200 м.</p>\n\n<p>На главной дороге возле площадки для скалолазания можно набрать родниковую воду.</p>\n\n<p>Вы можете использовать кемпинг альпинистов в качи, чтобы остаться во время путешествия.</p>\n', '<p>Площадка не свободна для крепления !!!<br />\nВ случае, если вы планируете приехать на болтовню в Грузию, сообщите о своих планах местному сообществу.</p>\n\n<p>Любая строка, не соответствующая нашим стандартам, будет удалена.</p>\n\n<p>На территории разрешено восхождение по традиции. В зоне для скалолазания запрещен сухой толлинг.</p>\n\n<p>кемпинг под веревками запрещен !!!!!!!</p>\n\n<p>для вашей безопасности всегда используйте шлем !!!!!!!!!</p>\n', '<p>Из Чиатуры в Навардзет ходит маршрутка. Также можно воспользоваться маршруткой до Кацхи и сойти возле села Навардзети.</p>\n', '<p>Большой плюс местности в том, что после 15:00 скала находится в тени, поэтому летом можно лазить в тени.</p>\n', '<ol>\n	<li>20 оттяжка</li>\n	<li>веревка 60 м</li>\n	<li>обвязка</li>\n	<li>Страховочное устройство</li>\n	<li>Шлем (используйте шлем для вашей безопасности!)</li>\n	<li>Обувь и сумка для мела</li>\n</ol>\n', '<p>Guga - Mail: gugadabrunda@gmail.com &nbsp; &nbsp;Tel: (+995) 557 300 700</p>\n\n<p>Temo - Mail: samsonadze.temo9@gmail.com&nbsp; &nbsp; Tel; (+995) 598 45 70 48</p>\n', NULL, NULL, '2021-03-02 18:31:44', '2023-06-29 21:20:22'),
(117, 'ru', 'Скалолазание в Цдо', '<p>Цдо - небольшая деревня недалеко от Казбеги, красивое место. Это прекрасное место для занятий спортом и лазанием по многим веревкам.</p>\n', '<p>Горный туризм является основным направлением в Казбеги (вершина 5047 м), однако создание соответствующей инфраструктуры для восхождений продолжается. Деревня Цдо находится от казбека примерно в 7 км.</p>\n', '<p>Мы постоянно добавляем новые маршруты в этот регион. Маршруты варьируются от 5А до 8А. Также у нас есть 3, 2 веревочные маршруты (мультиплеер).</p>\n\n<p>В целях безопасности используйте долото!</p>\n\n<p>Совершать маршруты (саботаж) в районе Сацоц без местных слесарей категорически запрещено!<br />\nЕсли вы планируете делать матрас в Чиатуре, обязательно сообщите об этом местным пекарям. В противном случае ваш маршрут может быть разобран.</p>\n\n<p>Скалолазание &quot;Drytooling&quot; в регионе категорически запрещено!</p>\n', '', '<p>Июнь-октябрь, но при хорошей погоде можно подняться даже зимой.</p>\n', '<ol>\n	<li>20 оттяжка</li>\n	<li>веревка 60 м</li>\n	<li>обвязка</li>\n	<li>Страховочное устройство</li>\n	<li>Шлем (используйте шлем для вашей безопасности!)</li>\n	<li>Обувь и сумка для мела</li>\n</ol>\n', '<p>Guga - Mail: gugadabrunda@gmail.com &nbsp; &nbsp;Tel: (+995) 557 300 700</p>\n\n<p>Temo - Mail: samsonadze.temo9@gmail.com&nbsp; &nbsp; Tel; (+995) 598 45 70 48</p>\n', NULL, NULL, '2021-03-02 18:36:35', '2023-06-29 20:22:28'),
(118, 'ru', 'Скалолазание в лагере Чаухи', '<p>Помимо альпийского стиля, вы можете пройти спортивный маршрут на базовый лагерь Чаухи.</p>\n', '<p>Горы Чаухи - место в провинции Хевсурети. Ближайшая деревня - Джута. Скалистые горы построены из зеленых альпийских холмов. Альпинистские навыки очень близки к базовому лагерю. Здесь у очень маленьких массивных альпинистов есть всевозможные маршруты, которые интересны как новичкам, так и профессионалам. (информацию о альпинизме <a href=\"http://climbing.ge/mountaineering\">смотрите здесь</a>).</p>\n\n<p>В дополнение к альпийскому стилю, вы можете отправиться в поход по спортивной тропе в Bace Camp.</p>\n', '<p>Здесь небольшой маршрут (максимум 15 м), 3 трассы с болтовым креплением и канатная дорога. В основном этот маршрут предназначен для тренировок по восхождению в альпийском стиле, но он хорош для лазания с отдыхом на 3-4 часа. Район подходит для начинающих альпинистов.</p>\n', '<p>Маршрут Эври, ведущий к массиву Пик Каухи, начинается с одного лагеря (ЛАГЕРЬ 1). Маршрут по горному массиву Чаухи начинается в поселке Джута (2100 м). Пройдя деревню и доберитесь до кладбища Зета. в лагере можно принять душ, поесть и переночевать. От лагеря ехать по реке Каухи, трасса обозначена хорошо. Пройдя через покрытые травой плато и склоны, вы выйдете на высокое плато (cemp-1 2250м), на краю которого стоят три копания (10м). На dhese bolders есть колья и есть возможность заняться скалолазанием. Это плато отлично подходит для кемпинга.</p>\n', '<p>Лучшее время для восхождения на чаухи - с середины июля до середины сентября.</p>\n', '<p>Для скалолазания на базовый лагерь чаухи вам понадобятся:</p>\n\n<ol>\n	<li>6 оттяжка</li>\n	<li>Веревка 40 м</li>\n	<li>Обвязка</li>\n	<li>Страховочное устройство</li>\n	<li>Шлем (используйте шлем для вашей безопасности)</li>\n	<li>Обувь и сумка для мела</li>\n</ol>\n', '<p>For more information about climbing area contact me.</p>\n\n<p>Temo - Mail: samsonadze.temo9@gmail.com&nbsp; &nbsp; Tel; (+995) 598 45 70 48</p>\n', NULL, NULL, '2021-03-02 18:39:32', '2023-06-29 20:21:05'),
(119, 'ru', 'Bouldering Club Tbilisi', '<p>Зал болдеринга на Вере при Федерации альпинизма.</p>\n', '<p>Верийский боулдеринговый зал находится под эгидой федерации альпинизма, это небольшой зал для болдеринга. Высота стены&nbsp;4,5 метра .Здесь множество стен с разнообразными рельефами, много различных маршрутов и приятная дружеская обстановка, которая даст вам стимул для тренировок и совершенствования техники скалолазания.</p>\n\n<p>В зале нет аренды инвентаря для тренировок и поэтому необходимо иметь с собой своё снаряжение.</p>\n', NULL, '<p>Зал расположен в здании дворца шахмат, на первом этаже. Вход с задней( парковочной )стороны. Адрес : г.Тбилиси улица Мераба Костава 37-А</p>\n', NULL, '', '<p>Oto -&nbsp;(+995)&nbsp;514 51 11 77</p>\n\n<p>Temo - (+995) 598 45 70 48</p>\n', NULL, NULL, '2021-03-02 18:49:57', '2023-06-29 20:08:51'),
(120, 'ru', 'S.K.Lucky', '<p>Зал для тренировок по лазанию S.K.LUCKU. &ndash; один из лучших залов в Грузии. Здесь вы можете заняться как болдерингом так и маршрутами</p>\n', '<p>Зал для тренировок по лазанию S.K.LUCKU. &ndash; один из лучших залов в Грузии. Здесь вы можете заняться как болдерингом так и маршрутами. Высота стен для спортивного лазания 12 метров, для болдеринга 4 метра. В зале вас встретят инструкторы и помогут вам выбрать маршрут в зависимости от сложности и вашего опыта и обеспечат страховку в случае если вы пришли один и нет у вас партнёра.</p>\n\n<p>В зале есть всё необходимое снаряжение и оборудование для того , что бы вы комфортно себя чувствовали и насладились процессом тренировки. Учтите , что аренда снаряжения платная</p>\n', NULL, '<p>Зал находится по адресу: Тбилиси улица университетская 6 ,спорт комплекс Арена 2, второй этаж.</p>\n\n<p>Сюда можно добраться как городским транспортом так и на личном автомобиле или такси( смотрите карту).</p>\n', NULL, '', '<p>&nbsp;</p>\n\n<p>Tel: (+995) 574 80 95 02</p>\n', NULL, NULL, '2021-03-02 18:52:39', '2023-06-29 20:07:53'),
(121, 'ru', '.', '<p>..</p>\n', '<p>.</p>\n', NULL, '', NULL, '', '', NULL, NULL, '2021-03-02 18:54:34', '2023-11-20 01:09:22'),
(122, 'ru', 'Ледолазание в Гвелети', '<p>Ледолазание в Гвелети - одно из лучших мест для этого занятия.</p>\n', '<p>Ледолазание в Гвелети - одно из лучших мест для этого занятия. лазание на территории с использованием традиционных и сухих инструментов разрешено.</p>\n', '', '<p>Из Тбилиси вам нужно ехать до казбека &laquo;степанцминда&raquo; 160 км, а затем ехать в направлении владикавказ 9 км от казбека и повернуть налево, пока вы пересекаете мост в гвелети. Затем идите прямо к ледопаду. время прогулки 20/30 минут в зависимости от состояния снега.</p>\n', '<p>Лучшее время для восхождения - январь, февраль и начало марта в холодную погоду.</p>\n', '<ol>\n	<li>Веревка 60 м (2 шт.) Или 120 м (1 шт.)</li>\n	<li>Ледоруб</li>\n	<li>Кошки</li>\n	<li>Страховочное устройство</li>\n	<li>Карабины (4-5 шт.)</li>\n	<li>Обвязка</li>\n	<li>Шлем</li>\n</ol>\n\n<p>Для лазания</p>\n\n<ol>\n	<li>7-8 Ледобур и Quickdraw</li>\n</ol>\n', '<p><strong>Guga -</strong>&nbsp;Mail: gugadabrunda@gmail.com&nbsp; &nbsp; Tel: (+995) 557 300 700.</p>\n\n<p><strong>Temo</strong>&nbsp;- Mail; samsonadze.temo9@gmail.com&nbsp; &nbsp; &nbsp;Tel: (+995) 598 45 70 48</p>\n', NULL, NULL, '2021-03-19 20:23:10', '2023-08-05 10:49:59'),
(123, 'ru', 'Ледолазание в долине Атени', '<p>Ледолазание - довольно устоявшаяся спортивная дисциплина в Грузии. Одно из лучших мест для занятий спортом - в долине Атени недалеко от деревни Бийс.</p>\n', '<p>Ледолазание - довольно устоявшаяся спортивная дисциплина в Грузии. Одно из лучших мест для занятий спортом - в долине Атени недалеко от деревни Бийс.</p>\n', '', '<p>От Тбилиси до Бийса потребуется около 1,5 часов, расстояние 130 км. Следуя по главному автомобильному маршруту, вы поворачиваете налево и въезжаете в деревню. Рекомендуется передвигаться на автомобиле 4 &times; 4, так как в этом случае вы сможете проехать еще 300 метров в деревню, не оставляя машину припаркованной на главной дороге из-за плохих уличных условий.</p>\n\n<p>Припарковав машину, вам нужно пройти 20 минут вверх по реке, пока не дойдете до замерзшего водопада высотой 60 метров и шириной 5-15 метров.</p>\n\n<p>Ближайшие города: 41 &deg; 51&#39;4 &quot;N 43 &deg; 59&#39;6&quot; E ►</p>\n\n<p>Где остановиться<br />\nМесто у подножия ледопада вполне подходит для кемпинга, но учтите, что ночью очень холодно!</p>\n', '<p>В зависимости от температуры года февраль - лучшее время для ледолазания.</p>\n', '<ol>\n	<li>Веревка 60 м (2 шт.) Или 120 м (1 шт.)</li>\n	<li>Ледоруб</li>\n	<li>Кошки</li>\n	<li>Страховочное устройство</li>\n	<li>Карабины (4-5 шт.)</li>\n	<li>Обвязка</li>\n	<li>Шлем</li>\n</ol>\n\n<p>Для лазания</p>\n\n<ol>\n	<li>7-8 Ледобур и Quickdraw</li>\n</ol>\n', '<p><strong>Guga -</strong>&nbsp;Mail: gugadabrunda@gmail.com&nbsp; &nbsp; Tel: (+995) 557 300 700.</p>\n\n<p><strong>Temo</strong>&nbsp;- Mail; samsonadze.temo9@gmail.com&nbsp; &nbsp; &nbsp;Tel: (+995) 598 45 70 48</p>\n', NULL, NULL, '2021-03-19 20:47:03', '2023-08-05 10:50:48'),
(124, 'ru', 'Слэклайн в Грузии', '<p>В Грузии слэклайн - это не развитая дисциплина, но она развивается.</p>\n', '<p>Slacklining - это ходьба или балансировка по подвешенной длине плоской лямки, натянутой между двумя анкерами. Слаклайнинг похож на хождение по слабой веревке и хождение по канату. Слаклайны отличаются от канатов и канатов типом используемого материала и величиной натяжения, прилагаемого во время использования. Стропы стропы натянуты значительно меньше, чем канаты или канаты, чтобы создать динамичную стропу, которая будет растягиваться и подпрыгивать, как длинный и узкий батут. Натяжение можно регулировать в соответствии с потребностями пользователя, и в различных обстоятельствах могут использоваться различные ремни. Slacklining популярен благодаря своей простоте и универсальности; его можно использовать в различных средах с небольшим количеством компонентов.</p>\n\n<p>Slacline в Грузии - В Грузии Slackline - это не развитая дисциплина, но она развивается. По всей Грузии уже есть несколько высокогорных регионов (самый популярный из них - &laquo;9 джвари&raquo; в Раче). На сайте slacklinegeorgia.wordpress.com вы можете найти подробную информацию по всем регионам Грузии.</p>\n\n<p>Как найти нас?<br />\nВ Тбилиси мы чаще всего собираемся в &laquo;парке Ваке&raquo;, &laquo;Тбилисском ботаническом саду&raquo; (в районе скалолазания) и на &laquo;озере Лиси&raquo;. Мы информируем друг друга о месте встречи на странице факсбука &laquo;Слеклайн Грузия&raquo;.</p>\n\n<p>В Батуми мы чаще всего собираемся в &laquo;Парке 6 мая&raquo; и возле &laquo;Tema Caffe Bar&raquo;. Мы информируем друг друга о месте встречи на странице факсбука &laquo;Sleckline Batumi&raquo;.</p>\n\n<p>В Кутаиси мы чаще всего собираемся в &laquo;Чома&raquo; (в районе скалолазания). Вы можете связаться с местными парнями Темо Кутдиани на facebook.</p>\n\n<p>Информация:<br />\nСтраница Facebook: Slackline georgia</p>\n\n<p>Тбилиси -&gt; Почта: Iraklisixarulidze@gmail.com; Facebook: пыльные сапоги.</p>\n\n<p>Батуми -&gt; Facebook: Ирекле Чикваидзе.</p>\n\n<p>Кутаиси -&gt; Facebook: Темо Кутдиани.</p>\n', NULL, NULL, NULL, NULL, '<p><strong>Guga -</strong>&nbsp;Mail: gugadabrunda@gmail.com&nbsp; &nbsp; Tel: (+995) 557 300 700.</p>\n\n<p><strong>Temo</strong>&nbsp;- Mail; samsonadze.temo9@gmail.com&nbsp; &nbsp; &nbsp;Tel: (+995) 598 45 70 48</p>\n', NULL, NULL, '2021-03-19 21:01:44', '2024-04-15 20:34:50'),
(125, 'ru', 'Джавахишвили класика (3A)', '<p>AD, M1, 300M, 5A (3A - RUS)</p>\n', '<p>Для восхождения требуется всего три веревки и по сложности маршрут не превосходит 5А</p>\n\n<p>В0 &ndash; маршрут начинается с кулуара Леонидзе-Джавахишвили, оттуда поднимаемся до седловины ,где находится большой камень. Слева от камня видим собранную станцию.</p>\n\n<p>Р1-от станции возможны&nbsp;два варианта подъема Первый- от станции слева ,по камину ,придерживаясь правой стороны -выходим на полку. Второй- над станцией есть трещина, лезть по правой стороне трещины и&nbsp;выходим на полку.</p>\n\n<p>Р2- от станции идем направо по наклонной расщелине и выйдем на тонкую, с положительным уклоном скалу. На стене можно найти, продолжаем лезть и находим станцию, собранную на трех элементах.</p>\n\n<p>Р3- от станции продолжаем подъем и выходим на полку где находим станцию на валуне. От станции налево идем по тропинке ,которая выводит нас на вершину Джавахишвили. Классический маршрут Джавахишвили ,самый простой путь на вершину этой горы.</p>\n\n<p>&nbsp;</p>\n\n<p>Маршрут достаточно прост ,поэтому подойдет для начинающих альпинистов. Для тех кто только начинает восхождения в горах.</p>\n\n<p>От первого лагеря до основания кулуара требуется 2-2,5 часа времени. От второго лагеря 0,45-1,5 часа.</p>\n\n<p>&nbsp;</p>\n\n<p><strong>Среднее время от кулуара до вершины всего 4-5 часов.</strong></p>\n', '', NULL, '<p>Лучшее время для&nbsp;маршрута&nbsp;- лето. В это время выпадает меньше всего осадков, а температура самая высокая (от 12 до 0 градусов), но на маршрут&nbsp;можно выходить&nbsp;и зимой. Примечание: зимой в кулуаре&nbsp;намного больше снега и часты лавины. Диапазон температур от -15 до -25 градусов.</p>', '<p>На маршруте&nbsp;вам понадобятся:</p>\n\n<ol>\n	<li>Веревка 50 м</li>\n	<li>Закладка 4-5&nbsp;(средних размеров)</li>\n	<li>Камелоты 3-4 (средних размеров)</li>\n	<li>Оттяжки 4-5</li>\n	<li>Карабин 3-4с и самостраховка</li>\n	<li>Спусковое - страховачная устроиство</li>\n	<li>Обвязка и шлем</li>\n	<li>Кошки и ледоруб (в зависимости от количества снега в кулуаре)</li>\n</ol>\n\n<p>Зимой вам понадобится дополнительное снарежение</p>\n\n<ol>\n	<li>Снегастапы</li>\n	<li>Ледобуры 2-3 части</li>\n</ol>\n', '<p>Темо - samsonadze.temo9@gmail.com</p>\n', NULL, NULL, '2021-10-03 07:01:13', '2023-07-28 02:13:47'),
(126, 'ru', 'Скалолазание в муниципалитете Боржоми', '<p>Боржоми находится в Восточной Грузии, здесь можно заняться скалолазанием, а также различными видами активного отдыха.</p>\n', '<p>Боржоми находится в Восточной Грузии, З.Д. 900 м. Население ~ 10 000 человек. Муниципалитет Боржоми очень популярен среди любителей приключенческого туризма. Здесь можно заняться скалолазанием, а также различными видами деятельности: треккингом, велотуром, рафтингом и прочим.</p>\n\n<p>В 10 км от Боржоми находится поселок в поселке Тимотесубани. История области восходит к 80-м годам прошлого века, но в последние 20-25 лет никакой деятельности в области не велось. Зимой 2021 года началась реабилитация района. Изначально был пройден только 1 сектор и 8 маршрутов, но уже к лету 2022 года планируется сделать больше маршрутов.</p>\n', '<p>Зимой 2021 года началась реабилитация района. Изначально был пройден только 1 сектор и 8 маршрутов, но уже к лету 2022 года планируется сделать больше маршрутов.</p>\n\n<p>Камень - базальт</p>\n\n<h2><strong>в регионе набивка трасс запришина!!!</strong></h2>\n\n<p>в случае если вы хотите сделать свой маршрут\\трассу свяжитесь&nbsp;с местными спортсменами. в противном случае ваша трасса может быть демантирывана.</p>\n\n<p><strong>драйтулинг в региони также запрещено!!!</strong></p>\n\n<p><strong>Используйте шлем для вашей безопасности!!!</strong></p>\n', '<p>Едем из Боржоми в Бакуриани, через 9 км встретим село Цахвери. С центральной площади Цахвери поворачиваем налево и идем 700-1000 м в район села Тимоте. Справа встретим источник (и отметку источника). У истока находим мост через реку переходим мост и встречаем скалу. Здесь можно поставить машину. Подробности смотрите на карте.</p>\n', '<p>Лучшее время для лазания в регионе: поздний газ, лето до середины осени. Днем скала в основном находится в тени, поэтому днем ​​в основном холодно. Мы рекомендуем вам проверить погоду до прибытия в регион.</p>\n', '<ol>\n	<li>14 Экспресс</li>\n	<li>Веревка 60 м</li>\n	<li>Защитный пояс</li>\n	<li>Система защиты</li>\n	<li>шлем</li>\n	<li>Скутеры и помидоры Магнезия</li>\n</ol>\n', '<p>Temo - Tel - (+995) 598457048.&nbsp;Email - samsonadze.temo9@gmail.com</p>\n', NULL, NULL, '2021-11-21 18:30:47', '2023-06-29 20:10:57'),
(127, 'ru', 'Новые скалолазные сектора в Боржоми', '<p>Муниципалитет Боржоми - один из самых популярных у туристов и любителей активного отдыха. Недавно здесь был добавлен новый скалолазныей сектор.</p>', '<p>Боржоми находится в 150 км от Тбилиси. Муниципалитет Боржоми - один из самых популярных у туристов и любителей активного отдыха. Здесь можно посетить национальный парк Боржоми-Харагаули, где можно заняться трекингом, а также посетить серные бани и заняться рафтингом.</p>\n\n<p>В 20 км от Боржоми находится село Цеми, где находится одно из старейших скалолазныей сектор&nbsp;Грузии. Соревнования&nbsp;проводились еще в 80-х годах 20 века. Тем не менее, последние 20 лет регион был полностью забыт, и спортивные мероприятия здесь не проводились. Инфраструктуры в секторе не было, поэтому лазить сюда было невозможно.</p>\n\n<p>В ноябре 2021 года начались работы по обновлению сектора. На первом этапе было проложено всего 3 маршрута, но в ближайшее время работы будут продолжены и здесь будет проложено еще больше маршрутов движения.</p>\n\n<p><a href=\"https://climbing.ge/outdoor/climbing_near_borjomi\">Перейдите по ссылке, чтобы увидеть подробное описание региона.</a></p>', NULL, NULL, NULL, NULL, '<p><strong>Temo -</strong>&nbsp;&nbsp;<strong>Tel:</strong> (+995) 598 45 70 48. <strong>Mail:</strong> samsonadze.temo9@gmail.com</p>', NULL, NULL, '2021-11-23 17:24:11', '2021-11-23 18:28:29'),
(128, 'ru', 'Скалодром в Степанцминде (Казбеги)', '<p>.</p>', '<p>.</p>', NULL, NULL, NULL, NULL, '<p>.</p>', NULL, NULL, '2022-05-05 18:52:52', '2022-05-05 18:59:15'),
(129, 'ru', '\"Илиаун\"', '<p>.</p>\n', '<p>Маршрут начинается слева от кулуара Леонидзе - Джавахишвили. Поднимаемся по крутому склону к низу стены, находим трещину с левой стороны. Отсюда начинается маршрут.</p>\n\n<p>P1 - начинаем лезть в широкую щель (для защиты использовать крупногабаритные вставные элементы), проходим по узкому таро и делаем защиту на хим.</p>\n\n<p>От станции Р2 продолжаем подъем вправо. Проходим через 4-5 метровую стену к большому таро, идем направо и делаем станцию ​​на Химе, у подножия большой трубы.</p>\n\n<p>P3 - Начинаем лезть в камин, на правой и левой стенке камина много щелей, чтобы сделать защиту. Над камином потолок, образованный падением больших камней. С левой стороны находим узкий проход и идем к полке. Рядом с заправкой есть химическая станция.</p>\n\n<p>P3- P4- идем одновременно налево от станции, следуем по полке, взбираемся на простую стену высотой 5м и находим основание большой стены на существующем таро.</p>\n\n<p>P4- идём по канавке посередине большой стены (самая большая канавка), идём по канавке, с правой стороны находим полку и на 4м выше полки находим 2 палоса на которых ставим станцию.</p>\n\n<p>P5 &mdash; Продолжаем карабкаться по канавке, пока не приходим к зеленой стене с разбитой, разбитой скалой.</p>\n\n<p>На стене много узких канавок. Продолжаем карабкаться по середине стены и находим узкую полку, где делаем станцию ​​(выше этого делать станцию ​​не рекомендуется).</p>\n\n<p>P6 &mdash; Продолжаем подниматься прямо, пока не доберемся до большой полки под большим камином. Делаем станцию ​​у подножия камина.</p>\n\n<p>P7- Мы продолжаем подниматься по большому дымоходу, пока не пройдем еще одно большое таро. Отсюда мы начинаем идти одновременно.</p>\n\n<p>ВЕРХ - с полки продолжаем подъем одновременно, по легкому рельефу. Идем к подножию пика. Проходим пику по небольшой полке с западной стороны (идем налево) и находим камин. Как только выходим из камина, оказываемся наверху.</p>\n\n<p>Среднее время от начала маршрута до вершины 4-6 часов.</p>\n', '', NULL, '<p>Лучшее время для&nbsp;маршрута&nbsp;- лето. В это время выпадает меньше всего осадков, а температура самая высокая (от 12 до 0 градусов), но на маршрут&nbsp;можно выходить&nbsp;и зимой. Примечание: зимой в кулуаре&nbsp;намного больше снега и часты лавины. Диапазон температур от -15 до -25 градусов.</p>', '<p>На маршруте&nbsp;вам понадобятся:</p>\n\n<ol>\n	<li>Веревка 50 м</li>\n	<li>Закладка 4-5&nbsp;(средних размеров)</li>\n	<li>Камелоты 3-4 (средних размеров)</li>\n	<li>Оттяжки 4-5</li>\n	<li>Карабин 3-4с и самостраховка</li>\n	<li>Спусковое - страховачная устроиство</li>\n	<li>Обвязка и шлем</li>\n	<li>Кошки и ледоруб (в зависимости от количества снега в кулуаре)</li>\n</ol>\n\n<p>Зимой вам понадобится дополнительное снарежение</p>\n\n<ol>\n	<li>Снегастапы</li>\n	<li>Ледобуры 2-3 части</li>\n</ol>\n', '<p>Темо - samsonadze.temo9@gmail.com</p>\n', NULL, NULL, '2022-08-23 19:24:25', '2023-07-28 01:57:37'),
(130, 'ru', 'Леонидзе Классик (4А)', '<p>.</p>\n', '<p>.</p>\n', '', NULL, NULL, '', '<p>.</p>\n', NULL, NULL, '2022-08-23 19:35:54', '2023-07-28 01:57:13'),
(131, 'ru', '\"Didi digomi\"', '<p>.</p>', '<p>.</p>', NULL, NULL, NULL, NULL, '<p>.</p>', NULL, NULL, '2022-08-23 19:40:16', '2022-08-23 19:43:52'),
(132, 'ru', 'Kameruni klasic (3A)', '<p>.</p>\n', '<p>.</p>\n', '', NULL, NULL, '', '<p>.</p>\n', NULL, NULL, '2022-08-23 19:45:32', '2023-07-28 01:56:50'),
(133, 'ru', 'Asatiani clasic (4a)', '<p>.</p>', '<p>.</p>', NULL, NULL, NULL, NULL, '<p>.</p>', NULL, NULL, '2022-08-23 20:01:40', '2022-08-23 20:07:39'),
(134, 'ru', 'Myinvartsveri clasic (2A)', '<p>.</p>', '<p>.</p>', NULL, NULL, NULL, NULL, '<p>.</p>', NULL, NULL, '2022-08-23 21:03:43', '2022-08-23 21:05:22'),
(136, 'ru', 'Climbing in Gveleti', '<p>.</p>\n', '<p><strong>Альпинистский район Гвелети</strong><br />\nРасстояние от Казбека: 8 км &nbsp;Место находится в стадии строительства, в настоящее время проложены 2 маршрута для спортивных восхождений.</p>\n', '', '', '', '', '<p>Temo: Mail - samsonadze.temo9@gmail.com, Tel - (+995) 598 45 70 48</p>\n\n<p>Guga: Mail - gugadabrunda@gmail.com,&nbsp;Tel: (+995) 557 300 700.</p>\n', NULL, NULL, '2022-09-05 13:30:21', '2023-04-13 11:18:31'),
(137, 'ru', 'Скалолазание возле Ананури', '<p>.</p>\n', '<p>Скалолазание возле Ананури</p>\n', '<h2><strong>в регионе набивка трасс запришина!!!</strong></h2>\n\n<p>в случае если вы хотите сделать свой маршрут\\трассу свяжитесь&nbsp;с местными спортсменами. в противном случае ваша трасса может быть демантирывана.</p>\n\n<p><strong>драйтулинг в региони также запрещено!!!</strong></p>\n\n<p><strong>используете краску для вашей безопасности!!!</strong></p>\n', '', '', '<ol>\n	<li>\n	<p>10 оттяжка</p>\n	</li>\n</ol>\n\n<ol>\n	<li>\n	<p>веревка 40 м</p>\n	</li>\n	<li>\n	<p>обвязка</p>\n	</li>\n	<li>\n	<p>Страховочное устройство</p>\n	</li>\n	<li>\n	<p>Шлем (используйте шлем для вашей безопасности!)</p>\n	</li>\n	<li>\n	<p>Обувь и сумка для мела</p>\n	</li>\n</ol>\n', '<p><strong>Guga -</strong>&nbsp;Mail: gugadabrunda@gmail.com&nbsp; &nbsp; Tel: (+995) 557 300 700.</p>\n\n<p><strong>Temo</strong>&nbsp;- Mail; samsonadze.temo9@gmail.com&nbsp; &nbsp; &nbsp;Tel: (+995) 598 45 70 48</p>\n', NULL, NULL, '2022-09-05 13:41:36', '2023-09-07 12:44:46'),
(138, 'ru', 'Advanture 2022 - ჭიათურის ტურისტული ფესტივალი', '.', '<p><img alt=\"📢\" src=\"https://static.xx.fbcdn.net/images/emoji.php/v9/t39/1/16/1f4e2.png\" style=\"height:16px; width:16px\" />&nbsp;16-17-18 სექტემბერი&nbsp;<img alt=\"📢\" src=\"https://static.xx.fbcdn.net/images/emoji.php/v9/t39/1/16/1f4e2.png\" style=\"height:16px; width:16px\" /></p>\r\n\r\n<p><img alt=\"🫵\" src=\"https://static.xx.fbcdn.net/images/emoji.php/v9/tc8/1/16/1faf5.png\" style=\"height:16px; width:16px\" />&nbsp;მოდი ჭიათურის ტურისტულ ფესტივალზე და მოიწყვე დაუვიწყარი თავგადასავალი</p>\r\n\r\n<p><img alt=\"🚀\" src=\"https://static.xx.fbcdn.net/images/emoji.php/v9/tc6/1/16/1f680.png\" style=\"height:16px; width:16px\" />&nbsp;აღმოაჩინე სხვა ჭიათურა:</p>\r\n\r\n<p><img alt=\"✔️\" src=\"https://static.xx.fbcdn.net/images/emoji.php/v9/t51/1/16/2714.png\" style=\"height:16px; width:16px\" />&nbsp;ქემფინგი/ Camping;<br />\r\n<img alt=\"✔️\" src=\"https://static.xx.fbcdn.net/images/emoji.php/v9/t51/1/16/2714.png\" style=\"height:16px; width:16px\" />&nbsp;კლდეზე ცოცვა (მოყვარული) / Rock Climbing (amateur);<br />\r\n<img alt=\"✔️\" src=\"https://static.xx.fbcdn.net/images/emoji.php/v9/t51/1/16/2714.png\" style=\"height:16px; width:16px\" />&nbsp;კლდეზე ცოცვა (პროფესიონალი) / Rock Climbing (professional);<br />\r\n<img alt=\"✔️\" src=\"https://static.xx.fbcdn.net/images/emoji.php/v9/t51/1/16/2714.png\" style=\"height:16px; width:16px\" />&nbsp;ჰაილაინი / Highline;<br />\r\n<img alt=\"✔️\" src=\"https://static.xx.fbcdn.net/images/emoji.php/v9/t51/1/16/2714.png\" style=\"height:16px; width:16px\" />&nbsp;ნაოსნობა ტბაზე / Lake Boating;<br />\r\n<img alt=\"✔️\" src=\"https://static.xx.fbcdn.net/images/emoji.php/v9/t51/1/16/2714.png\" style=\"height:16px; width:16px\" />&nbsp;სპელეოტურიზმი ძუძუანას და კოტიას მღვიმეში / Speleotourism in Dzudzuana and Kotika caves;<br />\r\n<img alt=\"✔️\" src=\"https://static.xx.fbcdn.net/images/emoji.php/v9/t51/1/16/2714.png\" style=\"height:16px; width:16px\" />ველოშეჯიბრი მანდაეთში/Cycling competition in Mandaeti.</p>\r\n\r\n<p>ფესტივალის განრიგი :</p>\r\n\r\n<p>16 სექტემბერი</p>\r\n\r\n<p><img alt=\"📍\" src=\"https://static.xx.fbcdn.net/images/emoji.php/v9/t2d/1/16/1f4cd.png\" style=\"height:16px; width:16px\" />&nbsp;ჭიათურა</p>\r\n\r\n<p><img alt=\"🕚\" src=\"https://static.xx.fbcdn.net/images/emoji.php/v9/t59/1/16/1f55a.png\" style=\"height:16px; width:16px\" />&nbsp;11:00 - პრეზენტაცია და პანელ - დისკუსია, ჭიათურის კულტურის სახლში.</p>\r\n\r\n<p><img alt=\"🕛\" src=\"https://static.xx.fbcdn.net/images/emoji.php/v9/tda/1/16/1f55b.png\" style=\"height:16px; width:16px\" />&nbsp;12:00 - ტური &ldquo;ჯორჯიან მანგანეზის&rdquo; ტურისტულ პროექტში (საბაგირო, კორტი და სხვა).</p>\r\n\r\n<p><img alt=\"🕘\" src=\"https://static.xx.fbcdn.net/images/emoji.php/v9/tb0/1/16/1f558.png\" style=\"height:16px; width:16px\" />&nbsp;21:00 - გალა კონცერტი Loud Speakers</p>\r\n\r\n<p><img alt=\"📍\" src=\"https://static.xx.fbcdn.net/images/emoji.php/v9/t2d/1/16/1f4cd.png\" style=\"height:16px; width:16px\" />&nbsp;კაცხი</p>\r\n\r\n<p><img alt=\"🕛\" src=\"https://static.xx.fbcdn.net/images/emoji.php/v9/tda/1/16/1f55b.png\" style=\"height:16px; width:16px\" />&nbsp;12:00 - 13:00 რეგისტრაცია კლდეზე ცოცვის შეჯიბრში (მოყვარულები)</p>\r\n\r\n<p><img alt=\"🕐\" src=\"https://static.xx.fbcdn.net/images/emoji.php/v9/ta8/1/16/1f550.png\" style=\"height:16px; width:16px\" />&nbsp;13:00 - 18:00 შეჯიბრი</p>\r\n\r\n<p><img alt=\"📍\" src=\"https://static.xx.fbcdn.net/images/emoji.php/v9/t2d/1/16/1f4cd.png\" style=\"height:16px; width:16px\" />&nbsp;სვერი</p>\r\n\r\n<p><img alt=\"🕛\" src=\"https://static.xx.fbcdn.net/images/emoji.php/v9/tda/1/16/1f55b.png\" style=\"height:16px; width:16px\" />&nbsp;12:00 - 13:00 რეგისტრაცია კლდეზე ცოცვის შეჯიბრში (პროფესიონალები)</p>\r\n\r\n<p><img alt=\"🕐\" src=\"https://static.xx.fbcdn.net/images/emoji.php/v9/ta8/1/16/1f550.png\" style=\"height:16px; width:16px\" />&nbsp;13:00 - 18:00 შეჯიბრი</p>\r\n\r\n<p><img alt=\"🕛\" src=\"https://static.xx.fbcdn.net/images/emoji.php/v9/tda/1/16/1f55b.png\" style=\"height:16px; width:16px\" />&nbsp;12:00 - 18:00 ჰაილაინის შოუ</p>\r\n\r\n<p><img alt=\"🕚\" src=\"https://static.xx.fbcdn.net/images/emoji.php/v9/t59/1/16/1f55a.png\" style=\"height:16px; width:16px\" />&nbsp;11:00 - 17:00 ვია ფერატა ინფო ტური (​​მონაწილეები დაიყოფიან ოთხ ჯგუფად)</p>\r\n\r\n<p><img alt=\"👉\" src=\"https://static.xx.fbcdn.net/images/emoji.php/v9/t51/1/16/1f449.png\" style=\"height:16px; width:16px\" />&nbsp;17 სექტემბერი</p>\r\n\r\n<p><img alt=\"📍\" src=\"https://static.xx.fbcdn.net/images/emoji.php/v9/t2d/1/16/1f4cd.png\" style=\"height:16px; width:16px\" />&nbsp;სვერი</p>\r\n\r\n<p><img alt=\"🕛\" src=\"https://static.xx.fbcdn.net/images/emoji.php/v9/tda/1/16/1f55b.png\" style=\"height:16px; width:16px\" />&nbsp;12:00 - 13:00 რეგისტრაცია კლდეზე ცოცვის შეჯიბრში (პროფესიონალები)</p>\r\n\r\n<p><img alt=\"🕐\" src=\"https://static.xx.fbcdn.net/images/emoji.php/v9/ta8/1/16/1f550.png\" style=\"height:16px; width:16px\" />&nbsp;13:00 - 18:00 შეჯიბრი</p>\r\n\r\n<p><img alt=\"📍\" src=\"https://static.xx.fbcdn.net/images/emoji.php/v9/t2d/1/16/1f4cd.png\" style=\"height:16px; width:16px\" />&nbsp;ძუძუანას და კოტიას მღვიმე</p>\r\n\r\n<p><img alt=\"🕘\" src=\"https://static.xx.fbcdn.net/images/emoji.php/v9/tb0/1/16/1f558.png\" style=\"height:16px; width:16px\" />&nbsp;09:00 - 10:00 რეგისტრაცია ლაშქრობაში (მონაწილეები დაიყოფიან სამ ჯგუფად)</p>\r\n\r\n<p><img alt=\"📍\" src=\"https://static.xx.fbcdn.net/images/emoji.php/v9/t2d/1/16/1f4cd.png\" style=\"height:16px; width:16px\" />&nbsp;კოტიას მღვიმე</p>\r\n\r\n<p><img alt=\"🕘\" src=\"https://static.xx.fbcdn.net/images/emoji.php/v9/tb0/1/16/1f558.png\" style=\"height:16px; width:16px\" />&nbsp;21:00 - სპექტაკლი &ldquo;დოვინ დოვენ დოვლი&rdquo;</p>\r\n\r\n<p><img alt=\"👉\" src=\"https://static.xx.fbcdn.net/images/emoji.php/v9/t51/1/16/1f449.png\" style=\"height:16px; width:16px\" />&nbsp;18 სექტემბერი</p>\r\n\r\n<p><img alt=\"📍\" src=\"https://static.xx.fbcdn.net/images/emoji.php/v9/t2d/1/16/1f4cd.png\" style=\"height:16px; width:16px\" />&nbsp;მანდაეთის ტბა</p>\r\n\r\n<p><img alt=\"🕙\" src=\"https://static.xx.fbcdn.net/images/emoji.php/v9/t31/1/16/1f559.png\" style=\"height:16px; width:16px\" />&nbsp;10:00 ველო შეჯიბრი</p>\r\n\r\n<p><img alt=\"🕛\" src=\"https://static.xx.fbcdn.net/images/emoji.php/v9/tda/1/16/1f55b.png\" style=\"height:16px; width:16px\" />&nbsp;12:00 - 18:00 ნავებით შეჯიბრი ტბაზე</p>\r\n\r\n<p><img alt=\"📍\" src=\"https://static.xx.fbcdn.net/images/emoji.php/v9/t2d/1/16/1f4cd.png\" style=\"height:16px; width:16px\" />&nbsp;ჭიათურის ცენტრი</p>\r\n\r\n<p><img alt=\"🕘\" src=\"https://static.xx.fbcdn.net/images/emoji.php/v9/tb0/1/16/1f558.png\" style=\"height:16px; width:16px\" />&nbsp;21:00 - გალა კონცერტი Tamada</p>\r\n\r\n<p><img alt=\"🏕\" src=\"https://static.xx.fbcdn.net/images/emoji.php/v9/tdc/1/16/1f3d5.png\" style=\"height:16px; width:16px\" />16 სექტემბერს 10:00 საათზე გაიხსნება ქემფინგ ზონა ჩამოსული სტუმრებისთვის, რომელიც იფუნქციონირებს 18 სექტემბრის ჩათვლით.</p>\r\n\r\n<p><img alt=\"🎶\" src=\"https://static.xx.fbcdn.net/images/emoji.php/v9/t1f/1/16/1f3b6.png\" style=\"height:16px; width:16px\" />&nbsp;TAMADA და Loudspeakers</p>\r\n\r\n<p><img alt=\"🥪\" src=\"https://static.xx.fbcdn.net/images/emoji.php/v9/tfc/1/16/1f96a.png\" style=\"height:16px; width:16px\" /><img alt=\"🥤\" src=\"https://static.xx.fbcdn.net/images/emoji.php/v9/t4f/1/16/1f964.png\" style=\"height:16px; width:16px\" />&nbsp;სთრით ფუდი და გამაგრილებელი სასმელები</p>\r\n\r\n<p><img alt=\"💥\" src=\"https://static.xx.fbcdn.net/images/emoji.php/v9/t40/1/16/1f4a5.png\" style=\"height:16px; width:16px\" />&nbsp;ჭიათურაში ამაღელვებელი, მომნუსხველი, გემრიელი და მისტიკით სავსე 3 დღე გელოდება.</p>\r\n\r\n<p><img alt=\"✔️\" src=\"https://static.xx.fbcdn.net/images/emoji.php/v9/t51/1/16/2714.png\" style=\"height:16px; width:16px\" />&nbsp;ჭიათურის ტურისტული ფესტივალის გენერალური სპონსორია &quot;ჯორჯიან მანგანეზი&quot;</p>\r\n\r\n<p><img alt=\"🤝\" src=\"https://static.xx.fbcdn.net/images/emoji.php/v9/t64/1/16/1f91d.png\" style=\"height:16px; width:16px\" />პარტნიორები: ჭიათურის მუნიციპალიტეტის მერია, სვერის სათავგადასავლო ბანაკი და DMO იმერეთი.</p>\r\n\r\n<p><img alt=\"🔗\" src=\"https://static.xx.fbcdn.net/images/emoji.php/v9/tb3/1/16/1f517.png\" style=\"height:16px; width:16px\" />&nbsp;მხარდამჭერები: ტურიზმის ეროვნული ადმინისტრაცია.&nbsp;</p>\r\n', NULL, NULL, NULL, NULL, NULL, NULL, NULL, NULL, NULL),
(140, 'ru', 'Новый сектор скалолазания, недалеко от Ананури', '<p>.</p>\n', '<p>Гуга Дабрундашвили и Сопо Челидзе проложили 3 новых маршрута возле Ананури. сейчас тут&nbsp;3 маршрута, но скала большая и можно проложить новые маршруты.</p>\n\n<p>Подробнее о расположении секторов и маршрутах смотрите на этой -&nbsp;<a href=\"https://climbing.ge/outdoor/Climbing_near_Ananuri\">странице</a>.</p>\n', NULL, NULL, NULL, NULL, '<p>Guga: Mail - gugadabrunda@gmail.com,&nbsp;Tel: (+995) 557 300 700.</p>\n', NULL, NULL, '2022-09-05 16:06:23', '2023-05-19 21:49:38'),
(141, 'ru', 'Новые, скалолазные маршруты, в Гвелети', '<p>.</p>', '<p>Гуга Дабрундашвили проложил новые маршруты спортивного скалолазания в Гвелети.</p>\n\n<p>Подробнее о маршрутах смотрите на этой - <a href=\"https://climbing.ge/outdoor/Climbing_in_Gveleti\">странице</a>.</p>', NULL, NULL, NULL, NULL, '<p>Guga: Mail - gugadabrunda@gmail.com,&nbsp;Tel: (+995) 557 300 700.</p>', NULL, NULL, '2022-09-05 16:16:02', '2022-09-05 16:23:36'),
(142, 'ru', 'Новый, альпинистский сектор и 5-й спортивный альпинистский маршрут, недалеко от Боржоми', '<p>.</p>', '<p>Темп Самсонадзе создал новый сектор и проложил 5 новых спортивных альпинистских маршрутов возле Боржоми в селе Мзетамзе.</p>\n\n<p>Более подробную информацию об этом районе смотрите на этой - <a href=\"https://climbing.ge/outdoor/Climbing_near_Borjomi\">странице</a>.</p>', NULL, NULL, NULL, NULL, '<p>Temo - Tel - (+995) 598457048. Email - samsonadze.temo9@gmail.com</p>', NULL, NULL, '2022-09-05 16:24:07', '2022-09-05 16:36:05'),
(143, 'ru', 'Новый, спортивный сектор скалолазания на берегу Черного моря.', '<p>.</p>', '<p>Новый, спортивный сектор скалолазания на берегу Черного моря.&nbsp;</p>\n\n<p>Темо Самсонадзе проложил 3 новых маршрута&nbsp; в новом секторе на&nbsp;побережья в Цихисдзири.</p>\n\n<p>Смотрите больше информации на этой - <a href=\"https://climbing.ge/outdoor/Climbing_At_The_Black_Sea_Coast\">странице</a>.</p>', NULL, NULL, NULL, NULL, '<p>Temo - Tel - (+995) 598457048. Email - samsonadze.temo9@gmail.com</p>', NULL, NULL, '2022-09-05 16:36:13', '2022-09-05 16:49:52'),
(144, 'ru', 'Грузинские альпинисты награждены Золотым ледорубом', '<p>Грузинские альпинисты награждены Золотым ледорубом за восхождение на непокоренный пик Сараграр в Пакистане</p>\n', '<p>Saragrar Northwest, первопрохождение по северо-западной стене, 2300 м, ED2 или Россия/Кавказ 6B, 6b M5+ A3+ 80-90&deg;, с 3 по 10 сентября 2021 г. Маршрут был спущен с еще одним бивуаком.</p>\n\n<p>В массиве Сараграр, расположенном к югу от афганской границы в сегодняшнем малопосещаемом пакистанском Гиндукуше, есть несколько вершин, но лишь немногие альпинисты когда-либо достигали их. Северо-Западный Сараграр (7300 м) остался непройденным, несмотря на длительные и доблестные попытки трех сильных испанских экспедиций в 1970-х и начале 80-х годов подняться на юго-западный контрфорс. Последний из них достиг вершины около 7150 м на северо-западном гребне, в точке, которую они назвали Сараграр Северо-Запад II. Грузины Арчил Бадриашвили, Бакар Гелашвили и Гиорги Тепнадзе выбрали ранее не опробованную северо-западную стену, в верхней части отвесную скальную стену переходящую в северо-западный гребень. Они также решили сделать попытку в сентябре, позже, чем обычно, чтобы уменьшить дневную жару и, как следствие, камнепад.</p>\n\n<p>Из базового лагеря на высоте около 4200 м в Рош-Голе и с небольшой предварительной акклиматизацией все трое &laquo;разогрелись&raquo;, совершив первопрохождение по южной стене и восточному гребню (1800 м, TD 60&deg;-лед 75&deg;- снег) Лангута-э-Барфи (6833 м), с одним бивуаком на высоте 6400 м. Это было четвертое восхождение на пик, но первое из Пакистана.</p>\n\n<p>Примерно через девять дней, 3 сентября, грузины начали восхождение по северо-западной стене Сараграра Северо-Запад на высоте около 5000 м, продолжая подниматься по огромному снежно-ледяному кулуару, характерному для нижней половины, чтобы сделать первый бивуак на высоте 6200 м. Наверху крутая гранитная стена составляла основу маршрута. Преодолев сложный смешанный, свободный и вспомогательный лазанья, они разбили лагерь на высоте 6400 м, 6600 м, 6750 м, 6850 м и около 7000 м на вершине стены. Пятый и шестой дни были проведены на сложном, вертикальном, 250-метровом хедволле, на один шаг ушло семь часов.</p>\n\n<p>Над вершиной стены лежал длинный сложный карнизный гребень с 300-метровым подъемом по вертикали. Свой последний бивуак трое грузин разбили у выхода на испанский маршрут и на восьмой день с трудом поднялись на вершину. В тот же день они смогли изменить маршрут к бивуаку над головной стеной, а на следующее утро начали спускаться по северо-западной стене, продолжая всю ночь, пока не достигли дна.</p>\n\n<p>Info from -&nbsp;<a href=\"https://pioletsdor.net/index.php/en/home/2022-honoured-ascents/141-saraghrar-northwest-7-300m?mibextid=Zxz2cZ\" target=\"_blank\">pioletsdor.net</a></p>\n', NULL, NULL, NULL, NULL, '<blockquote>\n<p>&nbsp;</p>\n\n<p><a href=\"https://www.instagram.com/p/ClLYMMXo6HS/?utm_source=ig_embed&amp;utm_campaign=loading\" target=\"_blank\">Посмотреть эту публикацию в Instagram</a></p>\n\n<p><a href=\"https://www.instagram.com/p/ClLYMMXo6HS/?utm_source=ig_embed&amp;utm_campaign=loading\" target=\"_blank\">Публикация от UFGM.ORG (@ufgm_org)</a></p>\n</blockquote>\n', NULL, NULL, '2022-11-20 10:22:07', '2023-08-02 16:14:29'),
(201, 'us', 'Climbing In Sveri(Chiatura)', '<p>Sveri Climbing area is located in a small quaint village in region of Imereti on the western part of Georgia.<br />\nRock climbing is a relatively activity in this area.</p>\n', '<p>Sveri Climbing area is situated in a charming village in the Imereti region of western Georgia. Rock climbing is a relatively new activity in this area, with most routes established and freshly bolted in 2018.</p>\n\n<p>&nbsp;</p>\n\n<p>Camping:</p>\n\n<p>Camping is possible in tents near the climbing area. However, it is not recommended to set up tents directly under the rocks due to the risk of stone fall. The area under the climbing lines may also be limited for tent placement.</p>\n\n<p>&nbsp;</p>\n\n<p>Food &amp; Supplies:</p>\n\n<p>For food shopping, the town of Chiatura is a convenient option. There, you can find a large local farm market, various stores, and numerous bakeries offering fresh bread daily. Please note that there is no available food market in Sveri, so it&#39;s important to bring all your supplies with you before heading to the climbing area. There are a few springs nearby the climbing area where you can find water, and you can also ask the friendly locals for assistance. During springtime, you may come across wild fruits in random places, or you can ask the locals if you wish to pick some fruits.</p>\n\n<p>&nbsp;</p>\n\n<p>Rest Day Activities:</p>\n\n<p>Sveri offers several attractions to explore on rest days. There are old castles, monasteries, and beautiful areas to visit in and around Sveri. The town of Chiatura is also worth exploring, known for its long history of mining that has resulted in numerous caves in the area. Additionally, there are waterfalls where you can enjoy swimming on hot summer days. The locals in Sveri, like most people in Georgia, are known for their friendliness and hospitality.</p>\n\n<p>Enjoy your climbing experience in Sveri (Chiatura) and take advantage of the rest day activities in the surrounding areas!<br />\n<br />\nTo get to the village of Sveri and the climbing area, you can follow these directions:</p>\n\n<p>1. From Tbilisi: Go to the Didube Station in Tbilisi and take a Marshrutka Bus heading to Chiatura. The journey from Tbilisi to Chiatura is approximately 170 km.</p>\n\n<p>2. From Chiatura: Once you arrive in Chiatura, you can take a minibus or taxi to the town of Sveri, which is around 11 km away from Chiatura.</p>\n\n<p>3. Hiking to the Climbing Area: From the bus stop in Sveri village, it&#39;s a hike of about 400 meters to reach the climbing area. Although the area may not be marked all the way, it is relatively easy to find by looking out for the cliffs. As you reach the end of the village, there should be a sign indicating the &quot;Climbing Zone.&quot; From there, it&#39;s another 50 meters to the cliffs. You can also ask the locals for directions to the rocks named &quot;kldekari.&quot;</p>\n\n<p>4. Climbing Area Access: The climbing area in Sveri is relatively easy to access. The cliffs face north, which means they receive less direct sunlight throughout the day, making them cooler. Most of the routes are in the shade for a significant portion of the day, making Sveri an ideal climbing destination during hot summer days.</p>\n\n<p>5. Climbing Routes: The majority of the routes in Sveri are between 10 to 25 meters in height, with grades ranging from 5A to 7C according to the French grading system. The area still has a lot of potential for new route establishment.</p>\n\n<p>6. Bolting and New Lines: It&#39;s important to note that the area is not free for bolting. If you plan to bolt new lines in Sveri or require a climbing guide, it is recommended to contact the local climbing pioneer, Guga Dabrunda, and inform the local community about your plans. Any lines that do not meet the established standards may be removed.</p>\n\n<p>Enjoy your climbing experience in Sveri and make sure to respect the local regulations and guidelines for the area!</p>\n\n<div data-oembed-url=\"https://www.youtube.com/watch?v=zeExJv0-4Cs\">\n<div>\n<div style=\"left: 0; width: 100%; height: 0; position: relative; padding-bottom: 56.25%;\"><iframe allow=\"accelerometer *; clipboard-write *; encrypted-media *; gyroscope *; picture-in-picture *; web-share *;\" allowfullscreen=\"\" scrolling=\"no\" src=\"//if-cdn.com/4gAulQS\" style=\"top: 0; left: 0; width: 100%; height: 100%; position: absolute; border: 0;\" tabindex=\"-1\"></iframe></div>\n</div>\n</div>\n\n<p>&nbsp;</p>\n', '<p>The Climbing area is relatively easy access.<br />\nThe cliffs in Sveri are facing north. The lack of direct sunlight throughout the day results in north-facing slopes being cooler.<br />\nMajority of the routes are in the shade during most of the day which makes Sveri and ideal climbing are during hot summer days.<br />\nMost routes are 10-25 meters, with grades ranging 5A to 7C.<br />\nThe area has still lots of potential and open for more establishment.<br />\nShould you decide to open and bolt new lines or in need a climbing guide please contact our local climbing pioneer Guga Dabrunda.</p>\n\n<p>High of lines from 10m to 25m. Grades from 5a to 7c France grade.</p>\n', '<p>The Village of Sveri is located near the closest major town Chiatura 170 km from Tbilisi.<br />\nYou can get to Sveri by taking a Marshrutka Bus in Didube Station in Tbilisi to the town of Chiatura. From Chiatura you can then take a minibus or taxi to the town of Sveri which is further 11 km.<br />\nFrom the bus stop in the Sveri village it&rsquo;s around 400 meter hike to the climbing area.<br />\nArea is not marked all the way but it&rsquo;s quite obvious to find the climbing area by keeping an eye out for the cliffs.<br />\nAt the end of village there is a sign &ldquo;Climbing Zone&rdquo; and from there it&rsquo;s about another 50 meters to the cliffs.<br />\nYou can also ask the locals how to get to the rocks named &ldquo;kldekari&rdquo; .</p>\n', '<p>With the exception of winter, climbing in Sveri is ideal from Spring all the way to Autumn. North facing cliffs assures a cool temperature even on hot summer days.<br />\nAverage temperatures in celsius in Spring is High 24&deg; / Low 11&deg;<br />\nSummertime High 30&deg; / Low 18&deg; and Autumn High 20&deg; / 8&deg;</p>\n', '<ol>\n	<li>10&nbsp;quickdraw</li>\n	<li>50m roupe&nbsp;</li>\n	<li>Harnes&nbsp;</li>\n	<li>Belay device</li>\n	<li>Helmet (Use&nbsp;helmet for your safety !)</li>\n	<li>Shoes &amp;&nbsp;Chalk Bag</li>\n</ol>\n', '', NULL, NULL, '2021-03-02 11:04:04', '2023-11-20 02:27:20'),
(206, 'us', 'Climbing In Katskhi (Chiatura)', '<p>Katskhi&nbsp; is one of the most popular and best&nbsp; places to climb in Georgia. Quality of the rock is perfect for different tip of climbing.</p>\n', '<p>Katskhi is renowned as one of the best and most popular climbing destinations in Georgia. The rock quality in this area is perfect for various types of climbing.</p>\n', '<p>The climbing routes in Katskhi are categorized according to the French grading system and range from 5a to 8b in difficulty.</p>\n', '<p>Katskhi is located approximately 180 km from the capital city of Tbilisi, and it takes about 2 hours to reach by car. It is also about an hour&#39;s drive from Kutaisi airport.</p>\n', '<p>katskhi is located 700m above sea level. Best time to climb is from September to July. August is hot season for climbing but in shade or cloudy weather its also pleasure to climb.There are sunny and also constantly shady places to climb.</p>\n\n<p>some lines are covered on the top with big trees and some are overhang so you can climb them even in rainy weather.</p>\n', '<ol>\n	<li>12&nbsp;quickdraw</li>\n	<li>60m roupe&nbsp;</li>\n	<li>Harnes&nbsp;</li>\n	<li>Belay device</li>\n	<li>Helmet (Use&nbsp;helmet for your safety !)</li>\n	<li>Shoes &amp;&nbsp;Chalk Bag</li>\n</ol>\n', '<p>Guga - Mail: gugadabrunda@gmail.com &nbsp; &nbsp;Tel: (+995) 557 300 700</p>\n\n<p>Temo - Mail: samsonadze.temo9@gmail.com&nbsp; &nbsp; Tel; (+995) 598 45 70 48</p>\n', NULL, NULL, '2021-03-02 17:31:38', '2023-07-28 02:24:51');
INSERT INTO `locale_articles` (`id`, `locale`, `title`, `short_description`, `text`, `route`, `how_get`, `best_time`, `what_need`, `info`, `price_text`, `address`, `created_at`, `updated_at`) VALUES
(207, 'us', 'Urban Climbing In Tbilisi', '<p>Welcome to the monument of Lotkin. It is a 40 meter concrete structure.</p>\n', '<p>Welcome to the Lotkin Monument, a 40-meter concrete structure located on the outskirts of Tbilisi. Accessing the court is easy, and there are no difficulties in reaching the location. Although the project is still in progress, once completed, it will be possible to climb two-rope multi-pitch routes. Additionally, you can also climb using threading techniques.</p>\n\n<div data-oembed-url=\"https://www.youtube.com/watch?v=TTX8b63u4_k\">\n<div>\n<div style=\"left: 0; width: 100%; height: 0; position: relative; padding-bottom: 56.25%;\"><iframe allow=\"accelerometer *; clipboard-write *; encrypted-media *; gyroscope *; picture-in-picture *; web-share *;\" allowfullscreen=\"\" scrolling=\"no\" src=\"//if-cdn.com/C3fjJHW\" style=\"top: 0; left: 0; width: 100%; height: 100%; position: absolute; border: 0;\" tabindex=\"-1\"></iframe></div>\n</div>\n</div>\n\n<p>&nbsp;</p>\n', '<p>Currently, there are six sport climbing lines and one dry-tooling line available. The heights of the lines vary, with two lines at 40 meters, one line at 30 meters, and three lines at 20 meters. The difficulty grades range from 5c to 7a.</p>\n\n<p>In the middle of the 40-meter lines, you will find top chains for convenience.</p>\n\n<p><strong>Note that some of the holds may rotate!!!</strong></p>\n\n<p><a href=\"https://climbing.ge/ice/dry_tooling_on_lotkin_monument\">For dry-tooling page visit this page</a></p>\n', '<p>From the <a href=\"https://goo.gl/maps/Rjou6mefmr52\">metro &#39;Station square&#39;</a>&nbsp; top exit rides&nbsp;buses&nbsp;№319</p>\n', '<p>You can climb here all year depending on the weather.</p>\n', '<ol>\n	<li>20 quickdraw</li>\n	<li>(Min) 40m - (Max) 80m roupe&nbsp;</li>\n	<li>Harnes&nbsp;</li>\n	<li>Belay device</li>\n	<li>Helmet (Use&nbsp;helmet for your safety !)</li>\n	<li>Shoes &amp;&nbsp;Chalk Bag</li>\n</ol>\n', '<p>&nbsp;</p>\n\n<p>&nbsp;</p>\n', NULL, NULL, '2021-03-02 17:36:24', '2023-11-18 00:52:35'),
(208, 'us', 'Climbing In Chiatura', '<p>chiatura&nbsp; is one of the most perspective places for climbing in Georgia.</p>\n', '<p>Chiatura is considered one of the most promising climbing destinations in Georgia, known for hosting Soviet Union championships on these rocks during the 1970s and 1980s.</p>\n', '<p>This area is in progress. Routes are of different classifications from 5a to7a. There is only one line 8a grade.and also 3 multi-pitch.</p>\n\n<p>&nbsp;</p>\n', '<p>Chiatura is located approximately 180 km from the capital city of Tbilisi, and it takes about 2 hours by car to reach there.</p>\n\n<p>You have the option to stay in the town in a hostel or at the climbers&#39; base located in the village of Katskhi, about 9 km from the center of Chiatura.</p>\n\n<p>The climbing area is still being developed, and there are routes of various difficulty levels ranging from 5a to 7a. One route is graded as 8a, and there are also three multi-pitch routes available.</p>\n', '<p>Depends on the weather.</p>\n', '<ol>\n	<li>20 quickdraw</li>\n	<li>60m roupe&nbsp;</li>\n	<li>Harnes&nbsp;</li>\n	<li>Belay device</li>\n	<li>Helmet (Use&nbsp;helmet for your safety !)</li>\n	<li>Shoes &amp;&nbsp;Chalk Bag</li>\n</ol>\n', '<p>Guga - Mail: gugadabrunda@gmail.com &nbsp; &nbsp;Tel: (+995) 557 300 700</p>\n\n<p>Temo - Mail: samsonadze.temo9@gmail.com&nbsp; &nbsp; Tel; (+995) 598 45 70 48</p>\n', NULL, NULL, '2021-03-02 17:38:50', '2023-07-28 02:24:08'),
(209, 'us', 'Climbing In Mestia (Chalaadi)', '<p>.</p>\n', '<p>Mestia, located in Svaneti, is renowned for its stunning natural beauty and offers various outdoor activities and historical sites to explore.</p>\n\n<p>To reach Mestia, you can drive approximately 460 km from Tbilisi, which takes around 8 hours. The town is situated at an altitude of 1500 meters above sea level.</p>\n', '<h2><strong>Area is not free for bolting !!!</strong></h2>\n\n<p>In case if you plan to come for bolting in Georgia please let local community to know about your plans. Any line which does not fit in our standards will be removed.</p>\n\n<p><strong>Dry tolling is not allowed&nbsp; in climbing area</strong>.</p>\n\n<p><strong>camping is not allowed under climbing lines</strong>&nbsp; !!!!!!!</p>\n\n<p><strong>for your safety always use helmet&nbsp;</strong>&nbsp;!!!!!!!!!</p>\n', '<p>Near the rock climbing area, there is a cafe where you can find refreshments and drinking water.</p>\n\n<p>&nbsp;</p>\n\n<p><strong>Where To Stay</strong></p>\n\n<p><img alt=\"\" src=\"https://climbinggeorgia.files.wordpress.com/2020/05/13754529_1350512078296694_8033447529066489197_n.jpg?w=540\" style=\"width:45%\" /></p>\n\n<p><a href=\"https://www.facebook.com/Guesthouse-Edelweiss-896751453672761/?fref=ts\">facebook</a></p>\n\n<p>Theres lots of guesthouses and hotels in Mestia.</p>\n\n<p>In the center there&rsquo;s one of the best guesthouse is Edelweiss.<br />\naddress:&nbsp;<a href=\"https://www.bing.com/maps/default.aspx?v=2&amp;pc=FACEBK&amp;mid=8100&amp;rtp=%7Epos.43.044850163333_42.72793975_Guesthouse+%22Edelweiss%22&amp;cp=43.044850163333%7E42.72793975&amp;lvl=16&amp;sty=r&amp;rtop=0%7E0%7E0%7E&amp;mode=D&amp;FORM=FBKPL6&amp;mkt=en-US\" target=\"_blank\">Queen Tamar Street 20</a><br />\ncontact:&nbsp; +995&nbsp;99 22 42 64&nbsp;</p>\n', '<p>Best time for climbing is end of summer, beginning of Autumn. Climbing area is easy to hitchhike, it&rsquo;s located 10km away from the city center.</p>\n', '<p>&nbsp;Wall is in the shade until 12-1 hour.</p>\n\n<ol>\n	<li>70 m rope,</li>\n	<li>15 quick draw,</li>\n	<li>Helmet.</li>\n	<li>Harnes</li>\n	<li>Belay divice</li>\n	<li>Climbing Shous &amp;&nbsp;Chock bag</li>\n</ol>\n\n<p><br />\n&nbsp;</p>\n', '<p>Guga - <strong>Mail</strong>: gugadabrunda@gmail.com &nbsp; &nbsp;<strong>Tel</strong>: (+995) 557 300 700</p>\n\n<p>Temo - <strong>Mail</strong>: samsonadze.temo9@gmail.com&nbsp;</p>\n', NULL, NULL, '2021-03-02 17:41:37', '2023-06-29 21:31:00'),
(210, 'us', 'Climbing In Dzevri', '<p>.</p>\n', '<p>The climbing routes in Dzevri are conveniently located close to the road, and most of them have comfortable starting platforms.</p>\n\n<p>Camping is permitted in the climbing area, allowing climbers to stay overnight.</p>\n\n<p>There is a restaurant and a market in close proximity to the rocks, providing convenient access to food and supplies.</p>\n\n<p>The local community is known for being friendly and welcoming to climbers.</p>\n\n<p>The rock face offers various exposures, allowing climbers to find shaded areas even on hot sunny days.</p>\n', '<h2><strong>Area is not free for bolting !!!</strong></h2>\n\n<p>In case if you plan to come for bolting in Georgia please let local community to know about your plans. Any line which does not fit in our standards will be removed.</p>\n\n<p><strong>Dry tolling is not allowed&nbsp; in climbing area</strong>.</p>\n\n<p><strong>camping is not allowed under climbing lines</strong>&nbsp; !!!!!!!</p>\n\n<p><strong>for your safety always use helmet&nbsp;</strong>&nbsp;!!!!!!!!!</p>\n', '<p>From Tbilisi, it is a 200 km drive taking approximately 3 hours.</p>\n\n<p>From Kutaisi &quot;Kopitnari&quot; airport, it is a 60 km drive taking approximately 1 hour. (See map for directions)</p>\n', '<p>Best season for climbing is beginning of summer and autumn but in case of good weather its possible to climb during all year.</p>\n', '<ol>\n	<li>60 m rope,</li>\n	<li>14&nbsp;quick draw,</li>\n	<li>Helmet.</li>\n	<li>Harnes</li>\n	<li>Belay divice</li>\n	<li>Climbing Shous &amp;&nbsp;Chock bag</li>\n</ol>\n', '<p>Guga - <strong>Mail</strong>: gugadabrunda@gmail.com &nbsp; &nbsp;<strong>Tel</strong>: (+995) 557 300 700</p>\n\n<p>Temo - <strong>Mail</strong>: samsonadze.temo9@gmail.com&nbsp;</p>\n', NULL, NULL, '2021-03-02 17:44:09', '2023-06-29 21:29:17'),
(211, 'us', 'Climbing In Kutaisi(Choma)', '<p>There are not many climbing trails in the city, but it is enough for a pleasant pastime.&nbsp;</p>\n', '<p>Kutaisi, the second largest city in Georgia, has a population of approximately 150,000 people.</p>\n\n<p>Located at a distance of 235 km from Tbilisi, Kutaisi sits at an elevation ranging from 125 to 300 meters above sea level. While there are not many climbing trails within the city, it still offers a pleasant experience for climbers. The difficulty of the routes varies from 5A to 7A, making it an ideal destination for beginner climbers.</p>\n', '', '<p>You can easily reach Kutaisi from any city in Georgia. Municipal transportation is available from all cities across the country. If you&#39;re traveling by car, you can use a GPS navigator for directions. Additionally, there is an airport located 5 kilometers away from the city, offering both domestic and international flights.</p>\n\n<p>Use the map to navigate the rocky trails.</p>\n\n<p>Accommodation options include hotels in Kutaisi or setting up a tent near the rocks for an overnight stay.</p>\n', '<p>The best time for climbing here is spring and autumn. It is very hot in summer and cold in winter. But on warm winter days it is possible to exercise.</p>\n', '<ol>\n	<li>12 quickdraw</li>\n	<li>60m roupe&nbsp;</li>\n	<li>Harnes&nbsp;</li>\n	<li>Belay device</li>\n	<li>Helmet (Use helmet for your safety !)</li>\n	<li>Shoes &amp; Chalk Bag</li>\n</ol>\n', '<p>Guga - <strong>Mail</strong>: gugadabrunda@gmail.com &nbsp; &nbsp;<strong>Tel</strong>: (+995) 557 300 700</p>\n\n<p>Temo - <strong>Mail</strong>: samsonadze.temo9@gmail.com&nbsp;</p>\n', NULL, NULL, '2021-03-02 17:46:18', '2023-06-29 21:27:49'),
(212, 'us', 'Climbing In Arsha', '<p>Kazbegi (Stepantsminda)&nbsp;located in the North and 1750 above sea level, &nbsp;is one of the most popular and touristic places in Georgia.</p>\n', '<p>Arsha, located near Kazbegi (Stepantsminda) in the North at an altitude of 1750 meters above sea level, is one of the most popular and tourist-friendly places in Georgia.</p>\n\n<p>Distance from Kazbegi: 3 km. The region has recently been developed, and it offers 30 sport climbing lines. Traditional climbing and multi-pitch climbing are also possible. The walls have a height of 120 meters and a width of 250 meters.</p>\n', '', '<p>From Kutaisi kopitnari aeroport its 23km (30 minutes) to centre of Kutaisi. Climbing area is on the street David and konstantine&nbsp;&nbsp; next to Wissol p.s. There is Bagrati church from climbing area 15 minutes to walk on the top of rock.</p>\n', '<p>Best season for climbing is in spring and autumn. High of the rock is 30 m.</p>\n', '<ol>\n	<li>\n	<p>60 m rope,</p>\n	</li>\n	<li>\n	<p>20 quick draw,</p>\n	</li>\n	<li>\n	<p>Helmet.</p>\n	</li>\n	<li>\n	<p>Harnes</p>\n	</li>\n	<li>\n	<p>Belay divice</p>\n	</li>\n	<li>\n	<p>Climbing Shous &amp;&nbsp;Chock bag</p>\n	</li>\n</ol>\n', '<p>Guga - Mail: gugadabrunda@gmail.com &nbsp; &nbsp;Tel: (+995) 557 300 700</p>\n\n<p>Temo - Mail: samsonadze.temo9@gmail.com&nbsp; &nbsp; Tel; (+995) 598 45 70 48</p>\n', NULL, NULL, '2021-03-02 17:51:02', '2023-07-28 02:22:56'),
(213, 'us', 'Climbing At The Black Sea Coast', '<p>If you want to go rock climbing on the seaside, the Black Sea coast offers some opportunities to do so.</p>\n', '<p>If you are interested in rock climbing by the seaside, the Black Sea coast provides various opportunities to pursue this activity.</p>\n\n<div data-oembed-url=\"https://www.youtube.com/watch?v=5nnz6wFzn4s\">\n<div>\n<div style=\"left: 0; width: 100%; height: 0; position: relative; padding-bottom: 56.25%;\"><iframe allow=\"accelerometer *; clipboard-write *; encrypted-media *; gyroscope *; picture-in-picture *; web-share *;\" allowfullscreen=\"\" scrolling=\"no\" src=\"//if-cdn.com/DHzVnUA\" style=\"top: 0; left: 0; width: 100%; height: 100%; position: absolute; border: 0;\" tabindex=\"-1\"></iframe></div>\n</div>\n</div>\n\n<p>&nbsp;</p>\n', '<p>The climbing routes in the area feature a mix of new and older bolts. It is recommended to climb using top rope as a precaution. The rock quality is generally decent. The difficulty levels of the routes range from 5A to 7A.</p>\n', '<p>To reach the Black Sea coast for climbing, you have a couple of options. If you are starting from the capital Tbilisi, the distance to Sarpi, located next to the Turkish border, is approximately 380 km. Another option is to fly to Batumi Airport, which is closer to the climbing rocks. From the airport, the rocks are within a 10 km distance and easily accessible by minibus.</p>\n\n<p><strong>Where to stay:</strong></p>\n\n<p>There are several accommodation options available in the vicinity of the climbing area. You can choose to stay in private houses or hotels in Sarpi, Gonio, or Kvariati, all of which are nearby. The prices typically start from GEL 25-30 (approximately 10-15 Euro) and may vary depending on the season.</p>\n', '<p>You have the possibility to climbing in both sun or shadow although you should consider the heat during summer season. The best time<br />\nto go climbing is May, June, September and October.</p>\n', '<ol>\n	<li>10&nbsp;quickdraw</li>\n	<li>40m roupe&nbsp;</li>\n	<li>Harnes&nbsp;</li>\n	<li>Belay device</li>\n	<li>Helmet</li>\n	<li>Shoes &amp;&nbsp;Chalk Bag</li>\n</ol>\n', '<p><strong>Guga </strong>- Mail: gugadabrunda@gmail.com &nbsp; &nbsp;Tel: (+995) 557 300 700</p>\n\n<p><strong>Temo </strong>- Mail: samsonadze.temo9@gmail.com&nbsp; &nbsp; Tel; (+995) 598 45 70 48</p>\n', NULL, NULL, '2021-03-02 17:53:23', '2023-10-01 00:35:30'),
(214, 'us', 'Climbing In Birtvisi', '<p>Birtviy canyon is located 40 km. from Tbilisi. On the climbing section of the track there are mainly bouldering routes, but there are also sports tracks.</p>\n', '<p>The Birtvisi canyon, situated 40 kilometers from Tbilisi at an elevation of 1077 meters above sea level, offers a range of outdoor activities including rock climbing, trekking, and canyoning. The climbing section of the area features predominantly bouldering routes, along with some sport routes.</p>\n', '<p>The difficulty of the routes ranges from 5A to 7C, bouldering V1 - V7</p>\n', '<p>To reach the rocky sector and the canyon, you will need to start from the village of Tbisi. Park your car there and prepare for a 45-60 minute walk through the forest zone (refer to the map). A 4x4 vehicle is recommended for accessing the location. Overnight stays are only possible in tents. There is a designated area for tents in the middle of the rocky area, ensuring quick and easy access to the routes (within 5 minutes). Water can be collected along the road where the river flows.</p>\n', '<p>The best time to visit the Birtvi canyon is spring and autumn. During the summer, it is very hot in the canyon. And it&#39;s cold enough in winter. but there are also warm winter days. when is training possible</p>\n', '<p>For sport climbing you will need:</p>\n\n<ol>\n	<li>Rope 50 m</li>\n	<li>10 quickdraw</li>\n	<li>belay device and harness</li>\n	<li>Helmet</li>\n</ol>\n\n<p>For bouldering you need a crash bad</p>\n', '<p>Guga: Tel. (+995)&nbsp;557 300 700 Mail.&nbsp;gugadabrunda@gmail.com</p>\n\n<p>Temo: Mail. samsonadze.temo9@gmail.com</p>\n', NULL, NULL, '2021-03-02 17:55:39', '2023-07-28 02:22:18'),
(215, 'us', 'Climbing In \"Tbilisi Botanical Garden\"', '<p>Georgian climbers of all decades have been climbing at the Botanical Garden &ndash; one of the best places to go rock climbing in Tbilisi.</p>\n', '<p>Outdoor Home of Climbing in Tbilisi Botanical Garden</p>\n\n<p>Georgian climbers of all generations have long enjoyed rock climbing at the Botanical Garden, which is recognized as one of the best climbing spots in Tbilisi.</p>\n', '<p>Apart from the top rope routes, route no. 9, 10, 13, 14, 15 and 22 are bolted. No. 1 and 2 are projects yet to be bolted. The bouldering routes are not marked on the rocks, but are easily recognizable and can be found on the photos here.</p>\n\n<p>You also have the option to climb 80 m traverse through all the rock face at the Botanical Garden.</p>\n', '<p>From Freedom Square, you can take bus number 90 or opt for a taxi ride costing around 5-7 Lari. In either case, inform the driver that you want to be dropped off at the Institute of Botany. If you&#39;re unsure of the exact location, feel free to ask the driver for assistance. From there, follow the path along the river until you reach the climbing rocks.</p>\n', '<p>You can climb in the Botanical Garden throughout the whole year, whereas it might get a bit too hot in summer. If you go in the summertime anyway, the best time is in the morning from 9-11. A.M. or in the evening from 7-10 P.M.</p>\n', '<p>If you want to climb sport style, you will need a</p>\n\n<ol>\n	<li>Rope 60 m</li>\n	<li>10 quickdraw</li>\n	<li>belay device and harness</li>\n	<li>Helmet</li>\n</ol>\n', '<p>Guga - <strong>Mail</strong>: gugadabrunda@gmail.com &nbsp; &nbsp;<strong>Tel</strong>: (+995) 557 300 700</p>\n\n<p>Temo - <strong>Mail</strong>: samsonadze.temo9@gmail.com&nbsp;</p>\n', NULL, NULL, '2021-03-02 18:29:06', '2023-06-29 21:22:40'),
(216, 'us', 'Climbing in Navardzeti(chiatura)', '<p>Small village &ldquo;Navardzeti&rdquo; is located 4.5 km&nbsp;from Chiatura to direction&nbsp; big climbing region &ldquo;kacxi&rdquo;</p>\n', '<p>The small village of Navardzeti is located 4.5 km from Chiatura, in the direction of the renowned climbing region, &quot;Kacxi.&quot;</p>\n\n<p>The climbing lines in this area are relatively new, and development is ongoing. Currently, we have 7 lines available, but our club, the &quot;Georgian Climbers Club,&quot; has plans to bolt additional lines in the surrounding area soon.</p>\n\n<p>The height of the rock ranges from 30 to 40 meters, but the climbing lines themselves do not exceed 30 meters in height.</p>\n\n<p>To access the climbing area, you will need to hike approximately 200 meters from the main road. Spring water is available near the climbing area along the main road.</p>\n\n<p>During your trip, you can utilize the climbers&#39; camping facilities in Kacxi for accommodation.</p>\n', '', '<p>From Chiatura, there are minibusses that go to Navardzeti. Alternatively, you can take a minibus to Katskhi and disembark near the village of Navardzeti.</p>\n', '<p>Big plus of area is that rock is in the shade after 15:00 so in summer you can climb in the shade.</p>\n', '<ol>\n	<li>12&nbsp;quickdraw</li>\n	<li>60m roupe&nbsp;</li>\n	<li>Harnes&nbsp;</li>\n	<li>Belay device</li>\n	<li>Helmet</li>\n	<li>Shoes &amp;&nbsp;Chalk Bag</li>\n</ol>\n', '<p><strong>Guga </strong>- Mail: gugadabrunda@gmail.com &nbsp; &nbsp;Tel: (+995) 557 300 700</p>\n\n<p><strong>Temo </strong>- Mail: samsonadze.temo9@gmail.com&nbsp; &nbsp; Tel; (+995) 598 45 70 48</p>\n', NULL, NULL, '2021-03-02 18:31:44', '2023-07-28 02:21:40'),
(217, 'us', 'Climbing in Tsdo', '<p>Tsdo is a small village near Kazbegi it&#39;s a beautiful place. It&#39;s nice place for&nbsp;sport and multi pitches climbing.</p>\n', '<p>Kazbegi (with a summit of 5047m) primarily focuses on mountain tourism, and efforts are underway to develop the necessary infrastructure for climbing. The village of Tsdo is located approximately 7km from Kazbek.</p>\n', '', '', '<p>June-October but if good weather &nbsp;its possible to climb even in the winter.</p>\n', '<ol>\n	<li>&nbsp;60 m rope,</li>\n	<li>15 quick draw,</li>\n	<li>Helmet.</li>\n	<li>Harnes</li>\n	<li>Belay divice</li>\n	<li>Climbing Shous</li>\n	<li>Chock bag</li>\n</ol>\n', '<p>Guga - Mail: gugadabrunda@gmail.com &nbsp; &nbsp;Tel: (+995) 557 300 700</p>\n\n<p>Temo - Mail: samsonadze.temo9@gmail.com&nbsp; &nbsp; Tel; (+995) 598 45 70 48</p>\n', NULL, NULL, '2021-03-02 18:36:35', '2023-07-28 02:21:24'),
(218, 'us', 'Climbing to Chaukhi bace camp', '<p>Besides alpine style you can climb sport route on Chaukhi bace camp.</p>\n', '<p>The majestic Chaukhi Mountains are located in the Khevsureti province, with the nearest village being Juta. These rocky mountains rise above lush green alpine meadows. The base camp offers easy access to mountaineering routes. Despite its small size, climbers of all levels, from beginners to professionals, can find a variety of interesting routes here. (For mountain ascent information, please check here).</p>\n\n<p>In addition to alpine-style climbing, there are sport routes available at the base camp.</p>\n', '<p>There are several bolted and top-rope routes, typically not exceeding 15 meters in length. These routes are primarily intended for alpine-style ascent training but are also suitable for a pleasant 3-4 hour climbing session. The area is particularly suitable for beginner climbers.</p>\n', '<p>The trekking route to the Chaukhi Peak Massif starts from Camp 1. The route to the Chaukhi Peak Massif begins in the village of Juta (2100m). After passing through the village, you will reach Camp Zeta, where you can find facilities such as showers, food, and accommodations for overnight stays. From the camp, follow the Caukhi River, and you will find a well-marked trail. After crossing grassy plateaus and slopes, you will reach a high plateau (Camp-1 at 2250m), where you&#39;ll notice three large boulders (10m). These boulders have stakes and provide opportunities for rock climbing. This plateau is an excellent spot for camping.</p>\n', '<p>The best time to climb the chaukhi is mid July to mid September.</p>\n', '<p>For rock climbin to chaukhi bace camp you nead:</p>\n\n<ol>\n	<li>6 quickdraw</li>\n	<li>40m rope</li>\n	<li>Harnes</li>\n	<li>Belay Device&nbsp;</li>\n	<li>Helmet (Use Helmet For Your Safety)</li>\n	<li>Shoes &amp; Chalk Bag</li>\n</ol>\n', '<p>For more information about climbing area contact me.</p>\n\n<p>Temo - Mail: samsonadze.temo9@gmail.com&nbsp; &nbsp; Tel; (+995) 598 45 70 48</p>\n', NULL, NULL, '2021-03-02 18:39:32', '2023-06-29 20:21:05'),
(219, 'us', 'Bouldering Club Tbilisi', '<p>Bouldering gym on Vera at the Mountaineering Federation.</p>\n', '<p>Vera Climbing Gym is a cozy bouldering facility with a height of 4.5 meters. Here, you will discover a variety of wall reliefs, numerous routes, and a friendly environment that will keep you motivated for climbing and training.</p>\n\n<p>Please note that there is no equipment available for rental in the gym, so you will need to bring your own gear.</p>\n', NULL, '<p>The gym is located in the building of the Chess Palace, on the first floor. Access is from the rear (parking) side. The address is 37-A Merab Kostava Street, Tbilisi.</p>\n', NULL, '', '<p>Oto -&nbsp;(+995)&nbsp;514 51 11 77</p>\n\n<p>Temo - (+995) 598 45 70 48</p>\n', NULL, NULL, '2021-03-02 18:49:57', '2023-06-29 20:08:51'),
(220, 'us', 'S.K.Lucky', '<p>S.K. LUCKY Climbing Gym - one of the best gyms in Georgia. Here, you can enjoy bouldering and sport climbing routes.</p>\n', '<p>S.K. LUCKY Climbing Gym - one of the best gyms in Georgia. Here, you can enjoy bouldering and sport climbing routes. The walls for sport climbing reach a height of 12 meters, while the bouldering walls are 4 meters high. Instructors will be available in the facility to meet you and assist in choosing a route based on your experience and the level of difficulty. They will also provide insurance if you come alone and do not have a partner.</p>\n', '', '<p>The gym is located at Tbilisi University Street 6, Sports Complex Arena 2, on the second floor.&nbsp;You can reach the location by using public transportation or by driving your own car or taking a taxi (refer to the map for directions).</p>\n', '', '<p>The gym is equipped with all the necessary gear and equipment to ensure your comfort and enjoyment during the training sessions. Please be aware that equipment rental is subject to a fee.</p>\n', '<p>Tel: (+995) 574 80 95 02</p>\n', NULL, NULL, '2021-03-02 18:52:39', '2023-11-20 01:38:14'),
(221, 'us', 'Vake Climbing Gym', '<p>The place for speed and sport climbing in Tbilisi.</p>\n', '<p>The wall has a height of 15 m, you can climb with quickdraws and top-rope aswell. For warming up, there is also a smaller bouldering wall. You can also find the world record wall for speed climbing here.</p>\n\n<p>A certain amount of climbing harnesses and quickdraws are provided in the gym. Anything else (e.g. climbing shoes) should be brought with you.</p>\n\n<p><strong>Opening hours&nbsp;</strong></p>\n\n<table border=\"1\" cellpadding=\"1\" cellspacing=\"1\" style=\"width:100%\">\n	<tbody>\n		<tr>\n			<td>Manday</td>\n			<td>10.00 - 22.00</td>\n		</tr>\n		<tr>\n			<td>Tuesday&nbsp;</td>\n			<td>10.00 - 22.00</td>\n		</tr>\n		<tr>\n			<td>Wednesday&nbsp;</td>\n			<td>10.00 - 22.00</td>\n		</tr>\n		<tr>\n			<td>Thursday&nbsp;</td>\n			<td>10.00 - 22.00</td>\n		</tr>\n		<tr>\n			<td>Friday&nbsp;</td>\n			<td>10.00 - 22.00</td>\n		</tr>\n		<tr>\n			<td>Saturday&nbsp;</td>\n			<td>10.00 - 22.00</td>\n		</tr>\n		<tr>\n			<td>Sunday&nbsp;</td>\n			<td>10.00 - 22.00&nbsp;</td>\n		</tr>\n	</tbody>\n</table>\n', NULL, '<p>Sports Department, Chavchavadze Ave. 49. Easily reachable by bus (drop off at the bus stop in<br />\nfront of Vake Swimming Pool).</p>\n', NULL, '<p>The gym is equipped with all the necessary gear and equipment to ensure your comfort and enjoyment during the training sessions. Please be aware that equipment rental is subject to a fee.</p>\n', '<p>Tel: 571 22 05 04</p>\n', NULL, NULL, '2021-03-02 18:54:34', '2025-01-22 18:45:28'),
(222, 'us', 'Ice Climbing In Gveleti (Kazbegi)', '<p>Ice climbing in Gveleti is one of the best places for this activity.</p>\n', '<p>Ice climbing in Gveleti is one of the best places for this activity. trad and dry tolling climbing in area is allowed.</p>\n\n<div data-oembed-url=\"https://www.youtube.com/watch?v=_wUtCO6z1Xo\">\n<div>\n<div style=\"left: 0; width: 100%; height: 0; position: relative; padding-bottom: 56.25%;\"><iframe allow=\"accelerometer *; clipboard-write *; encrypted-media *; gyroscope *; picture-in-picture *; web-share *;\" allowfullscreen=\"\" scrolling=\"no\" src=\"//if-cdn.com/V9XYJze\" style=\"top: 0; left: 0; width: 100%; height: 100%; position: absolute; border: 0;\" tabindex=\"-1\"></iframe></div>\n</div>\n</div>\n\n<p>&nbsp;</p>\n', '', '<p>From Tbilisi you need to drive to Kazbek &quot;Stepantsminda&quot; 160 km and then drive towards Vladikavkaz 9 km from Kazbek and turn left until you cross the bridge in Gveleti. Then go straight to the icefall. walking time 20/30 minutes depending on snow conditions.</p>\n', '<p>Best time for climbing is January,February &nbsp;and beginning of march if there is cold weather.</p>\n', '', '<p><strong>Guga -</strong>&nbsp;Mail: gugadabrunda@gmail.com&nbsp; &nbsp; Tel: (+995) 557 300 700.</p>\n\n<p><strong>Temo</strong>&nbsp;- Mail; samsonadze.temo9@gmail.com&nbsp; &nbsp; &nbsp;Tel: (+995) 598 45 70 48</p>\n', NULL, NULL, '2021-03-19 20:23:10', '2025-01-21 00:35:13'),
(223, 'us', 'Ice Climbing In Ateni Valley', '<p>Ice climbing is a rather established sports discipline in Georgia. One of the best places to exercise is in Ateni Valley near the village of Biis.</p>\n', '<p>Ice climbing is a rather established sports discipline in Georgia. One of the best places to exercise is in Ateni Valley near the village of Biis.</p>\n\n<div data-oembed-url=\"https://www.youtube.com/watch?v=DYw7XP9Iwv4\">\n<div>\n<div style=\"left: 0; width: 100%; height: 0; position: relative; padding-bottom: 56.25%;\"><iframe allow=\"accelerometer *; clipboard-write *; encrypted-media *; gyroscope *; picture-in-picture *; web-share *;\" allowfullscreen=\"\" scrolling=\"no\" src=\"//if-cdn.com/dxgq6p1\" style=\"top: 0; left: 0; width: 100%; height: 100%; position: absolute; border: 0;\" tabindex=\"-1\"></iframe></div>\n</div>\n</div>\n\n<p>&nbsp;</p>\n', '', '<p>It will take about 1.5 hours from Tbilisi to Biys, the distance is 130 km. Following the main road, you turn left and enter the village. It is recommended to travel by 4&times;4 vehicle, as this way you will be able to drive another 300 meters into the village without leaving the car parked on the main road due to poor street conditions.</p>\n\n<p>After parking your car, you need to walk 20 minutes up the river until you reach a frozen waterfall 60 meters high and 5-15 meters wide.</p>\n\n<p>Nearest cities: 41&deg;51&#39;4&quot;N 43&deg;59&#39;6&quot;E ►</p>\n\n<p>Where to stay<br />\nThe place at the foot of the icefall is quite suitable for camping, but be aware that it is very cold at night!</p>\n', '<p>Depends on year temperature, February are the best months to go ice climbing.</p>\n', '<ol>\n	<li>60M roupe (x2) or 120M (x1) (For top rope climbing)</li>\n	<li>Ice axe</li>\n	<li>Crampons</li>\n	<li>Harness</li>\n	<li>Helmet</li>\n	<li>Belay device</li>\n	<li>Crabin (x4-5)</li>\n</ol>\n\n<p>Fol lead</p>\n\n<ol>\n	<li>7-8 ice screws &amp;&nbsp;quickdraw</li>\n</ol>\n', '<p><strong>Guga -</strong>&nbsp;Mail: gugadabrunda@gmail.com&nbsp; &nbsp; Tel: (+995) 557 300 700.</p>\n\n<p><strong>Temo</strong>&nbsp;- Mail; samsonadze.temo9@gmail.com&nbsp; &nbsp; &nbsp;Tel: (+995) 598 45 70 48</p>\n', NULL, NULL, '2021-03-19 20:47:03', '2023-08-08 22:49:54'),
(224, 'us', 'Slackline In Georgia', '<p>In Georgia, slackline is not the developed&nbsp;discipline, but it&#39;s&nbsp;developing.</p>\n', '<p><strong>Slacklining</strong>&nbsp;- refers to the act of walking or&nbsp;<a href=\"https://en.wikipedia.org/wiki/Balance_(ability)\">balancing</a>&nbsp;along a suspended length of flat&nbsp;<a href=\"https://en.wikipedia.org/wiki/Webbing\">webbing</a>&nbsp;that is&nbsp;<a href=\"https://en.wikipedia.org/wiki/Tension_(physics)\">tensioned</a>&nbsp;between two&nbsp;<a href=\"https://en.wikipedia.org/wiki/Anchor_(climbing)\">anchors</a>. Slacklining is similar to slack rope walking and&nbsp;<a href=\"https://en.wikipedia.org/wiki/Tightrope_walking\">tightrope walking</a>. Slacklines differ from tightwires and tightropes in the type of material used and the amount of tension applied during use. Slacklines are tensioned significantly less than tightropes or tightwires in order to create a dynamic line which will stretch and bounce like a long and narrow&nbsp;<a href=\"https://en.wikipedia.org/wiki/Trampoline\">trampoline</a>. Tension can be adjusted to suit the user, and different webbing may be used in various circumstances. Slacklining is popular because of its simplicity and versatility; it can be used in various environments with few components.</p>\n\n<p>&nbsp;</p>\n\n<p><strong>Slacline in Georgia</strong> -&nbsp;In Georgia, slackline is not the developed&nbsp;discipline, but it&#39;s&nbsp;developing. Already in throughout Georgia are several highline regions(The most popular of them who is &#39;9 jvari&#39; in Racha).&nbsp;On the website <a href=\"https://slacklinegeorgia.wordpress.com/\">slacklinegeorgia.wordpress.com</a> you can find detailed information on all the regions of Georgia.&nbsp;</p>\n\n<p>&nbsp;</p>\n\n<h3>How to find us?</h3>\n\n<p><strong>I</strong>n <strong>Tbilisi</strong>, we gather most often in the &#39;<a href=\"https://goo.gl/maps/eKc8QoHE9i62\">Vake park</a>&#39;, &#39;<a href=\"https://goo.gl/maps/aZPtdvUCcf22\">Tbilis Botanical garden</a>&#39;(<a href=\"http://climbing.ge/outdoor/climbing_in_tbilisi\">in rock climbing area</a>)&nbsp;and the <a href=\"https://goo.gl/maps/y2o74pH4JtA2\">&#39;Lisi lake</a>&#39;. We inform each other about the meeting place on the facbook page &#39;<a href=\"https://www.facebook.com/groups/1406012539710551/\">Sleckline Georgia</a>&#39;.&nbsp;</p>\n\n<p><strong>I</strong>n <strong>Batumi</strong>, we gather most often in the &#39;<a href=\"https://goo.gl/maps/qPTeY2Szba32\">6 May Park</a>&#39; and near &#39;<a href=\"https://goo.gl/maps/1cRys9mKdMA2\">Tema Caffe Bar</a>&#39;. We inform each other about the meeting place on the facbook page &#39;<a href=\"https://www.facebook.com/groups/372828259545512/\">Sleckline Batumi</a>&#39;.&nbsp;</p>\n\n<p>In <strong>Kutaisi,&nbsp;</strong>we gather most often in the &#39;<a href=\"https://goo.gl/maps/oyKttSgyiRs\">Choma</a>&#39;(<a href=\"http://climbing.ge/outdoor/climbing_in_kutaisi\">in&nbsp;rock climbing area</a>). You can&nbsp;contact local guys&nbsp;<a href=\"https://www.facebook.com/abuhdab\">Temo Kutdiani on facebook</a>.</p>\n\n<h3>Info:</h3>\n\n<p>Facebook page:&nbsp;<a href=\"https://www.facebook.com/slacklinegeorgia\" target=\"_blank\">slackline georgia</a></p>\n\n<p>Tbilisi -&gt; Mail: Iraklisixarulidze@gmail.com; Facebook: <a href=\"https://www.facebook.com/dusty.boots.7\">dusty boots</a>.</p>\n\n<p>Batumi -&gt; Facebook:&nbsp;<a href=\"https://www.facebook.com/erekle.chikvaidze?sk=wall&amp;fref=gs&amp;dti=372828259545512&amp;hc_location=group_dialog\">Erekle Chikvaidze</a>.</p>\n\n<p>Kutaisi -&gt; Facebook:&nbsp;<a href=\"https://www.facebook.com/abuhdab\">Temo Kutdiani</a>.</p>\n', NULL, NULL, NULL, NULL, '<p><strong>Guga -</strong>&nbsp;Mail: gugadabrunda@gmail.com&nbsp; &nbsp; Tel: (+995) 557 300 700.</p>\n\n<p><strong>Temo</strong>&nbsp;- Mail; samsonadze.temo9@gmail.com&nbsp; &nbsp; &nbsp;Tel: (+995) 598 45 70 48</p>\n', NULL, NULL, '2021-03-19 21:01:44', '2024-04-15 20:34:50'),
(225, 'us', 'Javakhishvili clasic (3A)', '<p>AD, M1, 300M, 5A (3A - RUS)</p>\n', '<p>Climbing requires only three pitches and the difficulty of the route does not exceed 5A</p>\n', '<table border=\"1\" cellpadding=\"1\" cellspacing=\"1\" style=\"height:106px; width:100%\">\n	<tbody>\n		<tr>\n			<td>Pitch</td>\n			<td>Grade</td>\n			<td>Height</td>\n		</tr>\n		<tr>\n			<td>P0</td>\n			<td>M1</td>\n			<td>100m</td>\n		</tr>\n		<tr>\n			<td>P1</td>\n			<td>5A</td>\n			<td>25m</td>\n		</tr>\n		<tr>\n			<td>P2</td>\n			<td>5A</td>\n			<td>50m</td>\n		</tr>\n		<tr>\n			<td>P3</td>\n			<td>4</td>\n			<td>50m</td>\n		</tr>\n	</tbody>\n</table>\n\n<p>P0 - the route starts from the Leonidze-Javakhishvili couloir, from there we ascend to the saddle, where you will find a large boulder. To the left of the boulder you will see the assembled station.</p>\n\n<p>Р1 - from the station there are two options for ascent The first rope- from the station to the left, along the chimney, keep climbing to the right side - you&#39;ll stand on the shelf. Second option, there is a crack over the station, climb along the right side of the crack and go out onto the ledge.</p>\n\n<p>P2- from the station we go to the right along an inclined crevice and come out onto a thin rock with a positive slope. You can find it on the wall, continue climbing and find a station, assembled on three elements.</p>\n\n<p>Р3- from the station we continue the ascent and go out onto the ledge where we find the station on a boulder. From the station, go to the left along the path that takes us to the top of Javakhishvili. The classic route of Javakhishvili is the easiest route to the top of this mountain.</p>\n\n<p>The route is quite simple, so it is suitable for beginner climbers. For those who are just starting to climb the mountains.</p>\n\n<p>It takes 2-2.5 hours from the first camp to the base of the couloir. From the second camp 0.45-1.5 hours.</p>\n\n<p>The average time from the couloir to the summit is only 4-5 hours.</p>\n', NULL, '<p>The best time for the route is summer. At this time, the least precipitation falls, and the temperature is the highest (from 12 to 0 degrees), but you can go on the route in winter. Note: There is much more snow on the couloir in winter and avalanches are frequent. Temperature range from -15 to -25 degrees.</p>\n', '', '<p>Темо - samsonadze.temo9@gmail.com</p>\n', NULL, NULL, '2021-10-03 07:01:13', '2024-05-06 01:48:07'),
(226, 'us', 'Climbing near Borjomi', '<p>Borjomi is located in Eastern Georgia. Here you can do rock climbing as well as various activities.</p>\n', '<p>Borjomi, located in Eastern Georgia, sits at an elevation of approximately 900 meters above sea level. The town has a population of around 10,000 people. Borjomi Municipality is highly popular among adventure tourism enthusiasts, offering activities such as trekking, cycling tours, rafting, and more.</p>\n', '<p>In the winter of 2021, the reabilitation of the region is&nbsp;began. Initially only 1 sector and 8 routes were done but already by the summer of 2022 it is planned to do more routes.</p>\n\n<p>Rock - basalt</p>\n', '<p>To reach Bakuriani from Borjomi, you&#39;ll travel approximately 9 kilometers until you reach the village of Tsaghveri. Once in Tsaghveri, head to the central square and make a left turn. Continue for 700-1000 meters towards the area of the village of Timote. On your right, you will come across a spring (marked with a sign). Adjacent to the spring, there is a bridge over the river. Cross the bridge to reach the rock. Parking is available at this location. For further details, please refer to the map.</p>\n', '<p>Best time to climb in the region: mid-spring to late autumn. The rock is mostly in the shade during the day so it is mostly cold during the day. We recommend that you check the weather before arriving in the region.</p>\n', '<ol>\n	<li>60 m rope,</li>\n	<li>15 quickdraw,</li>\n	<li>Helmet.</li>\n	<li>Harnes</li>\n	<li>Belay divice</li>\n	<li>Climbing Shous &amp;&nbsp;Chock bag</li>\n</ol>\n', '<p>Temo - Tel - (+995) 598457048.&nbsp;Email - samsonadze.temo9@gmail.com</p>\n', NULL, NULL, '2021-11-21 18:30:47', '2023-11-20 01:45:06'),
(227, 'us', 'New climbing sectors near Borjomi', '<p>Borjomi municipality is one of the most popular among tourists and outdoor enthusiasts. A new climbing sector was recently added here.</p>\n', '<p>Borjomi is located 150 km from Tbilisi. Borjomi municipality is one of the most popular among tourists and outdoor enthusiasts. Here you can visit the Borjomi-Kharagauli National Park, where you can go trekking, visit sulfur baths and go rafting.</p>\n\n<p>20 km from Borjomi is the village of Tsemi, where one of the oldest climbing sectors in Georgia is located. Competitions were held back in the 80s of the 20th century. However, for the last 20 years, the region has been completely forgotten and no sporting events have been held here. There was no infrastructure in the sector, so it was impossible to climb here.</p>\n\n<p>In November 2021, work began on the renewal of the sector. At the first stage, only 3 routes were laid, but in the near future the work will be continued and even more traffic routes will be laid here.</p>\n\n<p>Follow the link to see a detailed description of the region.</p>\n', NULL, '<p><a href=\"https://www.google.com/maps/d/u/0/edit?mid=1zLk1GegB8K4QLJKiheI4D1odWy6rPffn&amp;ll=41.798991224962606%2C43.490982900000006&amp;z=18\">See the map to find out how to get to the region.</a></p>', NULL, NULL, '<p><strong>Temo -</strong>&nbsp;&nbsp;<strong>Tel:</strong> (+995) 598 45 70 48. <strong>Mail:</strong> samsonadze.temo9@gmail.com</p>', NULL, NULL, '2021-11-23 17:24:11', '2024-08-12 14:23:58'),
(228, 'us', 'Climbing gym in Stepantsminda (Kazbegi)', '<p>.</p>', '<p>.</p>', NULL, NULL, NULL, NULL, '<p>.</p>', NULL, NULL, '2022-05-05 18:52:52', '2022-05-05 18:59:15'),
(229, 'us', 'Djavaxishhvili summit, \"Iliauni\" route', '<p>TD+/ED (5A RUS)</p>\n', '<p>In the morning, the route is in the sun, so it is pleasant to climb, both in summer and in winter.</p>\n\n<p>It will take you 2.5-3.0 hours to reach the base of the route from the first camp.</p>\n\n<p>1.0-1.5 hours from the second camp.</p>\n\n<p>The average time from the base of the route to the top is 4-6 hours.<br />\nIn the morning, the route is in the sun, so it is pleasant to climb, both in summer and in winter.</p>\n\n<p>It will take you 2.5-3.0 hours to reach the base of the route from the first camp.</p>\n\n<p>1.0-1.5 hours from the second camp.</p>\n\n<p>The average time from the base of the route to the top is 4-6 hours.</p>\n', '<table border=\"1\" cellpadding=\"1\" cellspacing=\"1\" style=\"height:106px; width:100%\">\n	<tbody>\n		<tr>\n			<td>Pitch</td>\n			<td>Grade</td>\n			<td>Height</td>\n		</tr>\n		<tr>\n			<td>P0</td>\n			<td>&nbsp;</td>\n			<td>30m</td>\n		</tr>\n		<tr>\n			<td>P1</td>\n			<td>5B</td>\n			<td>50m</td>\n		</tr>\n		<tr>\n			<td>P1.5</td>\n			<td>4</td>\n			<td>15m</td>\n		</tr>\n		<tr>\n			<td>P2</td>\n			<td>6A</td>\n			<td>40m</td>\n		</tr>\n		<tr>\n			<td>P3</td>\n			<td>5C+</td>\n			<td>40m</td>\n		</tr>\n		<tr>\n			<td>P4</td>\n			<td>5A</td>\n			<td>30m</td>\n		</tr>\n		<tr>\n			<td>P5</td>\n			<td>5b</td>\n			<td>30m</td>\n		</tr>\n		<tr>\n			<td>Top</td>\n			<td>&nbsp;</td>\n			<td>40m</td>\n		</tr>\n	</tbody>\n</table>\n\n<p>&nbsp;</p>\n\n<p>The route starts on the left of Leonidze-Javakhishvili culuar. We go up the steep slope to the bottom of the wall, we find a crack on the left side. This is where the route starts.</p>\n\n<p>P0 - we start climbing in a wide crack (for protection, use large-sized cams), we pass on a narrow taro and make protection on the chem. we continue climbing to the right. We go through a 4-5 meter wall to the big taro, go to the right and make a station on the big rock, at the foot of the big fireplace.</p>\n\n<p>P1 - We start climbing into the fireplace, there are many cracks on the right and left walls of the fireplace to make protection. Above the fireplace is a ceiling formed by the fall of large stones. On the left side, we find a narrow passage and go to the shelf. There is a chemical station near the gas station.</p>\n\n<p>P1.5 - walking simultaneously to the left of the station, we follow the shelf, climb a 5m high simple wall and find the base of the big wall on the existing taro.</p>\n\n<p>P2- we follow the groove in the middle of the big wall (the biggest groove), we follow the groove, on the right side we find a shelf and 4m above the shelf we find 2 palos on which we set up a station.</p>\n\n<p>P3 - We continue to climb in the groove until we come to a green wall with broken, broken rock. There are many narrow grooves on the wall. We continue to climb in the middle of the wall and find a narrow shelf where we make a station (making a station higher than this is not recommended).</p>\n\n<p>P4 - We continue to climb straight until we get to a large shelf below a large fireplace. We make a station at the foot of the fireplace.</p>\n\n<p>P5- We continue to climb the large chimney until we pass another large taro. From here we start walking simultaneously.</p>\n\n<p>TOP - from the shelf we continue to climb at the same time, on easy terrain. We go to the foot of the peak. We pass the peak on a small shelf from the west side (go to the left) and find a fireplace. As soon as we leave the fireplace, we find ourselves at the top.</p>\n\n<p>The average time from the base of the route to the top is 4-6 hours.</p>\n', NULL, '<p>The best time for the route is summer. At this time, the least precipitation falls, and the temperature is the highest (from 12 to 0 degrees), but you can go on the route in winter. Note: There is much more snow on the couloir in winter and avalanches are frequent. Temperature range from -15 to -25 degrees.</p>', '', '<p>Темо - samsonadze.temo9@gmail.com</p>\n', NULL, NULL, '2022-08-23 19:24:25', '2024-05-05 23:29:42'),
(230, 'us', 'Leonidze Peak from South', '<p>EA - M1, 6A+, 350M (4A RUSS)</p>\n', '<p>The eastern wall of Javakhishvili is the most popular route of this peak. The route is good for the middle level climber.</p>\n', '<table border=\"1\" cellpadding=\"1\" cellspacing=\"1\" style=\"height:106px; width:100%\">\n	<tbody>\n		<tr>\n			<td>Pitch</td>\n			<td>Grade</td>\n			<td>Height</td>\n		</tr>\n		<tr>\n			<td>P0</td>\n			<td>M1</td>\n			<td>200m</td>\n		</tr>\n		<tr>\n			<td>P1</td>\n			<td>6A+</td>\n			<td>50m</td>\n		</tr>\n		<tr>\n			<td>P2</td>\n			<td>6A</td>\n			<td>40m</td>\n		</tr>\n		<tr>\n			<td>P3</td>\n			<td>5B</td>\n			<td>40m</td>\n		</tr>\n		<tr>\n			<td>P4</td>\n			<td>4</td>\n			<td>100m</td>\n		</tr>\n		<tr>\n			<td>P5</td>\n			<td>5A</td>\n			<td>70m</td>\n		</tr>\n	</tbody>\n</table>\n\n<p>&nbsp;</p>\n\n<p>P0 - The route starts from the Javakhishvili circus after widely dismissed couloir the path goes to the frozen and snowy slope. Exit to the saddle 200 m. near a big stone.</p>\n\n<p>P1 - On the right side from the saddle starts the wall with a phile, then continues to the little platform and the follow the narrow cleft with skates to the built station - 50 m.</p>\n\n<p>P2 - At the top of the station runs a small size cleft , after passing this cleft go to the left in the narrow Fireplace and the go to the big spread on platform, where is the station built on the skates. 5 m.</p>\n\n<p>P3 - On the right side from the platform goes in the simple Fireplace (50 m).</p>\n\n<p>P4 - Make a traverse of 100 m. on the right side to the wide platform from the head of the Fireplace. In the opened Fireplace to the peak direction ascend on the mountain range.</p>\n\n<p>P5 - Move to the right side from the mountain range to the peak.(70-80 m.)</p>\n\n<p>Descend with the same route</p>\n\n<p>Duration: 7-8 hours.</p>\n\n<p>&nbsp;</p>\n', NULL, NULL, '<p>On the route you will need:</p>\n\n<ol>\n	<li>X2 Rope 50 m</li>\n	<li>Stopers&nbsp;4-5&nbsp;(medium size)</li>\n	<li>Cams&nbsp;3-4 (medium-sized)</li>\n	<li>&nbsp;Quickdraw&nbsp;4-5</li>\n	<li>3-4s carbine and self-defense</li>\n	<li>Belay device</li>\n	<li>Harness and helmet</li>\n	<li>Crampons and iceax (depending on the amount of snow on the couloir)</li>\n</ol>\n\n<p>In winter, you will need additional equipment</p>\n\n<ol>\n	<li>Snowsues</li>\n	<li>Ice screws 2-3</li>\n</ol>\n', '<p>.</p>\n', NULL, NULL, '2022-08-23 19:35:54', '2025-06-19 23:43:00'),
(231, 'us', '\"Didi digomi\"', '<p>.</p>\n', '<p>First ascent - Bidzina Gujabidze and Alexandre Gujabidze</p>\n', '', NULL, NULL, '', '<p>.</p>', NULL, NULL, '2022-08-23 19:40:16', '2024-12-16 18:10:50'),
(232, 'us', 'Kameruni klasic (3A)', '<p>AD, M1, 600M, 5A (3A - RUS)</p>\n', '<p>The Cameroon classic route is one of the interesting and different routes in the Chauk massif. The route will be interesting for beginners and middle level climbers</p>\n', '<table border=\"1\" cellpadding=\"1\" cellspacing=\"1\" style=\"height:106px; width:100%\">\n	<tbody>\n		<tr>\n			<td>Pitch</td>\n			<td>Grade</td>\n			<td>Height</td>\n		</tr>\n		<tr>\n			<td>P0</td>\n			<td>M2</td>\n			<td>500m</td>\n		</tr>\n		<tr>\n			<td>P1</td>\n			<td>5A</td>\n			<td>50m</td>\n		</tr>\n		<tr>\n			<td>P2</td>\n			<td>5B</td>\n			<td>40m</td>\n		</tr>\n	</tbody>\n</table>\n\n<p>&nbsp;</p>\n\n<p>P0 - The route starts at the beginning of Asatiani - Camerooni couloir. We go up to the saddle with a long couloir (The average time of passing the couloir is 2-3 hours.) We start climbing on the left wall of the couloir.</p>\n\n<p>P1 - We start to climb the wall, gradually move to the left side. after 10m we find a old piton, from here we continue to the left again and enter the stone ridge where we find a anchor built on palos.</p>\n\n<p>P2 - We continue to climb up and pass the ridge. We cross to the left and at the highest point of the ridge we find a station built on a rock.</p>\n\n<p>TOP - We climb down from the anchor 8-9 meters down and find ourselves on the right platform (shelf). From here, we continue walking towards the peak. We pass the peak from the right side and climb to the top of the narrow flat surface (there is a tour at the top)</p>\n', '<p>.</p>', NULL, '', '<p>.</p>\n', NULL, NULL, '2022-08-23 19:45:32', '2024-05-06 01:49:41'),
(233, 'us', 'Asatiani Summit From South', '<p>D M1 5A 200M (4A; RUSS)</p>\n', '<p>.</p>\n', '<table border=\"1\" cellpadding=\"1\" cellspacing=\"1\" style=\"width:100%\">\n	<tbody>\n		<tr>\n			<td>Pitch</td>\n			<td>Pitch Height</td>\n			<td>Inclination of<br />\n			the wall</td>\n			<td>Grade (UIAA)</td>\n			<td>Grade (ftr)</td>\n		</tr>\n		<tr>\n			<td>R5</td>\n			<td>30</td>\n			<td>50</td>\n			<td>III</td>\n			<td>4-</td>\n		</tr>\n		<tr>\n			<td>R4</td>\n			<td>20</td>\n			<td>10-20</td>\n			<td>II</td>\n			<td>4-</td>\n		</tr>\n		<tr>\n			<td>R3</td>\n			<td>30</td>\n			<td>70</td>\n			<td>IV</td>\n			<td>4</td>\n		</tr>\n		<tr>\n			<td>R2</td>\n			<td>40</td>\n			<td>60</td>\n			<td>III</td>\n			<td>4-</td>\n		</tr>\n		<tr>\n			<td>R1</td>\n			<td>40</td>\n			<td>70</td>\n			<td>IV</td>\n			<td>5</td>\n		</tr>\n	</tbody>\n</table>\n\n<p>From the Javakhishvili circus ascend by the snowy couloir to the saddle&nbsp;(400 m). From the saddle climb on the third difficulty wall (50 m.) on the<br />\nright, the wall has cracks, sometimes you have to move on the simple climb ing philes. There is the station made up with pitons. Make 2-3 m. traverse on the right and get in the wide &ldquo;Fireplace&rdquo;. After 60 m. snowy and stone fallen &ldquo;Fireplace&rdquo; move on the less snowed saddle. At the end of wall side is built the station. on the left from the saddle move 40 m. on the narrow dismissed &ldquo;Fireplace&rdquo;. Ascend the long narrow platform and here is the station made up from the pitons. Make 20 m.</p>\n\n<p>traverse on the right to platform at the bottom of the little &ldquo;Fireplace&rdquo;. With the opened corner&rdquo;Fireplace&rdquo; move on the mountain range. Follow the dismissed mountain range to the peak.</p>\n\n<p>&nbsp;</p>\n\n<p>Descend: With the same route. Duration: 8-9 hours.</p>\n\n<p>&nbsp;</p>\n', NULL, NULL, '', '<p>.</p>', NULL, NULL, '2022-08-23 20:01:40', '2024-12-11 17:52:46');
INSERT INTO `locale_articles` (`id`, `locale`, `title`, `short_description`, `text`, `route`, `how_get`, `best_time`, `what_need`, `info`, `price_text`, `address`, `created_at`, `updated_at`) VALUES
(234, 'us', 'Myinvartsveri Clasic Route', '<p>PD (2A RUSS)</p>\n', '<p>The classic route to Mount Kazbek is the most popular ascent path to the summit, climbed by thousands of alpinists each year.</p>\n\n<p>While the route is technically quite straightforward, it requires good physical fitness and proper acclimatization.</p>\n\n<p>For acclimatization, it is recommended to rest for one full day at Bethlemi Hut. On the rest day, a light hike to the Bethlemi Church is advisable &mdash; both as a mild physical activity and an opportunity to enjoy the views and surroundings.</p>\n', '<p>The route begins at Bethlemi Hut (meteorological station). From there, we head north, following the slope alongside the glacier. Shortly after departing the Meteo Station, we pass by a campsite &mdash; the Cross Camp &mdash; which we bypass and continue heading north.</p>\n\n<p>After a short walk, we reach a section known as &ldquo;Khmaura&rdquo; (meaning &ldquo;noise&rdquo;), where frequent rockfall occurs. Therefore, wearing helmets is mandatory, and if necessary, crampons should be used. After passing through Khmaura, it is essential to rope up.</p>\n\n<p>Next, we reach the glacier plateau, from where we take a northeast direction and traverse the western slope. Due to numerous crevasses, roped travel is required, as well as the use of crampons, and, if necessary, ice axes.</p>\n\n<p>From the plateau, we ascend southward along a sloped section (incline approx. 25&ndash;35 degrees) and enter the saddle between the North and South summits.</p>\n\n<p>From this saddle, we continue northward along an icy slope (approx. 35&ndash;40 degrees) and reach the summit.</p>\n\n<p><strong>Departure from Meteo Station</strong>: 2:00 AM<br />\n<strong>Route duration (from Bethlemi Hut to the summit)</strong>: 8&ndash;10 hours<br />\n<strong>Descent</strong>: via the same route.</p>\n', NULL, '', '', '<p>.</p>\n', NULL, NULL, '2022-08-23 21:03:42', '2025-07-04 18:35:12'),
(236, 'us', 'Climbing in Gveleti', '<p>.</p>\n', '<p>Distance from Kazbek : 8 km (to Dariali Valley).&nbsp;The spot is under development with currently 2 sport climbing routes.&nbsp;Trad climbing possible.</p>\n', '', '', '<p>June-October but if good weather &nbsp;its possible to climb even in the winter.</p>\n', '<ol>\n	<li>60 m rope,</li>\n	<li>15 quickdraw,</li>\n	<li>Helmet.</li>\n	<li>Harnes</li>\n	<li>Belay divice</li>\n	<li>Climbing Shous &amp;&nbsp;Chock bag</li>\n</ol>\n', '', NULL, NULL, '2022-09-05 13:30:21', '2023-11-11 01:54:01'),
(237, 'us', 'Climbing Near Ananuri', '<p>.</p>\n', '<p>Climbing near Ananuri</p>\n', '<h2><strong>Area is not free for bolting !!!</strong></h2>\n\n<p>In case if you plan to come for bolting in Georgia please let local community to know about your plans. Any line which does not fit in our standards will be removed.</p>\n\n<p><strong>Dry tolling is not allowed&nbsp; in climbing area</strong>.</p>\n\n<p><strong>camping is not allowed under climbing lines</strong>&nbsp; !!!!!!!</p>\n\n<p><strong>for your safety always use helmet&nbsp;</strong>&nbsp;!!!!!!!!!</p>\n', '', '', '<ol>\n	<li>40 m rope</li>\n	<li>10&nbsp;quick draw</li>\n	<li>Helmet.</li>\n	<li>Harnes</li>\n	<li>Belay divice</li>\n	<li>Climbing Shous &amp;&nbsp;Chock bag</li>\n</ol>\n\n<p><br />\n&nbsp;</p>\n', '<p><strong>Guga -</strong>&nbsp;Mail: gugadabrunda@gmail.com&nbsp; &nbsp; Tel: (+995) 557 300 700.</p>\n\n<p><strong>Temo</strong>&nbsp;- Mail; samsonadze.temo9@gmail.com&nbsp; &nbsp; &nbsp;Tel: (+995) 598 45 70 48</p>\n', NULL, NULL, '2022-09-05 13:41:36', '2025-06-05 18:40:47'),
(238, 'us', 'Advanture 2022', '.', '<p><img alt=\"📢\" src=\"https://static.xx.fbcdn.net/images/emoji.php/v9/t39/1/16/1f4e2.png\" style=\"height:16px; width:16px\" />&nbsp;16-17-18 სექტემბერი&nbsp;<img alt=\"📢\" src=\"https://static.xx.fbcdn.net/images/emoji.php/v9/t39/1/16/1f4e2.png\" style=\"height:16px; width:16px\" /></p>\r\n\r\n<p><img alt=\"🫵\" src=\"https://static.xx.fbcdn.net/images/emoji.php/v9/tc8/1/16/1faf5.png\" style=\"height:16px; width:16px\" />&nbsp;მოდი ჭიათურის ტურისტულ ფესტივალზე და მოიწყვე დაუვიწყარი თავგადასავალი</p>\r\n\r\n<p><img alt=\"🚀\" src=\"https://static.xx.fbcdn.net/images/emoji.php/v9/tc6/1/16/1f680.png\" style=\"height:16px; width:16px\" />&nbsp;აღმოაჩინე სხვა ჭიათურა:</p>\r\n\r\n<p><img alt=\"✔️\" src=\"https://static.xx.fbcdn.net/images/emoji.php/v9/t51/1/16/2714.png\" style=\"height:16px; width:16px\" />&nbsp;ქემფინგი/ Camping;<br />\r\n<img alt=\"✔️\" src=\"https://static.xx.fbcdn.net/images/emoji.php/v9/t51/1/16/2714.png\" style=\"height:16px; width:16px\" />&nbsp;კლდეზე ცოცვა (მოყვარული) / Rock Climbing (amateur);<br />\r\n<img alt=\"✔️\" src=\"https://static.xx.fbcdn.net/images/emoji.php/v9/t51/1/16/2714.png\" style=\"height:16px; width:16px\" />&nbsp;კლდეზე ცოცვა (პროფესიონალი) / Rock Climbing (professional);<br />\r\n<img alt=\"✔️\" src=\"https://static.xx.fbcdn.net/images/emoji.php/v9/t51/1/16/2714.png\" style=\"height:16px; width:16px\" />&nbsp;ჰაილაინი / Highline;<br />\r\n<img alt=\"✔️\" src=\"https://static.xx.fbcdn.net/images/emoji.php/v9/t51/1/16/2714.png\" style=\"height:16px; width:16px\" />&nbsp;ნაოსნობა ტბაზე / Lake Boating;<br />\r\n<img alt=\"✔️\" src=\"https://static.xx.fbcdn.net/images/emoji.php/v9/t51/1/16/2714.png\" style=\"height:16px; width:16px\" />&nbsp;სპელეოტურიზმი ძუძუანას და კოტიას მღვიმეში / Speleotourism in Dzudzuana and Kotika caves;<br />\r\n<img alt=\"✔️\" src=\"https://static.xx.fbcdn.net/images/emoji.php/v9/t51/1/16/2714.png\" style=\"height:16px; width:16px\" />ველოშეჯიბრი მანდაეთში/Cycling competition in Mandaeti.</p>\r\n\r\n<p>ფესტივალის განრიგი :</p>\r\n\r\n<p>16 სექტემბერი</p>\r\n\r\n<p><img alt=\"📍\" src=\"https://static.xx.fbcdn.net/images/emoji.php/v9/t2d/1/16/1f4cd.png\" style=\"height:16px; width:16px\" />&nbsp;ჭიათურა</p>\r\n\r\n<p><img alt=\"🕚\" src=\"https://static.xx.fbcdn.net/images/emoji.php/v9/t59/1/16/1f55a.png\" style=\"height:16px; width:16px\" />&nbsp;11:00 - პრეზენტაცია და პანელ - დისკუსია, ჭიათურის კულტურის სახლში.</p>\r\n\r\n<p><img alt=\"🕛\" src=\"https://static.xx.fbcdn.net/images/emoji.php/v9/tda/1/16/1f55b.png\" style=\"height:16px; width:16px\" />&nbsp;12:00 - ტური &ldquo;ჯორჯიან მანგანეზის&rdquo; ტურისტულ პროექტში (საბაგირო, კორტი და სხვა).</p>\r\n\r\n<p><img alt=\"🕘\" src=\"https://static.xx.fbcdn.net/images/emoji.php/v9/tb0/1/16/1f558.png\" style=\"height:16px; width:16px\" />&nbsp;21:00 - გალა კონცერტი Loud Speakers</p>\r\n\r\n<p><img alt=\"📍\" src=\"https://static.xx.fbcdn.net/images/emoji.php/v9/t2d/1/16/1f4cd.png\" style=\"height:16px; width:16px\" />&nbsp;კაცხი</p>\r\n\r\n<p><img alt=\"🕛\" src=\"https://static.xx.fbcdn.net/images/emoji.php/v9/tda/1/16/1f55b.png\" style=\"height:16px; width:16px\" />&nbsp;12:00 - 13:00 რეგისტრაცია კლდეზე ცოცვის შეჯიბრში (მოყვარულები)</p>\r\n\r\n<p><img alt=\"🕐\" src=\"https://static.xx.fbcdn.net/images/emoji.php/v9/ta8/1/16/1f550.png\" style=\"height:16px; width:16px\" />&nbsp;13:00 - 18:00 შეჯიბრი</p>\r\n\r\n<p><img alt=\"📍\" src=\"https://static.xx.fbcdn.net/images/emoji.php/v9/t2d/1/16/1f4cd.png\" style=\"height:16px; width:16px\" />&nbsp;სვერი</p>\r\n\r\n<p><img alt=\"🕛\" src=\"https://static.xx.fbcdn.net/images/emoji.php/v9/tda/1/16/1f55b.png\" style=\"height:16px; width:16px\" />&nbsp;12:00 - 13:00 რეგისტრაცია კლდეზე ცოცვის შეჯიბრში (პროფესიონალები)</p>\r\n\r\n<p><img alt=\"🕐\" src=\"https://static.xx.fbcdn.net/images/emoji.php/v9/ta8/1/16/1f550.png\" style=\"height:16px; width:16px\" />&nbsp;13:00 - 18:00 შეჯიბრი</p>\r\n\r\n<p><img alt=\"🕛\" src=\"https://static.xx.fbcdn.net/images/emoji.php/v9/tda/1/16/1f55b.png\" style=\"height:16px; width:16px\" />&nbsp;12:00 - 18:00 ჰაილაინის შოუ</p>\r\n\r\n<p><img alt=\"🕚\" src=\"https://static.xx.fbcdn.net/images/emoji.php/v9/t59/1/16/1f55a.png\" style=\"height:16px; width:16px\" />&nbsp;11:00 - 17:00 ვია ფერატა ინფო ტური (​​მონაწილეები დაიყოფიან ოთხ ჯგუფად)</p>\r\n\r\n<p><img alt=\"👉\" src=\"https://static.xx.fbcdn.net/images/emoji.php/v9/t51/1/16/1f449.png\" style=\"height:16px; width:16px\" />&nbsp;17 სექტემბერი</p>\r\n\r\n<p><img alt=\"📍\" src=\"https://static.xx.fbcdn.net/images/emoji.php/v9/t2d/1/16/1f4cd.png\" style=\"height:16px; width:16px\" />&nbsp;სვერი</p>\r\n\r\n<p><img alt=\"🕛\" src=\"https://static.xx.fbcdn.net/images/emoji.php/v9/tda/1/16/1f55b.png\" style=\"height:16px; width:16px\" />&nbsp;12:00 - 13:00 რეგისტრაცია კლდეზე ცოცვის შეჯიბრში (პროფესიონალები)</p>\r\n\r\n<p><img alt=\"🕐\" src=\"https://static.xx.fbcdn.net/images/emoji.php/v9/ta8/1/16/1f550.png\" style=\"height:16px; width:16px\" />&nbsp;13:00 - 18:00 შეჯიბრი</p>\r\n\r\n<p><img alt=\"📍\" src=\"https://static.xx.fbcdn.net/images/emoji.php/v9/t2d/1/16/1f4cd.png\" style=\"height:16px; width:16px\" />&nbsp;ძუძუანას და კოტიას მღვიმე</p>\r\n\r\n<p><img alt=\"🕘\" src=\"https://static.xx.fbcdn.net/images/emoji.php/v9/tb0/1/16/1f558.png\" style=\"height:16px; width:16px\" />&nbsp;09:00 - 10:00 რეგისტრაცია ლაშქრობაში (მონაწილეები დაიყოფიან სამ ჯგუფად)</p>\r\n\r\n<p><img alt=\"📍\" src=\"https://static.xx.fbcdn.net/images/emoji.php/v9/t2d/1/16/1f4cd.png\" style=\"height:16px; width:16px\" />&nbsp;კოტიას მღვიმე</p>\r\n\r\n<p><img alt=\"🕘\" src=\"https://static.xx.fbcdn.net/images/emoji.php/v9/tb0/1/16/1f558.png\" style=\"height:16px; width:16px\" />&nbsp;21:00 - სპექტაკლი &ldquo;დოვინ დოვენ დოვლი&rdquo;</p>\r\n\r\n<p><img alt=\"👉\" src=\"https://static.xx.fbcdn.net/images/emoji.php/v9/t51/1/16/1f449.png\" style=\"height:16px; width:16px\" />&nbsp;18 სექტემბერი</p>\r\n\r\n<p><img alt=\"📍\" src=\"https://static.xx.fbcdn.net/images/emoji.php/v9/t2d/1/16/1f4cd.png\" style=\"height:16px; width:16px\" />&nbsp;მანდაეთის ტბა</p>\r\n\r\n<p><img alt=\"🕙\" src=\"https://static.xx.fbcdn.net/images/emoji.php/v9/t31/1/16/1f559.png\" style=\"height:16px; width:16px\" />&nbsp;10:00 ველო შეჯიბრი</p>\r\n\r\n<p><img alt=\"🕛\" src=\"https://static.xx.fbcdn.net/images/emoji.php/v9/tda/1/16/1f55b.png\" style=\"height:16px; width:16px\" />&nbsp;12:00 - 18:00 ნავებით შეჯიბრი ტბაზე</p>\r\n\r\n<p><img alt=\"📍\" src=\"https://static.xx.fbcdn.net/images/emoji.php/v9/t2d/1/16/1f4cd.png\" style=\"height:16px; width:16px\" />&nbsp;ჭიათურის ცენტრი</p>\r\n\r\n<p><img alt=\"🕘\" src=\"https://static.xx.fbcdn.net/images/emoji.php/v9/tb0/1/16/1f558.png\" style=\"height:16px; width:16px\" />&nbsp;21:00 - გალა კონცერტი Tamada</p>\r\n\r\n<p><img alt=\"🏕\" src=\"https://static.xx.fbcdn.net/images/emoji.php/v9/tdc/1/16/1f3d5.png\" style=\"height:16px; width:16px\" />16 სექტემბერს 10:00 საათზე გაიხსნება ქემფინგ ზონა ჩამოსული სტუმრებისთვის, რომელიც იფუნქციონირებს 18 სექტემბრის ჩათვლით.</p>\r\n\r\n<p><img alt=\"🎶\" src=\"https://static.xx.fbcdn.net/images/emoji.php/v9/t1f/1/16/1f3b6.png\" style=\"height:16px; width:16px\" />&nbsp;TAMADA და Loudspeakers</p>\r\n\r\n<p><img alt=\"🥪\" src=\"https://static.xx.fbcdn.net/images/emoji.php/v9/tfc/1/16/1f96a.png\" style=\"height:16px; width:16px\" /><img alt=\"🥤\" src=\"https://static.xx.fbcdn.net/images/emoji.php/v9/t4f/1/16/1f964.png\" style=\"height:16px; width:16px\" />&nbsp;სთრით ფუდი და გამაგრილებელი სასმელები</p>\r\n\r\n<p><img alt=\"💥\" src=\"https://static.xx.fbcdn.net/images/emoji.php/v9/t40/1/16/1f4a5.png\" style=\"height:16px; width:16px\" />&nbsp;ჭიათურაში ამაღელვებელი, მომნუსხველი, გემრიელი და მისტიკით სავსე 3 დღე გელოდება.</p>\r\n\r\n<p><img alt=\"✔️\" src=\"https://static.xx.fbcdn.net/images/emoji.php/v9/t51/1/16/2714.png\" style=\"height:16px; width:16px\" />&nbsp;ჭიათურის ტურისტული ფესტივალის გენერალური სპონსორია &quot;ჯორჯიან მანგანეზი&quot;</p>\r\n\r\n<p><img alt=\"🤝\" src=\"https://static.xx.fbcdn.net/images/emoji.php/v9/t64/1/16/1f91d.png\" style=\"height:16px; width:16px\" />პარტნიორები: ჭიათურის მუნიციპალიტეტის მერია, სვერის სათავგადასავლო ბანაკი და DMO იმერეთი.</p>\r\n\r\n<p><img alt=\"🔗\" src=\"https://static.xx.fbcdn.net/images/emoji.php/v9/tb3/1/16/1f517.png\" style=\"height:16px; width:16px\" />&nbsp;მხარდამჭერები: ტურიზმის ეროვნული ადმინისტრაცია.&nbsp;</p>\r\n', NULL, NULL, NULL, NULL, 'Guga - ', NULL, NULL, NULL, NULL),
(240, 'us', 'New climbing sector, near Ananuri', '<p>.</p>\n', '<p>Guga Dabrundashvili and Sopo Celidze boltid 3 new route near ananuri. Naw hear only 3 route but rock is big and poseble boltednew routes.</p>\n\n<p>For more information about sector location and routes see on this - <a href=\"https://climbing.ge/outdoor/Climbing_near_Ananuri\">page</a>.&nbsp;</p>\n\n<p>&nbsp;</p>\n', NULL, NULL, NULL, NULL, '<p>Guga: Mail - gugadabrunda@gmail.com,&nbsp;Tel: (+995) 557 300 700.</p>\n', NULL, NULL, '2022-09-05 16:06:23', '2023-05-19 21:49:38'),
(241, 'us', 'New climbing routes, in Gveleti', '<p>.</p>', '<p>Guga Dabrundashvili boltid new sport climbing routes in Gveleti.&nbsp;</p>\n\n<p>More information about rocks see on this - <a href=\"https://climbing.ge/outdoor/Climbing_in_Gveleti\">page</a>.</p>', NULL, NULL, NULL, NULL, '<p>Guga: Mail - gugadabrunda@gmail.com, Tel: (+995) 557 300 700.</p>', NULL, NULL, '2022-09-05 16:16:02', '2022-09-05 16:23:23'),
(242, 'us', 'New, climbing sector, and 5 sport climbing route, near Borjomi', '<p>.</p>', '<p>Temo&nbsp;Samsonadze create new sector and bolted 5 new sport climbing route near Borjomi in village Mzetamze</p>\n\n<p>More information about this area see on this - <a href=\"https://climbing.ge/outdoor/Climbing_near_Borjomi\">page</a>.</p>', NULL, NULL, NULL, NULL, '<p>Temo - Tel - (+995) 598457048. Email - samsonadze.temo9@gmail.com</p>', NULL, NULL, '2022-09-05 16:24:07', '2022-09-05 16:36:05'),
(243, 'us', 'New, sport climbing sector at the black sea cast.', '<p>.</p>', '<p>Temo Samsonadze boltid 3 new climbing line in Cixisdziri beach. Near Batumi.</p>\n\n<p>More information see on this - <a href=\"https://climbing.ge/outdoor/Climbing_At_The_Black_Sea_Coast\">page</a>.</p>\n\n<p>&nbsp;</p>', NULL, NULL, NULL, NULL, '<p>Temo - Tel - (+995) 598457048. Email - samsonadze.temo9@gmail.com</p>', NULL, NULL, '2022-09-05 16:36:13', '2022-09-05 16:49:52'),
(244, 'us', 'Georgian mountaineers awarded by Golden Ice Axe', '<p>Georgian mountaineers awarded by Golden Ice Axe for ascending unclimbed Saraghrar peak in Pakistan</p>\n', '<p><em>Saraghrar Northwest, first ascent via the northwest face, 2,300m, ED2 or Russian/Caucasian 6B, 6b M5+ A3+ 80-90&deg;, from September 3-10, 2021. The route was descended with one further bivouac.</em></p>\n\n<p>The Saraghrar Massif, just south of the Afghan border in today&rsquo;s little visited Pakistan Hindu Kush, has several summits, but few climbers have ever reached them. Saraghrar Northwest (7,300m) remained unclimbed, despite prolonged and valiant attempts on the southwest buttress by three strong Spanish expeditions in the 1970s and early &lsquo;80s. The last of these topped out at around 7,150m on the northwest ridge, at a point they named Saraghrar Northwest II. Georgians Archil Badriashvili, Baqar Gelashvili, and Giorgi Tepnadze chose the previously unattempted northwest face, in its upper part a steep rock wall merging into the northwest ridge. They also opted to make the attempt in September, later in the year than normal, to lessen daytime heat and consequent rockfall.</p>\n\n<p>From a base camp at around 4,200m in the Rosh Gol, and with little pre-acclimatization, the three &ldquo;warmed up&rdquo; by making the first ascent of the south face and east ridge (1,800m, TD 60&deg;-ice 75&deg;-snow) of Languta-e-Barfi (6,833m), with one bivouac at 6,400m. This was the fourth ascent of the peak but the first from Pakistan.</p>\n\n<p>Around nine days later, on September 3, the Georgians began climbing the northwest face of Saraghrar Northwest at around 5,000m, continuing unroped up the huge snow and ice couloir that characterizes the lower half, to make a first bivouac at 6,200m. Above, a steep granite face formed the meat of the route.Overcoming hard mixed, free and aid climbing, they bivouacked at 6,400m, 6,600m, 6,750m, 6,850m, and ca 7,000m at the top of the face. Days five and six were spent on the difficult, vertical, 250m headwall, one pitch taking seven hours to lead.</p>\n\n<p>Above the top of the wall lay a long complex and corniced ridge with 300m of vertical gain. The three Georgians made their last bivouac near the exit to the Spanish route, and on their eighth day slogged up to the summit. The were able to reverse the route to the bivouac above the headwall on the same day, and next morning began rappelling the northwest face, continuing through the night until they reached the bottom.</p>\n\n<p>Info from -&nbsp;<a href=\"https://pioletsdor.net/index.php/en/home/2022-honoured-ascents/141-saraghrar-northwest-7-300m?mibextid=Zxz2cZ\" target=\"_blank\">pioletsdor.net</a></p>\n', NULL, NULL, NULL, NULL, '<div data-oembed-url=\"https://www.instagram.com/p/ClLYMMXo6HS/?utm_source=ig_web_copy_link\">\n<div style=\"max-width: 660px;\">\n<div style=\"left: 0; width: 100%; height: 0; position: relative; padding-bottom: 63%; padding-top: 284px;\"><iframe allowfullscreen=\"\" src=\"//if-cdn.com/QN2CKdu?app=1\" style=\"top: 0; left: 0; width: 100%; height: 100%; position: absolute; border: 0;\" tabindex=\"-1\"></iframe></div>\n</div>\n<script async=\"\" charset=\"utf-8\" src=\"//if-cdn.com/embed.js\"></script></div>\n\n<p>&nbsp;</p>\n', NULL, NULL, '2022-11-20 10:22:07', '2023-08-02 16:20:31'),
(245, 'ka', 'ქვედა დაცვით ცოცვა', '<p>.</p>\n', '<h2>რჩევები ქვედა დაცვით ცოცვისთვის.</h2>\n\n<p>კარგი დამძღვევი უნდა იყოს ორიენტირებული მცოცავის უსაფრთხოებაზე. ამ სტატიაში თქვენ გაეცნუბით აუცილებელ უსაფრთხოების წესებს, რომელიც მოქმედებს ნებისმიერ აღჭურვილობასთან</p>\n\n<div style=\"background:#eeeeee; border:1px solid #cccccc; padding:5px 10px\"><u><em><strong>ყურადღება</strong></em></u>\n\n<ul>\n	<li><u><em><strong>ყურადღებით წაიკითხეთ &nbsp;ტექნიკურ რჩევებში,&nbsp;რომელებიც&nbsp;მოცემულია ამ ინსტრუქცია, სანამ თავად გადაწყვეტ წვედა დაცვით ცოცვას და დაცვაზე დადგომას. თქვენ&nbsp; კარგათ უნდა გაიახროთ ქვედადაცვით ცოცვის ყველა მომენტი,</strong></em></u></li>\n	<li><u><em><strong>ამ უნარების დაუფლება მოითხოვს სპეციალურ მომზადებას. სასურველია გაესაუბროთ პროფესიონალ ალპინისტებს, რათა მათ დაადასტუროთ თქვენი ცოდნა, ან მოგცეთ რჩევები რომლებიც თქვენთვის გაურკვეველ მომენტებს გასაგებს გაახდის</strong></em></u></li>\n	<li><u><em><strong>აუცილებელია შეასღულოთ ტექნიკური&nbsp;უსაფრთხოების მოთხოვნები ნებისმიერ სიტუაციაში.</strong></em></u></li>\n	<li><u><em><strong>ეტაპობრივად გაეცანით ინსტრუქციას რათა რაიმე აუცილებელი ასპექტი არ გამოგრჩეთ. ჩვენ გთავაზობთ ძირითად ტექნიკის მაგალითებს. მაგრამ შესაძლებელია სიტუაციები რომლები აქ არ არის მოცემული.</strong></em></u></li>\n</ul>\n</div>\n\n<h3><strong>1. პარტნიორის შემოწმება ასვლამდე (partner check).</strong></h3>\n\n<p>მარშრუტის არჩევის შემდეგ, მთამსვლელი ამოწმებს, რომ თოკის სიგრძე შეესაბამება ამ მარშრუტს ასევე თოკის ბოლოში კვანძს. ის ასევე ამოწმებს, რომ მთამსვლელის და დამზღვევის წონის სხვაობა არ არის გადაჭარბებული. ასვლამდე დამზღვევი და მთამსვლელი ამოწმებენ ერთმანეთის აღჭურვილობას.</p>\n\n<p>დამზღვევი ამოწმებს მცოცავის კვანძს და ქამარს, მცოცავი ამოწმებს დამზღვევის დაცვის სისტემას და დარაბინს.</p>\n\n<p><img alt=\"Do a partner check before each climb.\" src=\"https://www.petzl.com/sfc/servlet.shepherd/version/download/068w0000004no8gAAA\" style=\"width:100%\" /></p>\n\n<p>&nbsp;</p>\n\n<h3><strong>2. ცოცვის დაწყება პირველ წქსპრესში თოკის დაფიქსირებამდე.</strong></h3>\n\n<p>&quot;ტექნიკური დაცვა&quot; შეიძლება დაეხმაროს დაცემის შემსუბუქებაში პირველ რამდენიმე მეტრში, მანამ, სანამ მთამსვლელი პირველ ექსპრესში შეძლებს თოკის დაფიქსირებას. დამზღვევის მიზანი არ არის მცოცავის ხელით დაჭერა, მიზანია ცუდი დაცემის შედეგების თავიდან აცილება და დაცემის მართვა ისე, რომ მთამსვლელი სწორად დაეშვას კარგ ადგილას და არ გადატრიალდეს უკან, ანუ არ დაეცეს ზურგზე ან არ დახტეს განსაკუთრებით დიდი ქვაზე.</p>\n\n<p><img alt=\"Spotting a climber before the first protection point.\" src=\"https://www.petzl.com/sfc/servlet.shepherd/version/download/068w0000004no8lAAA\" style=\"width:60%\" /></p>\n\n<h3><strong>3. თოკის სწორი პოზიცია ექსპრესში</strong></h3>\n\n<p>სავალდებულოა მცოცავმა ექსპრესში თოკი სწორი მიმართულებით დააფიქსიროს (ჩააგდოს), რათა თავი აირიდოს თოკის ექსპრესიდან ამოვარდნისგან.</p>\n\n<p>აუცილებელია დაცვიდან მომავალი თოკის მხარე იმყოფებოდე ექსპრესსა და კლდეს შეორის ზოლო მცოცავის მზარე იყოს მიმართული ექსპრესიან მცოცავიკენ. ექსპრესის რბილი ბალდე არ უნდა იყოს დატრიალებული.&nbsp;</p>\n\n<p><img alt=\"Rope behavior\" src=\"https://www.petzl.com/sfc/servlet.shepherd/version/download/068w0000002tMVCAA2\" style=\"width:20%\" /></p>\n\n<p><img alt=\"Rope behavior\" src=\"https://www.petzl.com/sfc/servlet.shepherd/version/download/068w0000002tMVHAA2\" style=\"width:20%\" /><img alt=\"Rope behavior\" src=\"https://www.petzl.com/sfc/servlet.shepherd/version/download/068w0000002tMVbAAM\" style=\"width:60%\" /></p>\n\n<p><img alt=\"Rope behavior\" src=\"https://www.petzl.com/sfc/servlet.shepherd/version/download/068w0000002tMVgAAM\" style=\"width:20%\" /></p>\n\n<p><img alt=\"Rope behavior\" src=\"https://www.petzl.com/sfc/servlet.shepherd/version/download/068w0000002tMVlAAM\" style=\"width:40%\" /><img alt=\"Rope behavior\" src=\"https://www.petzl.com/sfc/servlet.shepherd/version/download/068w0000002tMVqAAM\" style=\"width:60%\" /></p>\n\n<h3><strong>4. დაცვის სისტემის გამოყენების უნივერსალური ტექნიკა</strong></h3>\n\n<p><img alt=\"Universal technique for correct use of a belay device.\" src=\"https://www.petzl.com/sfc/servlet.shepherd/version/download/068w0000004no8qAAA\" style=\"width:60%\" /></p>\n\n<p>&nbsp;</p>\n\n<p>სურათზე მოცემული ხელების პოზიცია უნივერსალურია ყველა დასაზღვევი მოწყობილობისთვის GRIGRI, REVERSO თუ ATC სთვის. მარცხენა ხელი მოწყობილობიდან გამომავალ თოკზე უნდა გეჭიროთ ხოლო მარჯვენა მოწყობილობაში შემავალზე. <u><strong>მარჯვენა ხელის გაშვება კატეგორიულად აკრძალულია ნებისმიერ მოწყობილობაზე!!!</strong></u>&nbsp; იქნება ეს ავტომატური ჩამკეტი სისტემა როგორიც GRIGRI ან სხვა ნებისმიერი მოწყობილობა. თოკის მიწოდება ხდება მოწყობილობაში თოკის ნელი გასრიალებით, ისე რომ თოკის სიგრძე იყოს მცოცავის ასვლის სიმაღლის შესაბამისი. (მაგალითად: თუ მცოცავი ჯერ მხოლოდ პირველ ექსპრესთანაა, მიწიდან 2-3 მეტრში 5 მეტრი თოკის მიწოდება მოწყდომის შემთხვევაში მის დაცვას ვერ შეძლებს და იგი ძირს აღმოჩნდება. მადრამ როდესაც მცოცავი უკვე დიდი სიმაღლეზეა ასული, მაგალითად 10-15 მეტრზე მისთვის 5 მეტრი თუკის მიწოდება კრიტიკული არ იქნება.)</p>\n\n<p>დაცვის სისტემის გამოყენება ძალიან ფართო თემაა. გირჩევთ გამოყენებამდე გაეცნოთ კონკრეტულად იმ სისტემის გამოყენების ინსტრუქციას რომლის გამოყენებასაც გეგმავთ.</p>\n\n<p>&nbsp;</p>\n\n<h3><strong>5. სიფხიზლე, მოლოდინი და მობილურობა</strong></h3>\n\n<p>დამზღვევის როლი არ შემოიფარგლება მხოლოდ თოკის სწორი მიწოდებით. აუცილებელია მთამსვლელზე ფოკუსირება, დამზღვევს შეუძლია ამოიცნოს სტრესული მომენტები, რომლებისთვისაც ის შეძლებს რამდენი წამით უფრო ადრე მოემზადოს. კატეგორიულად აკრძალულია სიგარეტის მოწევა ან ტელეფონზე საუბარი, ასევე არასასურველია სხვა ადამიანებთან საუბარი. ასევე უნდა უსმინოთ მცოცავს შესაძლებელია მისთვის რთულ მომენტში მან თვითონ გაგაფრთხილოთ მოსალოდნელი ვარდნის შესახებ.</p>\n\n<p><img alt=\"Vigilance, anticipation and mobility.\" src=\"https://www.petzl.com/sfc/servlet.shepherd/version/download/068w0000004no8vAAA\" style=\"width:60%\" /></p>\n\n<p>&nbsp;</p>\n\n<h3><strong>6. მოწყდომის გაჩერება</strong></h3>\n\n<p>მცოცავის მოწყდომის შემთხვევაში ძლიერად დაიჭირეთ დამცავი მოწყობილობიდან გამომავალი თოკი,&nbsp; და ხელი ქვემოთ ჩამოწიეთ.არავითარ შემთხვევაში თოკს ხელი არ გაუშვათ. თოკის დაჭერა ზრდის ხახუნს მოწყობილობაში, რაც საშუალებას იძლევა მარტივად გააჩეროს თოკი მოწყობილობის შიგნით და შეაჩეროს მცოცავის ვარდნა.</p>\n\n<p><img alt=\"Stopping a fall.\" src=\"https://www.petzl.com/sfc/servlet.shepherd/version/download/068w0000004no90AAA\" style=\"width:60%\" /></p>\n\n<p>&nbsp;</p>\n\n<h3><strong>7. მცოცავთან კომუნიკაცია</strong></h3>\n\n<p>პარტნიორებს შორის კომუნიკაცია უზრუნვლყოფს ერთმანეთის ქმედებების უკეთ გაგებას რათა თავიდან ავირიდოთ რაიმე შეცდომა. ხანგრძლივი დისკუსიები არ არის ეფექტური, ჯობია წინასწარ შეთანხმებული ტერმინები გამოვიყენოთ, როგორიცაა &bdquo;დამსვი&ldquo;, &quot;ვწყდები&ldquo;, &bdquo;ვცოცავ&ldquo;, &bdquo;სადგური&ldquo;, &quot;თვითდაცვა&quot;, მეორე პარტნიორის მიერ ბრძანების გაგების შემთხვევაში აუცილებელი პასუხია &quot;გავიგე&quot;, ვერგაგების შემთხვევაში &quot;გაიმეორე&quot;. მოცემული ტერმინები მცირე ჩამონათვალია იმ ეფექტური საკომონიკაციო სიგნალებისა რომლებიც ცოცვაში იყენებენ. ასევე შეგიძლიათ შეუთანხმოთ თქვენ მეწყვილეს სხვა ბრძანებები რომლებიც თქვენთვის უფრო კომფორტული იქნება. მთავარი რიომ ერთი ბრძანება არ აღმატებოდეს ორ სიტყვას.</p>\n\n<p><img alt=\"Communicating after a fall and before lowering\" src=\"https://www.petzl.com/sfc/servlet.shepherd/version/download/068w0000004no95AAA\" style=\"width:60%\" /></p>\n\n<h3><strong>8. დაშვება</strong></h3>\n\n<p>იმ შემთხვევაში თუ მცოცავმა დაამთავრა ასვლა ან აღარ სურს მარშრუტის გაგრძელება აუცილებელია აცნობოს დამზღვევს მისი გეგმის შესახებ ფრაზით &quot;დამსვი&quot;, დამზღვევი ამ დროს რაც შეიძლება მალე ჭიმავს თოკს ისე რომ მცოცავის წონა გადავიდეს თოკზე. ამის შემდეგ მცოცავმა უნდა აცნობოს დამზღვევს დასაშვებად მისი მზადყოფნის შესახებ სიტყვით &quot;დამიშვი&quot; ამის შემდეგ დამზღვევს შეუძლია ეგრევე დაიწყოს დაშვება ან თავიდან სიტყვით &quot;გიშვებ&quot; აცნობოს მცოცავს დაშვების დაწყების შესახებ რის შემდეგაც იწყებს დაშვებას.</p>\n\n<p>დაშვებისას დამზღვევი ვალდებული მივიდეს კედელთან (კლდესთან) რაც შეიძლება ახლოს, თუ ეს რელიეფის გამო შეუძლებელია დაიკავუს ისეთი პოზიცია რომ მცოცავის დაშვების მიმართულება არ ემთხვეოდეს გაჭიმული თოკს. დაშვება უნდა მიმდინარეობდეს სტაბილური მცოცავისთვის კომფორტული სიჩწარით. არ შეიძლება ზედმეტად სწრაფი დაშვება ეს განაპირობებს დაცვის სისტემის ზედმეტად გაცხელებას და თოკის გარე გარსის დაზიანებას.</p>\n\n<p><img alt=\"Lowering\" src=\"https://www.petzl.com/sfc/servlet.shepherd/version/download/068w0000004no9AAAQ\" style=\"width:60%\" /></p>\n\n<p>&nbsp;</p>\n', '', '', '', '', '<p><a href=\"https://www.petzl.com/INT/en/Sport/Good-practices-for-belaying-a-lead-climber?ActivityName=Rock-climbing\">მოცემული ინფორმაცია აღებულია PETZL-ის ოფიციალური საიტიდან</a></p>\n', NULL, NULL, '2023-04-13 18:41:54', '2023-11-21 03:25:56'),
(246, 'ru', 'Lead climbing', '<p>Lead climbing</p>\n', '<p>Lead climbing</p>\n', '', '', '', '', '', NULL, NULL, '2023-04-13 18:41:54', '2023-04-13 18:41:54'),
(247, 'us', 'Lead climbing', '<p>.</p>\n', '<h1>Good practices for belaying a lead climber</h1>\n\n<h2>A good belayer should be dedicated to the climber&#39;s safety. Here is a reminder of essential practices, valid with any equipment.</h2>\n\n<div style=\"background:#eeeeee; border:1px solid #cccccc; padding:5px 10px\"><u><em><strong>WARNINGS</strong></em></u>\n\n<ul>\n	<li><u><em><strong>Carefully read the Instructions for Use used in this technical advice before consulting the advice itself. You must have already read and understood the information in the Instructions for Use to be able to understand this supplementary information.</strong></em></u></li>\n	<li><u><em><strong>Mastering these techniques requires specific training. Work with a professional to confirm your ability to perform these techniques safely and independently before attempting them unsupervised.</strong></em></u></li>\n	<li><u><em><strong>We provide examples of techniques related to your activity. There may be others that we do not describe here.</strong></em></u></li>\n</ul>\n</div>\n\n<h3><strong>1. Do a partner check before each climb.</strong></h3>\n\n<p>After choosing a route, the climber verifies that the rope length is suitable. He/she also verifies that the climber/belayer weight difference is not excessive. Before climbing, belayer and climber check each other&#39;s equipment setup: the partner check.</p>\n\n<p><img alt=\"Do a partner check before each climb.\" src=\"https://www.petzl.com/sfc/servlet.shepherd/version/download/068w0000004no8gAAA\" style=\"width:100%\" /></p>\n\n<p>&nbsp;</p>\n\n<h3><strong>2. Spotting a climber before the first protection point.</strong></h3>\n\n<p>Spotting can help reduce the consequences of a fall in the first few meters of a climb, before the climber has clipped the first protection point. Spotting is not about catching the climber, but helping avoid the consequences of a bad fall: it&#39;s about guiding the fall so that the climber lands correctly in a good location and does not flip over backwards.</p>\n\n<p><img alt=\"Spotting a climber before the first protection point.\" src=\"https://www.petzl.com/sfc/servlet.shepherd/version/download/068w0000004no8lAAA\" style=\"width:60%\" /></p>\n\n<h3><strong>3. Rope path</strong></h3>\n\n<p>The carabiner gate must always face away from the climber&rsquo;s direction of travel. The rope in the carabiner must pass through it from the cliff side to the outside. Incorrect positioning of the quickdraw or the rope could cause the rope to unclip, either due to rope movement or to the carabiner flipping on the bolt during a fall.</p>\n\n<p><img alt=\"Rope behavior\" src=\"https://www.petzl.com/sfc/servlet.shepherd/version/download/068w0000002tMVCAA2\" style=\"width:20%\" /></p>\n\n<p><img alt=\"Rope behavior\" src=\"https://www.petzl.com/sfc/servlet.shepherd/version/download/068w0000002tMVHAA2\" style=\"width:40%\" /><img alt=\"Rope behavior\" src=\"https://www.petzl.com/sfc/servlet.shepherd/version/download/068w0000002tMVbAAM\" style=\"width:60%\" /></p>\n\n<p>&nbsp;</p>\n\n<p><img alt=\"Rope behavior\" src=\"https://www.petzl.com/sfc/servlet.shepherd/version/download/068w0000002tMVgAAM\" style=\"width:20%\" /></p>\n\n<p>&nbsp;</p>\n\n<p><img alt=\"Rope behavior\" src=\"https://www.petzl.com/sfc/servlet.shepherd/version/download/068w0000002tMVlAAM\" style=\"width:40%\" /><img alt=\"Rope behavior\" src=\"https://www.petzl.com/sfc/servlet.shepherd/version/download/068w0000002tMVqAAM\" style=\"width:60%\" /></p>\n\n<h3><strong>4. Universal technique for correct use of a belay device</strong></h3>\n\n<p><img alt=\"Universal technique for correct use of a belay device.\" src=\"https://www.petzl.com/sfc/servlet.shepherd/version/download/068w0000004no8qAAA\" style=\"width:60%\" /></p>\n\n<p><strong>This hand position is valid regardless of the device used: tube, GRIGRI, REVERSO...<br />\n<br />\nYour hand must never let go of the brake-side rope.</strong></p>\n\n<h3><strong>5. Vigilance, anticipation and mobility</strong></h3>\n\n<p>The belayer&#39;s role is not limited to giving slack quickly and at the right time. By staying focused on the climber, the belayer can recognize the stressful moments that require the greatest precision and responsiveness.</p>\n\n<p><img alt=\"Vigilance, anticipation and mobility.\" src=\"https://www.petzl.com/sfc/servlet.shepherd/version/download/068w0000004no8vAAA\" style=\"width:60%\" /></p>\n\n<p>When lead climbing above a quickdraw, make sure the rope is running to the side of your legs.</p>\n\n<p><img alt=\"Sport climbing rope around leg\" src=\"https://www.vdiffclimbing.com/wp-content/images/sport/sport-lead/sport-lead-6.png\" style=\"width:50%\" /></p>\n\n<p>If you fall with the rope around your leg, it can flip you upside down, causing you to hit your head on the wall and get &#39;rope burn&#39; behind your knee.</p>\n\n<p><img alt=\"Climbing rope around leg\" src=\"https://www.vdiffclimbing.com/wp-content/images/sport/sport-lead/sport-lead-7.png\" style=\"width:50%\" /></p>\n\n<p>If you will be traversing far to the left after clipping a draw, it&rsquo;s better to orientate it so the rope-end gate faces right, and vice versa.<br />\n<br />\nIf the gate faces in the same direction as you, there is a greater (but still very small) chance of the gate opening in a fall.</p>\n\n<p><img alt=\"Sport climbing quickdraw direction\" src=\"https://www.vdiffclimbing.com/wp-content/images/sport/sport-lead/sport-lead-14.png\" style=\"width:50%\" /></p>\n\n<p><img alt=\"quickdraw length\" src=\"https://5cclimbers.com/wp-content/uploads/2021/12/quickdraw-length.jpg.webp\" style=\"width:100%\" /></p>\n\n<p><img alt=\"petzl quickdraw setup\" src=\"https://5cclimbers.com/wp-content/uploads/2021/12/petzl-quickdraw-setup.jpg.webp\" style=\"width:100%\" /></p>\n\n<p><img alt=\"quickdraw - incorrect carabiner orientation\" src=\"https://5cclimbers.com/wp-content/uploads/2021/12/Carabiner-direction-2.jpg.webp\" style=\"width:49%\" /><img alt=\"quickdraw - correct orientation of carabiner\" src=\"https://5cclimbers.com/wp-content/uploads/2021/12/Carabiner-direction.jpg.webp\" style=\"width:49%\" /></p>\n\n<p>&nbsp;</p>\n\n<p><img alt=\"wrong orientation of quickdraw resulting in unclipping of quickdraw from bolt hanger\" src=\"https://5cclimbers.com/wp-content/uploads/2021/12/1f167738-3929-437b-b49f-96a56eeb5c88_gatesopposed.1.gif.webp\" style=\"width:40%\" /></p>\n\n<p>&nbsp;</p>\n\n<h3><strong>6. Stopping a fall</strong></h3>\n\n<p>In case of a fall, hold the brake-side rope firmly, while pulling it downward. Whatever the device used, the act of gripping the brake-side rope with your hand increases the rope friction in the device, allowing the fall to be stopped.</p>\n\n<p><img alt=\"Stopping a fall.\" src=\"https://www.petzl.com/sfc/servlet.shepherd/version/download/068w0000004no90AAA\" style=\"width:60%\" /></p>\n\n<p>&nbsp;</p>\n\n<h3><strong>7. Communicating after a fall and before lowering</strong></h3>\n\n<p>Communication should allow the two partners to avoid being surprised by the movements of the other, to avoid any error. It&#39;s not effective to have long discussions, it&#39;s better to use terms agreed upon in advance, such as &quot;ok&quot;, &quot;go&quot;, &quot;take&quot;, &quot;climb&quot;...</p>\n\n<p><img alt=\"Communicating after a fall and before lowering\" src=\"https://www.petzl.com/sfc/servlet.shepherd/version/download/068w0000004no95AAA\" style=\"width:60%\" /></p>\n\n<p>&nbsp;</p>\n\n<h3><strong>8. Lowering</strong></h3>\n\n<p>When the climber is ready to be lowered, after the agreed-upon signal, s/he is lowered on the rope and has no way of controlling the descent. All responsibility for this operation is on the belayer, who holds the climber&#39;s life in his hands.</p>\n\n<p><img alt=\"Lowering\" src=\"https://www.petzl.com/sfc/servlet.shepherd/version/download/068w0000004no9AAAQ\" style=\"width:60%\" /></p>\n\n<p>&nbsp;</p>\n', '', '', '', '', '<p><a href=\"https://www.petzl.com/INT/en/Sport/Good-practices-for-belaying-a-lead-climber?ActivityName=Rock-climbing\">Tips by petzl</a></p>\n', NULL, NULL, '2023-04-13 18:41:54', '2023-11-29 07:10:15'),
(248, 'ka', 'ბოლდერინგი', '<p>ცცცცცცცცც</p>\n', '<p>ცცცცცცც</p>\n', '', '', '', '', '', NULL, NULL, '2023-04-13 18:43:49', '2023-04-13 18:43:49'),
(249, 'ru', 'Боулдеринг', '<p>დდდდდდდდ</p>\n', '<p>დდდდდ</p>\n', '', '', '', '', '', NULL, NULL, '2023-04-13 18:43:49', '2023-04-13 18:43:49'),
(250, 'us', 'Bouldering', '<p>dddddd</p>\n', '<p>dddddddddd</p>\n', '', '', '', '', '', NULL, NULL, '2023-04-13 18:43:49', '2023-04-13 18:43:49'),
(251, 'ka', 'კვანძები სპორტული ცოცვისთვის', '<p>.</p>\n', '<p>როგორ შევკრათ კვანძები? განმარტებითი დიაგრამები.</p>\n\n<div style=\"background:#eeeeee; border:1px solid #cccccc; padding:5px 10px\">\n<p><strong>ყურადღება</strong></p>\n\n<ul>\n	<li>ყურადღებით წაიკითხეთ გამოყენების ინსტრუქცია. აუცილებელია გაიაზროთ ყველა მოცემული მაგალითი.</li>\n	<li>ამ ტექნიკის დაუფლება მოითხოვს სპეციალურ მომზადებას. მიმართეთ რჩევისთვის პროფესიონალს, რათა დაადასტუროთ თქვენი უნარი.</li>\n	<li>ჩვენ გთავაზობთ ძირითადი ტექნიკის მაგალითებს. შეიძლება იყოს სხვებიც, რომლებსაც აქ არ აღვწერთ.</li>\n</ul>\n</div>\n\n<ul>\n</ul>\n\n<h3><strong>&quot;რვიანი&quot; კვანძი</strong></h3>\n\n<p>ერთი წვერით შეკვრა</p>\n\n<p><img alt=\"Figure eight knot for tying in\" src=\"https://www.petzl.com/sfc/servlet.shepherd/version/download/0681r0000071pqtAAA\" /></p>\n\n<p>2 წვერი წვერით შეკვრა</p>\n\n<p><img alt=\"Figure eight knot for the anchor\" src=\"https://www.petzl.com/sfc/servlet.shepherd/version/download/068w0000005t39sAAA\" style=\"width:60%\" /></p>\n\n<p>&nbsp;</p>\n\n<div data-oembed-url=\"https://www.youtube.com/watch?v=GFlwrvggas0&amp;ab_channel=REI\">\n<div>\n<div style=\"left: 0; width: 100%; height: 0; position: relative; padding-bottom: 56.25%;\"><iframe allow=\"accelerometer *; clipboard-write *; encrypted-media *; gyroscope *; picture-in-picture *; web-share *;\" allowfullscreen=\"\" scrolling=\"no\" src=\"//if-cdn.com/ZF3uLTW\" style=\"top: 0; left: 0; width: 100%; height: 100%; position: absolute; border: 0;\" tabindex=\"-1\"></iframe></div>\n</div>\n</div>\n\n<h3>&nbsp;</h3>\n\n<h3>&nbsp;</h3>\n\n<h3><strong>ორმაგი ბულინი</strong></h3>\n\n<p><img alt=\"steps showing how to tie double bowline\" src=\"https://cdn.climbing.com/wp-content/uploads/2022/02/double-bowline.jpg?width=730\" style=\"height:1040px; width:892px\" /></p>\n\n<p>&nbsp;</p>\n\n<div data-oembed-url=\"https://www.youtube.com/watch?v=1uo_Ohq_gVg&amp;ab_channel=ClimbCulture\">\n<div>\n<div style=\"left: 0; width: 100%; height: 0; position: relative; padding-bottom: 56.25%;\"><iframe allow=\"accelerometer *; clipboard-write *; encrypted-media *; gyroscope *; picture-in-picture *; web-share *;\" allowfullscreen=\"\" scrolling=\"no\" src=\"//if-cdn.com/nOyLQbq\" style=\"top: 0; left: 0; width: 100%; height: 100%; position: absolute; border: 0;\" tabindex=\"-1\"></iframe></div>\n</div>\n</div>\n\n<p>&nbsp;</p>\n', '', '', '', '', '', NULL, NULL, '2023-04-13 18:45:38', '2024-04-08 20:06:18'),
(252, 'ru', '8 узлов для скалолазания', '<p>dddddd</p>\n', '<p>ddddddd</p>\n', '', '', '', '', '', NULL, NULL, '2023-04-13 18:45:38', '2023-04-13 18:45:38'),
(253, 'us', 'Knots for sport climbing', '<p>.</p>\n', '<h2>How to tie knots? Explanatory diagrams.</h2>\n\n<div style=\"background:#eeeeee;border:1px solid #cccccc;padding:5px 10px;\">\n<p><strong>Warnings</strong></p>\n\n<ul>\n	<li>Carefully read the Instructions for Use used in this technical advice before consulting the advice itself. You must have already read and understood the information in the Instructions for Use to be able to understand this supplementary information.</li>\n	<li>Mastering these techniques requires specific training. Work with a professional to confirm your ability to perform these techniques safely and independently before attempting them unsupervised.</li>\n	<li>We provide examples of techniques related to your activity. There may be others that we do not describe here.</li>\n</ul>\n</div>\n\n<ul>\n</ul>\n\n<h3><strong>Figure-eight knot</strong></h3>\n\n<p>For tying in</p>\n\n<p><img alt=\"Figure eight knot for tying in\" src=\"https://www.petzl.com/sfc/servlet.shepherd/version/download/0681r0000071pqtAAA\" /></p>\n\n<h3>Figure-eight knot</h3>\n\n<p>For the anchor</p>\n\n<p><img alt=\"Figure eight knot for the anchor\" src=\"https://www.petzl.com/sfc/servlet.shepherd/version/download/068w0000005t39sAAA\" style=\"width:60%\" /></p>\n\n<p>&nbsp;</p>\n\n<div data-oembed-url=\"https://www.youtube.com/watch?v=GFlwrvggas0&amp;ab_channel=REI\">\n<div>\n<div style=\"left: 0; width: 100%; height: 0; position: relative; padding-bottom: 56.25%;\"><iframe allow=\"accelerometer *; clipboard-write *; encrypted-media *; gyroscope *; picture-in-picture *; web-share *;\" allowfullscreen=\"\" scrolling=\"no\" src=\"//if-cdn.com/ZF3uLTW\" style=\"top: 0; left: 0; width: 100%; height: 100%; position: absolute; border: 0;\" tabindex=\"-1\"></iframe></div>\n</div>\n</div>\n\n<h3>&nbsp;</h3>\n\n<h3>&nbsp;</h3>\n\n<h3><strong>Double bowline</strong></h3>\n\n<p><img alt=\"steps showing how to tie double bowline\" src=\"https://cdn.climbing.com/wp-content/uploads/2022/02/double-bowline.jpg?width=730\" style=\"height:1040px; width:892px\" /></p>\n\n<p>&nbsp;</p>\n\n<div data-oembed-url=\"https://www.youtube.com/watch?v=1uo_Ohq_gVg&amp;ab_channel=ClimbCulture\">\n<div>\n<div style=\"left: 0; width: 100%; height: 0; position: relative; padding-bottom: 56.25%;\"><iframe allow=\"accelerometer *; clipboard-write *; encrypted-media *; gyroscope *; picture-in-picture *; web-share *;\" allowfullscreen=\"\" scrolling=\"no\" src=\"//if-cdn.com/nOyLQbq\" style=\"top: 0; left: 0; width: 100%; height: 100%; position: absolute; border: 0;\" tabindex=\"-1\"></iframe></div>\n</div>\n</div>\n\n<p>&nbsp;</p>\n', '', '', '', '', '', NULL, NULL, '2023-04-13 18:45:38', '2024-04-08 20:06:18'),
(254, 'ka', 'მულტიპიჩის რჩევები', '<p>Multy-pitch tips</p>\n', '<p>Multy-pitch tips</p>\n', '', '', '', '', '', NULL, NULL, '2023-04-13 18:47:38', '2023-04-13 18:47:38'),
(255, 'ru', 'Multy-pitch tips', '<p>Multy-pitch tips</p>\n', '<p>Multy-pitch tips</p>\n', '', '', '', '', '', NULL, NULL, '2023-04-13 18:47:38', '2023-04-13 18:47:38'),
(256, 'us', 'Multy-pitch tips', '<p>ssssssss</p>\n', '<p>sssssssss</p>\n', '', '', '', '', '', NULL, NULL, '2023-04-13 18:47:38', '2023-04-13 18:47:38'),
(257, 'ka', 'eeeeee', '<p>eeeeeeee</p>\n', '<p>eeeeeee</p>\n', '', '', '', '', '', NULL, NULL, '2023-04-18 00:18:34', '2023-04-18 00:18:34'),
(258, 'ru', 'eeeee', '<p>eeeeeeeee</p>\n', '<p>eeeeeee</p>\n', '', '', '', '', '', NULL, NULL, '2023-04-18 00:18:34', '2023-04-18 00:18:34'),
(260, 'ka', 'ტესტ მოუნტ 1', '<p>დდდდდდდდდ</p>\n', '<p>დდდდდდდდ</p>\n', '', '', '', '', '', NULL, NULL, '2023-05-01 23:58:31', '2023-05-01 23:58:31'),
(261, 'ru', 'вввввв', '<p>вввввв</p>\n', '<p>вввввв</p>\n', '', '', '', '', '', NULL, NULL, '2023-05-01 23:58:31', '2023-05-01 23:58:31'),
(263, 'ka', 'ტესტ მოუნტ 2', '<p>ტესტ მოუნტ 2</p>\n', '<p>ტესტ მოუნტ 2</p>\n', '', '', '', '', '', NULL, NULL, '2023-05-02 00:06:44', '2023-05-02 00:06:44'),
(264, 'ru', 'вввввввв', '<p>ввввввв</p>\n', '<p>вввввввв</p>\n', '', '', '', '', '', NULL, NULL, '2023-05-02 00:06:44', '2023-05-02 00:06:44'),
(266, 'ka', 'ტესტ მოუნტ 2', '<p>ტესტ მოუნტ 2</p>\n', '<p>ტესტ მოუნტ 2</p>\n', '', '', '', '', '', NULL, NULL, '2023-05-02 00:10:06', '2023-05-02 00:10:06'),
(267, 'ru', 'вввввввв', '<p>ввввввв</p>\n', '<p>вввввввв</p>\n', '', '', '', '', '', NULL, NULL, '2023-05-02 00:10:06', '2023-05-02 00:10:06'),
(269, 'ka', 'ტესტ მოუნტ 2', '<p>ტესტ მოუნტ 2</p>\n', '<p>ტესტ მოუნტ 2</p>\n', '', '', '', '', '', NULL, NULL, '2023-05-02 00:10:56', '2023-05-02 00:10:56'),
(270, 'ru', 'вввввввв', '<p>ввввввв</p>\n', '<p>вввввввв</p>\n', '', '', '', '', '', NULL, NULL, '2023-05-02 00:10:56', '2023-05-02 00:10:56'),
(296, 'ka', 'მწვერვალი ორჭვერის ყინულის კედელი ჩრდილო-აღმოსავლეთიდან', '<p>NE face 200M WI2 AD+ (RUSS 3A)</p>\n', '<p>მწვერვალი ორჭვერი დევდორაკის მყინვარის დასავლეთით მდებარეოს. მწვერვალის სიმაღლე ზღვის დონიდან 4222მ.</p>\n', '<p>მარშრუტი იწყება ბეთლემის ქოხიდან (მეტეოსადგურიდან). ვეშვებით ქვემოთ დევდორაკის მყინვარისკენ. ვკვეთავთ მყინვარს მცირე სიმაღლის აკრეფით სანამ არ მივადგეით დახრილ ყინულის კედელ. მისასვლელის მთელ გზაზე კედელი ფაქტორივად თვალწინ გვიდგას ამიტომაც გზის არევა კარგ ამინდში ფაქტობრივად შეუძლებელია.</p>\n\n<p>კედლის დასაწყისში ვპოულობთ კლდეებს შორის მცირე კულუარს, საიდანაც ვიწყებთ ასვლას კედელზე. მივუყვეით კედელს სტაბილური დახრილობით, სანამ არმივადგეით მთის ფერდს (ბრიტვას). აყედან ერთდროული სიარულით ვაგრძელებთ სიარულს მარცხნივ სანამ არ გავალთ მწვერვალზე.</p>\n\n<p>დაშვება ხდება მწვერვალის კლასიკური მარშრუტით.</p>\n', '', '', '', '', NULL, NULL, '2023-05-02 02:41:20', '2025-06-01 00:01:16'),
(297, 'ru', 'test mount 1', '<p>test mount 1</p>\n', '<p>test mount 1</p>\n', '', '', '', '', '', NULL, NULL, '2023-05-02 02:41:20', '2023-05-02 02:41:20'),
(298, 'us', 'Mt. Ortsveri ice wall from the northeast', '<p>NE face 200M WI2 AD+ (RUSS 3A)</p>\n', '<p>The summit of Orjveri is located to the west of the Devdoraki Glacier. The elevation of the summit is 4222 meters above sea level.</p>\n', '<p>The route starts from the Bethlehem hut (meteorological station). We descend towards the Devdoraki Glacier. We cross the glacier, gaining some elevation, until we reach the steep ice wall. The wall is visible throughout the entire approach, so it is practically impossible to get lost in good weather.</p>\n\n<p>At the base of the wall, we find a small couloir between the rocks, from where we begin the ascent. We follow the wall with a stable incline until we reach the mountain&rsquo;s slope (Britva). From here, we continue simultaneously, moving left until we reach the summit.</p>\n\n<p>The descent is made via the classic route to the summit.</p>\n', '', '', '', '', NULL, NULL, '2023-05-02 02:41:20', '2025-06-01 00:01:16'),
(299, 'ka', 'მწვერვალი თეთნულდის კლასიკური მარშრუტი', '<p>სამხრეთის დასავლეთური ქედი. PD M2 1000M (2A RUSS)</p>\n', '<p>.</p>\n', '<ul>\n	<li><strong>(ა)</strong> ადიშის სოფელიდან მწყემსული ბორცვების გავლით ვეძებთ ჩრდილოეთის მიმართულებას. 3-4 საათში მივაღწევთ მორენებს, მივუმარხავთ მათ მარცხნივ და 1-2 საათში მივალთ პირველ გადაყვანის ადგილას: <strong>ბანაკი 1 (3013 მ.)</strong>. ეს არის ძალიან კომფორტული ბანაკის ადგილი: ბორცვზე მწყემსული ადგილი, წყლის წყაროთი ფერდის ძირას. ამ ეტაპზე მარშრუტები <strong>ა)</strong> და <strong>ბ)</strong> ერთიანდება.</li>\n	<li><strong>(ბ)</strong> უზვერვის უღელტეხილიდან ვუხვევთ დასავლეთით (არ გავაგრძელოთ გზას უშგულისკენ). ასევე შესაძლებელია <strong>ჰუტი 1 (2786 მ.)</strong> გააკეთოთ მანქანით. მგზავრობა მესტიიდან ჰუტამდე მანქანით 2 საათი გრძელდება. უზვერვის უღელტეხილიდან ჰუტამდე 5-6 საათის სავალზეა. ჰუტიდან ვაგრძელებთ მარშრუტს ცხენოსნული გზით და 1 საათში მივაღწევთ <strong>ბანაკი 1 (3013 მ.)</strong>. რეკომენდირებულია აქ გაატაროთ ღამე.</li>\n</ul>\n\n<p><strong>ბანაკი 1 (3013 მ.)</strong>-დან მივდივართ ჩრდილო-დასავლეთით, ვიარებთ მორენას და ვაღწევთ მარტივ თოვლის კულუარს (გახრილობა &ndash; 20-25 გრადუსი). გავდივართ კულუარიდან და ვადგებით ქედზე. ქედზე რამდენიმე გადაყვანის წერტილია, ეს ადგილი ეწოდება <strong>ამარათის ბუდე</strong> (3400 მ.). აქედან 2 საათში მივაღწევთ <strong>ბანაკი 2 (3715 მ.)</strong>.</p>\n\n<p><strong>ფოტო 3 &ndash; გზა კასების მყინვარის ზედა პლატოზე, დისტანცია ბანაკი 1 (3013 მ.)-დან</strong>.<br />\nქედზე მარცხნივ ვუხვევთ (ჩრდილოეთით) და ვაგრძელებთ აღზევებას.</p>\n\n<p>მეთოდური სირთულის თოვლის ფერდებზე ვცდილობთ მინიმუმამდე შევამციროთ ქანების გავლა ან ავიდეთ მარტივი ქანებზე, შემდეგ მივაღწევთ თოვლის ფერდს, რომელიც ნაწილობრივ ვაპარებთ და მივაღწევთ კასების მყინვარის ზედა პლატოს, რომლის კიდეზე მდებარეობს <strong>ბანაკი 2 (3715 მ.)</strong>. ეს ადგილია 3-4 საათი სავალი <strong>ამარათის ბუდიდან</strong>.</p>\n\n<p><strong>ბანაკი 2 (3715 მ.)</strong>-დან ვუყვებით ჩრდილო-დასავლეთ მიმართულებას და გადადივართ კასების მყინვარის ზედა პლატოს. მისი მარცხენა კიდიდან ავდივართ თოვლის კორნისზე. ვაგრძელებთ თოვლ-ყინულის კორნის გავლას და მივაღწევთ ქედს. ქედის დასაწყისში მდებარეობს მყუდრო <strong>ბანაკი 3 (4293 მ.)</strong>, რომელიც შეიძლება გამოყენებულ იქნას როგორც სათადარიგო ღამის ბანაკი.</p>\n\n<p>აქ მისასვლელად საჭიროა 5-6 საათი სავალი <strong>ბანაკი 2 (3715 მ.)</strong>-დან.</p>\n', '', '', '', '', NULL, NULL, '2023-05-02 02:46:56', '2025-09-05 14:12:35'),
(300, 'ru', 'test mount 2', '<p>test mount 2</p>\n', '<p>test mount 2</p>\n', '', '', '', '', '', NULL, NULL, '2023-05-02 02:46:56', '2023-05-02 02:46:56'),
(301, 'us', 'Mt. Tetnuldi clasic route', '<p>VIA SOUTHWETERN RIDGE PD M2 1000M (2A RUSS)</p>\n', '<p>.</p>\n', '<ul>\n	<li>(a) From Adishi Village by the grassy slopes we head to the north. In 3-4<br />\n	hours we reach moraines, bypass them from the left and in 1-2 hours we<br />\n	get to the first overnight stop: <strong>CAMP-1&nbsp; <em>3013 m.</em></strong> It is very convenient camping<br />\n	place: grassy place on a hill, with the spring at its foot. Here a) and b) routes<br />\n	merge.</li>\n	<li>(b) From Ughviri Pass we turn to the west (do not continue to Ushguli). It<br />\n	is also possible to get to the Hut <strong>HUT-1&nbsp;<em> 2786 m.</em></strong> by car. Trip from Mestia to the<br />\n	Hut by car takes 2 hours. It is 5-6 hours walking from Ughviri Pass. From the<br />\n	Hut we continue by the horse-riding path and in 1 hour reach CAMP-1 3013 m.<br />\n	It is recommended to stay overnight here.</li>\n</ul>\n\n<p>From <strong>CAMP-1 <em>3013 m.</em></strong> we head to the northwest, go by moraine and reach the simple snow couloir (inclination &ndash; 2025 degrees). We pass the couloir and step on the ridge. There are several overnight stop points at the ridge; this place is called <strong>Amarati Nest <em>(3400 m.)</em></strong>. It is the 2 hours walking <strong>CAMP-2 <em>3715 m.</em></strong>&nbsp;</p>\n\n<p>At the snow slopes of the medium complexity we try to avoid the rocks to the extent possible, or climb over the simple rocks, get to the snow slope, which we partly traverse and get to the upper plateau of Kasebi Glacier, at the edge of which we find the overnight stop <strong>CAMP-2 <em>3715 m.</em></strong> (3-4 hours walking from Amarati Nest).</p>\n\n<p>From <strong>CAMP-2 <em>3715 m.</em></strong> we head towards northwest and cross the upper plateau of Kasebi Glacier. From its extreme left edge we ascend to the snow cornise. We continue along snow-ice cornise and get to the ridge. At the beginning of the ridge there is the cozy <strong>CAMP-3 <em>4293 m.</em></strong> which can be used as a reserve overnight stop place.</p>\n\n<p>It takes 5-6 hours of walking to get here from <strong>CAMP-2 <em>3715 m.</em></strong></p>\n', '', '', '', '', NULL, NULL, '2023-05-02 02:46:56', '2025-01-23 01:47:25'),
(302, 'ka', 'ქუთაისის საცოცი დარბაზი', '<p>.</p>\n', '<p>.</p>\n', '', '', '', '', '', NULL, NULL, '2023-05-27 18:40:21', '2023-05-27 18:40:21'),
(303, 'ru', '.', '<p>,</p>\n', '<p>,</p>\n', '', '', '', '', '', NULL, NULL, '2023-05-27 18:40:21', '2023-05-27 18:40:21'),
(304, 'us', 'Kutaisi climbing gym', '<p>.</p>\n', '<p>.</p>\n', '', '', '', '', '', NULL, NULL, '2023-05-27 18:40:21', '2023-05-27 18:40:21');
INSERT INTO `locale_articles` (`id`, `locale`, `title`, `short_description`, `text`, `route`, `how_get`, `best_time`, `what_need`, `info`, `price_text`, `address`, `created_at`, `updated_at`) VALUES
(305, 'ka', 'დრაითულინგი ლოტკინის მონუმენტზე', '<p>.</p>\n', '<p>კეთილი იყოს თქვენი მობრძანება ლოტკინის მონუმენტზე.</p>\n\n<p>ეს არის 40 მეტრიანი ბეტონის კონსტრუქცია. მონუმენტი მდებარეობს ქალაქის გარეუბანში და მაგრამ მასთან მისვლა არანაირ სირთულეს არ წარმოადგენს. მონუმენტი არის კარგი ადგილი საცოცად თბილისში. აქ გვაქვს 7 მარშრუტი 5B-7B. (იხილეთ მარშრუტების არჭერა)</p>\n', '<p><a href=\"https://climbing.ge/outdoor/Urban_Climbing_In_Tbilisi\">სპორტუი ცოცვის მარშრუტებისთვის ეწვიეთ გვერდს</a></p>\n', '<p>მონუმენტი მდებარეობს ქალაქის გარეუბანში და მაგრამ მასთან მისვლა არანაირ სირთულეს არ წარმოადგენს. მეტრო&nbsp;<a href=\"https://goo.gl/maps/Rjou6mefmr52\">&#39;სადგურის მოედნიდან</a>&#39; ზედა გასასვლელიდან მიდიან es110, №111, №48 (<a href=\"http://goo.gl/maps/EG9Emms68YN5yGvC7\">გაჩერება 1</a>) და №36 (<a href=\"https://goo.gl/maps/2XZPEGVgAEP7QezZ8\">გაჩერება 2</a>) ავტობუსებით (<a href=\"https://www.google.com/maps/d/u/0/viewer?mid=1Nzu-J7c65ivpXrma5iAdWye1a7nhYslt&amp;ll=41.72681806910237%2C44.81414870000003&amp;z=15\">იხილეთ რუკა</a>). თუ თქვენ პირადი მანქანით მიდიხართ მოგიწავთ მანქანის გაჩერება ქალაქის პარკინგზე. მონუმენტთან მისასვლე გზა გადაკეტილია!</p>\n', '', '<ol>\n	<li>20 ექსპრესი</li>\n	<li>(Min) 40m - (Max) 80m თოკი</li>\n	<li>დეაცვის ქამარი</li>\n	<li>დაცვის სისტემა</li>\n	<li>ჩაფხუტი</li>\n	<li>საცოცი ფეხსაცმელი(სკალნები) &amp; მაგნეზიის ტომარა</li>\n</ol>\n', '', NULL, NULL, '2023-05-29 18:14:23', '2023-11-18 00:50:23'),
(306, 'ru', '.', '<p>.</p>\n', '<p>.</p>\n', '', '', '', '', '', NULL, NULL, '2023-05-29 18:14:23', '2023-05-29 18:14:23'),
(307, 'us', 'Dry tooling on Lotkin monument', '<p>.</p>\n', '<p>Welcome to the Lotkin Monument, a 40-meter concrete structure located on the outskirts of Tbilisi. Accessing the court is easy, and there are no difficulties in reaching the location. Although the project is still in progress, once completed, it will be possible to climb two-rope multi-pitch routes. Additionally, you can also climb using threading techniques.</p>\n', '<p><a href=\"https://climbing.ge/outdoor/Urban_Climbing_In_Tbilisi\">For sport climbing routes visit this page</a></p>\n', '<p>From the&nbsp;<a href=\"https://goo.gl/maps/Rjou6mefmr52\">metro &#39;Station square&#39;</a>&nbsp; top exit rides&nbsp;buses&nbsp;№319</p>\n', '', '<ol>\n	<li>20 quickdraw</li>\n	<li>(Min) 40m - (Max) 80m roupe&nbsp;</li>\n	<li>Harnes&nbsp;</li>\n	<li>Belay device</li>\n	<li>Helmet (Use&nbsp;helmet for your safety !)</li>\n	<li>Shoes &amp;&nbsp;Chalk Bag</li>\n</ol>\n', '', NULL, NULL, '2023-05-29 18:14:23', '2023-11-18 00:50:23'),
(308, 'ka', 'ყინული და დრაითულინგი მცირე მიტარბის ჩანჩქერზე', '<p>.</p>\n', '<p><strong>პატარა მიტარბი</strong> &mdash; სოფელი ბორჯომის მუნიციპალიტეტში (ბაკურიანის თემში). მდებარეობს მდინარე მიტარბულას ნაპირებზე. ზღვის დონიდან 1300 მეტრი, ბორჯომიდან 30 კილომეტრში და თილისიდან 180. მოსახლეობა 50 ადამიანი. სოფელი მდებარეობს კლდეებით და არცთუისე მაღალი მთებით სავსე ულამაზეს ხოუბაში. ხეობის დასაწყისში გვხვდება ჩანჩქერი რომლის მიმდებარედ არის მოწყობილი საცოცი მარშრუტები.</p>\n', '<p>საცოცი მარშრუტები გათვლილია მხოლოდ &quot;Dry tooling&quot;-ის საცოცად&nbsp; (არა სპორტული ცოცვისთვის). ცოცვა მთელი წელი არის შესაძლებელი ზამთრის პერიოდში შესაძლებელია გაყინულ ჩანჩქერზე ცოცვაც (მინიმუმ 3 კვრა გადაბმულად 0-ზე დაბალი ტემპერატურისას). დრაი თულინგის ცოცვას შეძლებთ როგორც საცოცი წრიაპით ასევე უბრალო საცოცი ფეხსაცმლით (სკალნით).</p>\n', '<p>სოფელში მოსახვედრად ბორჯომიდან უნდა ვიმოძრაოთ ბაკურიანის მიმართულებით. დაბა წაღვერთან უნდა გადავუხვიოთ მიტარბის მიმართულებით. დიდი მიტარბიდან 15 კილომეტრში მივალთ მცირე მიტარბში. აუცილებელია 4X4 მანქანა, ზამთრის პერიოდში აუცილებელია ზამთრის საბურავები და მოცურების საწინააღმდეგო ჯაჭვები. იხილეთ რუკა.</p>\n', '<p>საუკეთესო პერიოდი როდესაც როგორც დრაითულინგის და ყინულზე ცოცვას შეძლებთ იანვრის დასაწყისიდან, მარტის დასაწყისამდეა. აუცილებლად იხილეთ ამინდები სექტორის სტუმრობამდე. დრაითულინგის ცოცვა მთელი წელია შესაძლებელი.</p>\n', '<p>დრაითულინგის საცოცდა აუცილებელია:</p>\n\n<ol>\n	<li>ექსპრესები 10ც</li>\n	<li>ჩაფხუტი</li>\n	<li>თოკი 50მ</li>\n	<li>დაცვის ქამარი</li>\n	<li>საცოცი წერაყინები (ice tools)</li>\n	<li>დაცვის სისტემა</li>\n</ol>\n\n<p>კინულზე საცოცად დამატებით აუცილებელია:</p>\n\n<ol>\n	<li>წრიაპი</li>\n	<li>ყინულის ბურები</li>\n</ol>\n', '', NULL, NULL, '2023-05-29 18:18:23', '2024-01-15 00:38:35'),
(309, 'ru', '.', '<p>.</p>\n', '<p>.</p>\n', '', '<p>.</p>\n', '', '', '', NULL, NULL, '2023-05-29 18:18:23', '2023-05-29 18:18:23'),
(310, 'us', 'Ice climbing & dry tooling in \"Patara Mitarbi\"', '<p>.</p>\n', '<p>.</p>\n', '', '<p>.</p>\n', '', '', '', NULL, NULL, '2023-05-29 18:18:23', '2024-01-15 00:34:03'),
(311, 'ka', 'Climbing Lizards', '<p>ცოცვის სკოლა ბავშვებისთვის</p>\n', '<p>&nbsp; &ldquo;Climbing Lizards&rdquo; აუტისტური სპექტრის და შეზღუდული შესაძლებლობის მქონე პირთა ცოცვა - სარეაბილიტაციო კლუბი, რომელიც მოიცავს კოგნიტური უნარების განვითარებას.</p>\n\n<p>&nbsp; კლუბის დამფუძნებელი ემილი სამსონიძე, ის პროფესიით ექიმია. წლებია აქტიურად არის დაკავებული მეკლდეურობით და ალპინიზმით. მისი კვლევების შედეგად, თუ რა შედეგებს იწვევს მეკლდეურობა ორგანიზმის და გონების განვითარებაში, სწორედ ეს გახდა მიზეზი კლუბის ჩამოყალიბების, რომელიც 2020 წელს დააფუძნა.</p>\n\n<p>&nbsp; მეკლდეურობა აჯანსაღებს ორგანიზმს, აძლევს სწორ მიმართულებას ძვლოვან სისტემას, ააქტიურებს მოტორულ ფუნქციებს და აქტიურს ხდის მას.</p>\n\n<p>&nbsp; &bdquo;Climbig Lizards&rdquo; - მისი დამფუძნებელი ემილი სამსონიძე 2023 წლის თებერვალში აღიარეს მსოფლიში პირველ ადამიანად, აუტისტური სპექტრის და შეზღუდული შესაძლებლობის მქონე პირთა პირველი კლუბის დაფუძნებაში.</p>\n', '', '', '', '', '<p>Tel: (+995) 599 133 397</p>\n\n<p><a href=\"https://www.facebook.com/ClimbingLizards\">Facebook</a></p>\n', NULL, NULL, '2023-07-19 14:31:32', '2023-07-19 15:24:13'),
(312, 'ru', '.', '<p>.</p>\n', '<p>.</p>\n', '', '', '', '', '', NULL, NULL, '2023-07-19 14:31:32', '2023-07-19 14:31:32'),
(313, 'us', 'Climbing Lizards X', '<p>Climbing school for kids</p>\n', '<p>&ldquo;Climbing Lizards&rdquo; &ndash; climbing and rehabilitation club for people with autistic spectrum and disabilities, that includes the development of cognitive skills.</p>\n\n<p>The founder of the club is Emily Samsonidze, she is a doctor by profession. She has been actively engaged in rock climbing and mountaineering for years. As a result of her research on the effects of rock climbing on the development of the body and mind, this was the reason for the formation of the club, which she founded in 2020.</p>\n\n<p>Rocking makes the body healthy, gives the right direction to the bone system, activates the motor functions and makes it active.</p>\n\n<p>&ldquo;Climbing Lizards&rdquo; &ndash; its founder Emily Samsonidze was recognized in February 2023 as the first person in the world to create the first club for people with autism and disabilities.</p>\n', '', '', '', '', '<p>Tel: (+995) 599 133 397</p>\n\n<p><a href=\"https://www.facebook.com/ClimbingLizards\">Facebook</a></p>\n', NULL, NULL, '2023-07-19 14:31:32', '2024-01-18 17:55:23'),
(314, 'ka', 'ახალი საცოცი მარშრუტები ჭაუხის საბაზო ბანაკში', '<p>5 ახალი საცოცი მარშრუტები ჭაუხის საბაზო ბანაკში</p>\n', '<p>ივლისის ბოლოს თემო სამსონაძემ ჭაუხის საბაზო ბანაკის სიახლოვეს, მიმდებარე ქვებზე 5 ახალი საცოცი მარშრუტი დაამატა. 4 მარშრუტი 6A/6B+ და ერთი საკმაოდ რთული დაახლოებით 9A-ს სირთულის მარშრუტი. პროექტი გახსნილია და მისი ცდა ნებისმიერ მსურველს შეუძლია.</p>\n\n<p>დამატებითი ინფორმაციისთვის<a href=\"https://climbing.ge/ka/outdoor/climbing_to_chaukhi_bace_camp\"> ეწვიეთ გვერდს</a></p>\n', '', '', '', '', '', NULL, NULL, '2023-09-02 00:23:37', '2023-09-02 00:33:28'),
(315, 'ru', '.', '<p>.</p>\n', '<p>.</p>\n', '', '', '', '', '', NULL, NULL, '2023-09-02 00:23:37', '2023-09-02 00:23:37'),
(316, 'us', 'New climbing routes in Chaukhi base camp', '<p>5 new climbing routes in Chaukhi base camp.</p>\n', '<p>At the end of July, Temo Samsonadze added 5 new sport climbing routes on the boulders near the Chaukhi base camp. 4 routes between 6A/6B+ and one fairly difficult route of about 9A. The project is open and anyone can try it.</p>\n\n<p>For more information, <a href=\"https://climbing.ge/outdoor/climbing_to_chaukhi_bace_camp\">visit the page</a></p>\n', '', '', '', '', '', NULL, NULL, '2023-09-02 00:23:37', '2023-09-02 00:33:28'),
(317, 'ka', 'ვია-ფერატა საქართველოში', '<p>.</p>\n', '<div data-oembed-url=\"https://www.google.com/maps/d/edit?mid=15P_pbT4bULInsAO7sf6qb-mXoAuvrcQ&amp;usp=sharing\">\n<div>\n<div style=\"left: 0; width: 100%; height: 0; position: relative; padding-bottom: 75%;\"><iframe allowfullscreen=\"\" src=\"//if-cdn.com/DRYOe3Tm\" style=\"top: 0; left: 0; width: 100%; height: 100%; position: absolute; border: 0;\" tabindex=\"-1\"></iframe></div>\n</div>\n</div>\n\n<p>სვერის &quot;ვია ფერატა&quot; არის პირველი ვია ფერატის პროექტი საქართველოსა და კავკასიის რეგიონში. მდებარეობს სოფელ სვერში, ბანაკიდან 700 მეტრში. ვია ფერატა არის მარშრუტი, რომელიც აღჭურვილია ფოლადის ტროშით და რკინის საფეხურებით 70 მეტრი სიმაღლით და 160 მეტრი სიგრძით სრული უსაფრთხოებით. ეს სათავგადასავლო ტური შესანიშნავია როგორც ერთი ადამიანი ასევე ოჯახის ან კორპორატიული ვიზიტორებისთვის. ორი მარშრუტი - მარტივი და საშუალო - შესანიშნავია როგორც დამწყებთათვის, ასევე გამოცდილი თავგადასავლების მოყვარულთათვის.</p>\n\n<p>ბილიკის ტექნიკური მახასიათებლები:</p>\n\n<p>&nbsp;&nbsp;&nbsp;&nbsp; მარშრუტის მანძილი &ndash; 230 მეტრი, 300 ნაბიჯი<br />\n&nbsp;&nbsp;&nbsp;&nbsp; მარშრუტის დრო &ndash; 70/90 წუთი<br />\n&nbsp;&nbsp;&nbsp;&nbsp; მარშრუტის სრული დრო &ndash; 2/2,5 საათი (თეორიული და პრაქტიკული სწავლება ბანაკში &ndash; 0,5 საათი, ფეხით ბანაკიდან &ndash; 15 წუთი, გავლის დრო &ndash; 70/90 წუთი, დაბრუნება &ndash; 15 წუთი)<br />\n&nbsp;&nbsp;&nbsp;&nbsp; ჯგუფში ვიზიტორების მაქსიმალური და მინიმალური რაოდენობა &ndash; 10/3<br />\n&nbsp;&nbsp;&nbsp;&nbsp; გიდი &ndash; ორი ინსტრუქტორი<br />\n&nbsp;&nbsp;&nbsp;&nbsp; მისასვლელი საცალფეხო და უკანა დამაკავშირებელი ბილიკის სიგრძე &ndash; 600 მეტრი<br />\n&nbsp;&nbsp;&nbsp;&nbsp; მარშრუტების რაოდენობა &ndash; 2, მარტივი და რთული</p>\n\n<p><strong>ფასის:</strong></p>\n\n<p>სვერის ვია ფერატის სტუმრობა შეაძლებელია მხოლოდ ჩვენ გიდებთან ერთად!</p>\n\n<p>ერთ ადამიანზე &ndash; 35 ევრო</p>\n\n<p>ფასში შედის:</p>\n\n<p>ჩაფხუტი, აღკაზმულობა, ლანგრები, ხელთათმანები და ფარები</p>\n\n<p>მეტი ინფორმაციისთვის ეწვიეთ ვებგვერდს.</p>\n\n<div data-oembed-url=\"https://campingeorgia.ge/hiking/\">\n<div>\n<div style=\"left: 0; width: 100%; height: 0; position: relative; padding-bottom: 56.3333%; padding-top: 120px;\"><iframe allowfullscreen=\"\" src=\"//if-cdn.com/dB5sl38?app=1\" style=\"top: 0; left: 0; width: 100%; height: 100%; position: absolute; border: 0;\" tabindex=\"-1\"></iframe></div>\n</div>\n<script async=\"\" charset=\"utf-8\" src=\"//if-cdn.com/embed.js\"></script></div>\n\n<p>&nbsp;</p>\n', '', '', '', '', '', NULL, NULL, '2024-01-07 19:12:17', '2025-07-15 11:52:41'),
(318, 'ru', '.', '<p>.</p>\n', '<p>.</p>\n', '', '', '', '', '', NULL, NULL, '2024-01-07 19:12:17', '2024-01-07 19:12:17'),
(319, 'us', 'Via-ferrata In Georgia', '<p>.</p>\n', '<div data-oembed-url=\"https://www.google.com/maps/d/edit?mid=15P_pbT4bULInsAO7sf6qb-mXoAuvrcQ&amp;usp=sharing\">\n<div>\n<div style=\"left: 0; width: 100%; height: 0; position: relative; padding-bottom: 75%;\"><iframe allowfullscreen=\"\" src=\"//if-cdn.com/DRYOe3Tm\" style=\"top: 0; left: 0; width: 100%; height: 100%; position: absolute; border: 0;\" tabindex=\"-1\"></iframe></div>\n</div>\n</div>\n\n<p><strong>VIA FERRATA in SVERI </strong>is the first-ever Via Ferrata project in the Georgian and Caucasus region. It is located in the village of Sveri, 700 meters from the camp. The Via Ferrata is a route, equipped with steel ropes and iron steps 70 meters high and 160 meters long with full safety. Via Ferrata in Sveri offers a unique experience to active and extreme adventurers. This adventure tour is perfect for solo,&nbsp;family, as well as corporate visitors. Two route &ndash; easy and medium &ndash; is an excellent fit for beginners as well as experienced adventurers.</p>\n\n<p><strong>Technical and other characteristics of the trail:</strong>&nbsp;</p>\n\n<ul>\n	<li>Route distance &ndash; 230 meters, 300 steps</li>\n	<li>Route time &ndash; 70/90 minutes</li>\n	<li>Full time of the route &ndash; 2/2.5 hours (theoretical and practical instruction in the camp &ndash; 0.5 hours, walk from the camp &ndash; 15 minute, time of passage &ndash; 70/90 minutes, return &ndash; 15 minutes)</li>\n	<li>Maximum and minimum number of visitors in the group &ndash; 10/3</li>\n	<li>Guiding &ndash; two instructors</li>\n	<li>Length of access pedestrian path and back connecting path &ndash; 600 meters</li>\n	<li>Number of routes &ndash; 2, easy and difficult&nbsp;</li>\n</ul>\n\n<p><strong>Price info</strong><strong>:</strong></p>\n\n<p>Per person &ndash; 35 Euro</p>\n\n<p><strong>Price includes</strong><strong>:</strong></p>\n\n<p>Helmet, harness, lanyards, gloves and headlamp</p>\n\n<p>for more information visit wesite.</p>\n\n<div data-oembed-url=\"https://campingeorgia.ge/hiking/\">\n<div>\n<div style=\"left: 0; width: 100%; height: 0; position: relative; padding-bottom: 56.3333%; padding-top: 120px;\"><iframe allowfullscreen=\"\" src=\"//if-cdn.com/dB5sl38?app=1\" style=\"top: 0; left: 0; width: 100%; height: 100%; position: absolute; border: 0;\" tabindex=\"-1\"></iframe></div>\n</div>\n<script async=\"\" charset=\"utf-8\" src=\"//if-cdn.com/embed.js\"></script></div>\n\n<p>&nbsp;</p>\n', '', '', '', '', '', NULL, NULL, '2024-01-07 19:12:17', '2025-07-15 11:52:41'),
(320, 'ka', 'ახალი საცოცი მარშრუტების განვითარების ხელშეწყობა საქართველოში', '<p>ერთად განცავითაროდ საცოცი მარშრუტები ბუნებრივ კლდეზე მთელი საქართველოს მაშტაბით</p>\n', '<p>საქართველოში სპორტული ცოცვა ჯერ კიდევ საბჭოთა კავშირის დროიდან იღებს სათავეს, მაგრამ პირველი საცოცი მარშრუტი ბუნებრივ კლდეზე, საერთაშორისო სტანდარტების დაცვით მხოლოდ 2006 წელს გაკეთდა, გუგა დაბრუნდაშვილის მიერ. ამ დროიდან მოყოლებული ქართველი მეკლდეურები საკუთარი ხარჯებით განაგრძობენ საცოცი მარშრუტების დამატებას მთელი საქართველოს მაშტაბით.</p>\n\n<p>იმის გამო რომ სპორცმენებს არანაირი ხელშეწყოა არ აქვთ ამა თუ იმ ორგანიზაციების მხრიდან მათ უწევთ თავიანთი ხარჯები გაიღონ რათა სპორტული მარშრუტები დაემატოს ამა თუ იმ რეგიონში.</p>\n\n<p>დღეისთვის საქართველოში 400-ამდე სპორტული მარშრუტია.</p>\n\n<p>ჩვენი ორგანიზაცია მუდამ ცდილობს ფინანსების მოძიებას სხვადასხვა გზებით. მიუხედავად ამისა მცირედი დონაციების გამოკლებით არანაირი ფინანსური დახმარება არ ყოფილა გამოყოფილი საქართველოშ არცერთი საცოცი სექტორის განსავითარებლად.</p>\n\n<p>მიუხედავად ყველაფრისა ჩვენ მაინც არ ვნებდებით და ვცდილობთ ამ სფეროს განვითარებას საქართველოშ.</p>\n\n<p>თუ გაქვთ სურვილი შეიტანოთ თქვენი წვლილი საქართველოს მეკლდეურობის განვითარებაში შეგიძლიათ დაგვეხმაროთ ფინანსურად. ამისთვის შეგიძლიათ ჩვენ ანგარიშზე ჩაგვირიცხოთ თქვენთვის სასურველი თანხა. ჩვენ მადლობელები ვართ ყოველი ლარისთვის რადგან ეს ჩვენთვის ძალიან მნიშვნელოვანია.</p>\n\n<p>&nbsp;</p>\n\n<h2><strong>მოქმედებს ნაგარიში TBC ბანკში.</strong></h2>\n\n<h2><strong>GE08TB7019336515100044</strong></h2>\n\n<p>&nbsp;</p>\n\n<div data-oembed-url=\"https://www.youtube.com/shorts/2-Ic_6B5-84\">\n<div style=\"max-width: 56vh;\">\n<div style=\"left: 0; width: 100%; height: 0; position: relative; padding-bottom: 177.7778%;\"><iframe allow=\"accelerometer *; clipboard-write *; encrypted-media *; gyroscope *; picture-in-picture *; web-share *;\" allowfullscreen=\"\" scrolling=\"no\" src=\"//if-cdn.com/jUNsRmbw\" style=\"top: 0; left: 0; width: 100%; height: 100%; position: absolute; border: 0;\" tabindex=\"-1\"></iframe></div>\n</div>\n</div>\n\n<p>&nbsp;</p>\n', '', '', '', '', '', NULL, NULL, NULL, '2026-02-08 00:56:14'),
(321, 'ru', '.', '<p>.</p>\n', '<p>.</p>\n', '', '', '', '', '', NULL, NULL, NULL, NULL),
(322, 'us', 'Support Outdoor Climbing Routes Bolting in Georgia', '<p>Together we will develop climbing routes on outdoor rocks in Georgia</p>\n', '<p>Sport Climbing in Georgia dates back to Soviet times. But it was not until 2006 that the first climbing route was bolted by Guga Dabrundashvili in compliance with international standards. Since then, Georgian climbers have been establishing and bolting routes with their own resources, both physical and financial, around the whole country.</p>\n\n<p>&nbsp;</p>\n\n<p>There are around 400 routes in Georgia nowadays, all made by local enthusiasts and the community with their own initiative and contribution as there has been no support from state or private business.</p>\n\n<p>Our company is doing its best to make fundraising and seek support. There have been minor contributions from local organizations. But besides that, there has been no real investment done in the development of the regions and sectors for climbing; everything stands on the passion and love for the sport of volunteers and the local community. Despite that, we do not lose our hope and keep on working to contribute to the sport.</p>\n\n<p>You have the chance to contribute to the local community, sport development, and establishing new routes in particular. For that, you just need to transfer any desired amount to our bank account. Any sum is highly appreciated as it is vital for</p>\n\n<p>us.</p>\n\n<h2><strong>Valid bank accounts In &quot;TBC Bank&quot;.</strong></h2>\n\n<h2><strong>GE08TB7019336515100044</strong><br />\n<br />\n&nbsp;</h2>\n\n<div data-oembed-url=\"https://www.youtube.com/shorts/2-Ic_6B5-84\">\n<div style=\"max-width: 56vh;\">\n<div style=\"left: 0; width: 100%; height: 0; position: relative; padding-bottom: 177.7778%;\"><iframe allow=\"accelerometer *; clipboard-write *; encrypted-media *; gyroscope *; picture-in-picture *; web-share *;\" allowfullscreen=\"\" scrolling=\"no\" src=\"//if-cdn.com/jUNsRmbw\" style=\"top: 0; left: 0; width: 100%; height: 100%; position: absolute; border: 0;\" tabindex=\"-1\"></iframe></div>\n</div>\n</div>\n\n<p>&nbsp;</p>\n', '', '', '', '', '', NULL, NULL, NULL, '2026-02-08 00:56:15'),
(323, 'ka', 'საცოცი კარაბინი', '<p>საცოცი კარაბინის გამოყენების ბაზისები</p>\n', '<h2>კარაბინის&nbsp; გამოყენების საფუძვლები</h2>\n\n<div data-oembed-url=\"https://www.youtube.com/watch?v=NuxTWEyejxU\">\n<div>\n<div style=\"left: 0; width: 100%; height: 0; position: relative; padding-bottom: 56.25%;\"><iframe allow=\"accelerometer *; clipboard-write *; encrypted-media *; gyroscope *; picture-in-picture *; web-share *;\" allowfullscreen=\"\" scrolling=\"no\" src=\"//if-cdn.com/lUVccC1\" style=\"top: 0; left: 0; width: 100%; height: 100%; position: absolute; border: 0;\" tabindex=\"-1\"></iframe></div>\n</div>\n</div>\n\n<p>კარაბინერი არის ნებისმიერი საცოცი და სასიმაღლო სისტემის განუყოფელი ნაწილი. ის ძალიან დიდ დატვირთვას უძლემ, როდესაც სწორად გამოიყენება, მაგრამ შეიძლება გატეხოს ან გაიხსნას არასწორად გამოყენების შემთხვევაში. კარაბინების ძლიერი და სუსტი მხარეების გაგება მომხმარებელს საშუალებას აძლევს გააკეთოს სწორი არჩევანი თითოეული სიტუაციისთვის.</p>\n\n<div style=\"background:#eeeeee; border:1px solid #cccccc; padding:5px 10px\">\n<p><strong>ყურადღება</strong></p>\n\n<ul>\n	<li>ყურადღებით წაიკითხეთ გამოყენების ინსტრუქცია. აუცილებელია გაიაზროთ ყველა მოცემული მაგალითი.</li>\n	<li>ამ ტექნიკის დაუფლება მოითხოვს სპეციალურ მომზადებას. მიმართეთ რჩევისთვის პროფესიონალს, რათა დაადასტუროთ თქვენი უნარი.</li>\n	<li>ჩვენ გთავაზობთ ძირითადი ტექნიკის მაგალითებს. შეიძლება იყოს სხვებიც, რომლებსაც აქ არ აღვწერთ.</li>\n</ul>\n</div>\n\n<ul>\n</ul>\n\n<h3><strong>დატვირთვის პოზიცია</strong></h3>\n\n<p><img alt=\"Barring exceptional circumstances, a carabiner is designed to be loaded on the major axis.\" src=\"https://www.petzl.com/sfc/servlet.shepherd/version/download/068w0000002uE4PAAU\" style=\"width:20%\" /></p>\n\n<p><strong>გაითვალისწინეთ რომ კარაბინი გათვლილია მხოლოდ გრძივ დატვირთვაზე.</strong></p>\n\n<p><strong>აუცილებელია კარაბინის გაღებადი მხარე იყოს დაკეტილი. მისი მაქსიმალური გამძლეობის გასანვითარებლად.</strong></p>\n\n<p><strong>დრძივი დატვირთვის გარდა ან/და ნეისმიერ გაუთვალისწინებელი მიმართულებით დატვირთვა დამოიწვევს კარაბინის გამძლეობის შემცირებას.</strong></p>\n\n<div style=\"background:#eeeeee; border:1px solid #cccccc; padding:5px 10px\">\n<h3><strong>კარაბინის გახსნის რისკი</strong></h3>\n\n<p><a href=\"https://www.petzl.com/US/en/Operators/Examples-of-dangerous-carabiner-loading-?ProductName=Sm-D#1.ouverture\"><img alt=\"Risk of unclipping 1/2\" src=\"https://www.petzl.com/sfc/servlet.shepherd/version/download/068w0000002uE4UAAU\" style=\"width:30%\" /></a><a href=\"https://www.petzl.com/US/en/Operators/Examples-of-dangerous-carabiner-loading-?ProductName=Sm-D#8.frott\"><img alt=\"Risk of unclipping 2/2\" src=\"https://www.petzl.com/sfc/servlet.shepherd/version/download/068w0000002uE4ZAAU\" style=\"width:30%\" /></a></p>\n\n<p>კარიბჭე შეიძლება გაიხსნას, თუ:</p>\n\n<ul>\n	<li>კარაბინერი არ არის სათანადოდ დახურული დამაგრების დროს (მაგ., მუფტა(გეითი) არ იყო სათანადოდ გადაჭერილი).</li>\n	<li>კარაბინი არასწორად იყო დახურული ან არასწორად ჩაკეტილი გამოყენებამდე და კლდე, თოკი ან დასვის სისტემა ეხახუნებოდა მას გახსნის მიმართულებით.</li>\n	<li>კლდე, თოკი ან დაცვის სისტემა აწვება კარაბინის გახსნად ნაწილს გახსნის მიმართულებით.</li>\n</ul>\n\n<p>&nbsp;</p>\n\n<hr /><strong>კარაბინის გატეხვის რისკი </strong>\n\n<p><strong>შენიშვნა:</strong> კარაბინის სწორედ გამოყენების პირობებში, იშვიათად წარმოქმნის საკმარის ძალას კარაბინის გასატეხად. თუმცა, არასწორედ გამოყენებისა მოწყვეტამ შეიძლება წარმოქმნას დარტყმის ძალა, რომელიც უახლოვდება კარაბინის ტეხვის ძალას.</p>\n\n<p>რისკები საერთოა ჩამკეტი და არაჩამკეტი კარაბინებისთვის!</p>\n\n<p><a href=\"https://www.petzl.com/US/en/Operators/Examples-of-dangerous-carabiner-loading-?ProductName=Sm-D#2.petitaxe\"><img alt=\"Risk of carabiner breakage 1/7\" src=\"https://www.petzl.com/sfc/servlet.shepherd/version/download/068w0000002uE4eAAE\" style=\"width:12%\" /></a><a href=\"https://www.petzl.com/US/en/Operators/Examples-of-dangerous-carabiner-loading-?ProductName=Sm-D#3.chargemulti\"><img alt=\"Risk of carabiner breakage 2/7\" src=\"https://www.petzl.com/sfc/servlet.shepherd/version/download/068w0000002uE4jAAE\" style=\"width:12%\" /></a><a href=\"https://www.petzl.com/US/en/Operators/Examples-of-dangerous-carabiner-loading-?ProductName=Sm-D#4.pliage\"><img alt=\"Risk of carabiner breakage 3/7\" src=\"https://www.petzl.com/sfc/servlet.shepherd/version/download/068w0000002uE4tAAE\" style=\"width:12%\" /></a><a href=\"https://www.petzl.com/US/en/Operators/Examples-of-dangerous-carabiner-loading-?ProductName=Sm-D#5.encombre\"><img alt=\"Risk of carabiner breakage 4/7\" src=\"https://www.petzl.com/sfc/servlet.shepherd/version/download/068w0000002uE4yAAE\" style=\"width:12%\" /></a><a href=\"https://www.petzl.com/US/en/Operators/Examples-of-dangerous-carabiner-loading-?ProductName=Sm-D#6.porte\"><img alt=\"Risk of carabiner breakage 5/7\" src=\"https://www.petzl.com/sfc/servlet.shepherd/version/download/068w0000002uE53AAE\" style=\"width:12%\" /></a><a href=\"https://www.petzl.com/US/en/Operators/Examples-of-dangerous-carabiner-loading-?ProductName=Sm-D#7.appui\"><img alt=\"Risk of carabiner breakage 6/7\" src=\"https://www.petzl.com/sfc/servlet.shepherd/version/download/068w0000002uE58AAE\" style=\"width:12%\" /><img alt=\"Risk of carabiner breakage 7/7\" src=\"https://www.petzl.com/sfc/servlet.shepherd/version/download/068w0000002uE5DAAU\" style=\"width:12%\" /></a></p>\n\n<p>&nbsp;</p>\n</div>\n\n<p>&nbsp;</p>\n\n<h3><strong>1) კარიბჭის გახსნა</strong></h3>\n\n<p><img alt=\"Opening of the gate, open gate loading\" src=\"https://www.petzl.com/sfc/servlet.shepherd/version/download/068w0000002uE4UAAU\" style=\"width:30%\" /><img alt=\"Open gate loading &gt; Risk of carabiner breakage\" src=\"https://www.petzl.com/sfc/servlet.shepherd/version/download/068w0000002uE5NAAU\" style=\"width:25%\" /><img alt=\"Opening of the gate &gt; Release of the load/person\" src=\"https://www.petzl.com/sfc/servlet.shepherd/version/download/068w0000002uE5IAAU\" style=\"width:25%\" /></p>\n\n<p>&nbsp;</p>\n\n<h3><strong>2) არაკორექტული დატვირთვა</strong></h3>\n\n<p><img alt=\"Minor axis loading\" src=\"https://www.petzl.com/sfc/servlet.shepherd/version/download/068w0000002uE4eAAE\" style=\"width:30%\" /><img alt=\"A carabiner loaded on the minor axis is weak\" src=\"https://www.petzl.com/sfc/servlet.shepherd/version/download/068w0000002uE5SAAU\" style=\"width:60%\" /></p>\n\n<p>&nbsp;</p>\n\n<h3><strong>3). ორზე მეტი დატვირთვის ღერძი</strong></h3>\n\n<p><img alt=\"Multidirectional loading\" src=\"https://www.petzl.com/sfc/servlet.shepherd/version/download/068w0000002uE4jAAE\" style=\"width:25%\" /><img alt=\"The strength loss in a multidirectional load depends on the angle between the axes of loading.\" src=\"https://www.petzl.com/sfc/servlet.shepherd/version/download/068w0000002uE5cAAE\" style=\"width:60%\" /></p>\n\n<p>&nbsp;</p>\n\n<h3><strong>4) დატვირთვა ტეხვის კუთხეზე</strong></h3>\n\n<p><img alt=\"Loading over an edge\" src=\"https://www.petzl.com/sfc/servlet.shepherd/version/download/068w0000002uE4tAAE\" style=\"width:25%\" /><img alt=\"A carabiner loaded over an edge is weak\" src=\"https://www.petzl.com/sfc/servlet.shepherd/version/download/068w0000002uE5mAAE\" /></p>\n\n<p>კიდეზე დატვირთვისას კარავინი მნიშვნელოვნად სუსტდება: ზოგ შემთხვევაში ძირითადი გამძლების 30%მდეც კი (მაგ. 6 kN, ნაცვლად 23 kN მთავარ ღერძზე).</p>\n\n<p>&nbsp;</p>\n\n<h3><strong>5) გადატვირთული კარაბინი</strong></h3>\n\n<p>კარაბინის ძირითადი ღერძის სიძლიერე ოპტიმალურია, როდესაც დატვირთვა ყველაზე ახლოსაა კარაბინის გაუხსნად მხარეს.</p>\n\n<p>თუ დატვირთვა გადადის გაღებადი ნაწილის მხარეს, ძალა მცირდება.</p>\n\n<p><img alt=\"Overloaded carabiner\" src=\"https://www.petzl.com/sfc/servlet.shepherd/version/download/068w0000002uE4yAAE\" style=\"width:25%\" /><img alt=\"If the load shifts to the gate side, the strength is reduced.\" src=\"https://www.petzl.com/sfc/servlet.shepherd/version/download/0681r000006mZU9AAM\" /></p>\n\n<p>ძალის დაქვეითება ყველაზე მეტად საგრძნობია მსხლის ფორმის კარაბინით, რადგან ცხვირი საკმაოდ შორს არის ჩარჩოს ხერხემლის მხრიდან. მათი ფორმა ასევე ხელს უწყობს დატვირთვის ცუდ პოზიციონირებას.</p>\n\n<p>&nbsp;</p>\n\n<h3><strong>6) კარაბინის ღერძის ტეხვა</strong></h3>\n\n<p><img alt=\"Risk of carabiner breakage 5/7\" src=\"https://www.petzl.com/sfc/servlet.shepherd/version/download/068w0000002uE53AAE\" style=\"width:25%\" /><img alt=\"The strength of a carabiner in this case can be less than 30 % of the major axis strength.\" src=\"https://www.petzl.com/sfc/servlet.shepherd/version/download/068w0000002uE66AAE\" /></p>\n\n<p>კარაბინის სიძლიერე ამ შემთხვევაში შეიძლება იყოს ძირითადი სიძლიერის 25%-ზე ნაკლები.</p>\n\n<p>გამოხატულმა კონსოლის დატვირთვამ ასევე შეიძლება დააზიანოს საყრდენი მოწყობილობა ან დაცვის წერტილი.</p>\n\n<p>&nbsp;</p>\n\n<h3><strong>7) დატვირთვა კარაბინის გახსნად ნაწილზე (გეითის დაზიანების საფრთხე)</strong></h3>\n\n<p><img alt=\"Pressure on the sleeve (risk of sleeve damage) 2/2\" src=\"https://www.petzl.com/sfc/servlet.shepherd/version/download/068w0000002uE5DAAU\" style=\"width:25%\" /><img alt=\"Pressure on the sleeve (risk of sleeve damage) 1/2\" src=\"https://www.petzl.com/sfc/servlet.shepherd/version/download/068w0000002uE58AAE\" style=\"width:25%\" /><img alt=\"The locking sleeve is the weakest part of your carabiner.\" src=\"https://www.petzl.com/sfc/servlet.shepherd/version/download/068w0000002uE6GAAU\" /></p>\n\n<p>მოძრავი ჩამკეტი კარაბინის ყველაზე სუსტი ნაწილია.</p>\n\n<p>ევროპული სტანდარტები მოითხოვს ყდის სიძლიერეს 1 <em>kN</em>-ს. მაგრამ ზოგირთ შემთხვევაში აუცილებელია გამოიყენოთ კარაბინი გაძლიერებული ჩამკეტით.</p>\n\n<p>&nbsp;</p>\n\n<h3><strong>8). ჩამკეტზე ხახუნი (ჩამკერის და კარიბჭის გახსნის რისკი)</strong></h3>\n\n<p><img alt=\"Rubbing on the sleeve (risk of opening the sleeve and gate) 3/3\" src=\"https://www.petzl.com/sfc/servlet.shepherd/version/download/06868000002GP9yAAG\" style=\"width:20%\" /><img alt=\"Rubbing on the sleeve (risk of opening the sleeve and gate) 1/3\" src=\"https://www.petzl.com/sfc/servlet.shepherd/version/download/068w0000002uE4ZAAU\" style=\"width:25%\" /><img alt=\"Rubbing on the sleeve (risk of opening the sleeve and gate) 2/3\" src=\"https://www.petzl.com/sfc/servlet.shepherd/version/download/068w0000002uE6QAAU\" style=\"width:25%\" /></p>\n', '', '', '', '', '', NULL, NULL, NULL, '2024-11-08 23:33:34'),
(324, 'ru', '.', '<p>.</p>\n', '<p>.</p>\n', '', '', '', '', '', NULL, NULL, NULL, NULL),
(325, 'us', 'Climbing carabins', '<p>Carabiner basics</p>\n', '<h1>Carabiner basics</h1>\n\n<p>The carabiner is an essential link in any vertical equipment kit. It is very strong when used correctly, but can break or come open if misused. Understanding the strengths and weaknesses of carabiners allows the user to make the most suitable choice for each application.</p>\n\n<div style=\"background:#eeeeee; border:1px solid #cccccc; padding:5px 10px\">\n<p><strong>Warnings</strong></p>\n\n<ul>\n	<li>Carefully read the Instructions for Use used in this technical advice before consulting the advice itself. You must have already read and understood the information in the Instructions for Use to be able to understand this supplementary information.</li>\n	<li>Mastering these techniques requires specific training. Work with a professional to confirm your ability to perform these techniques safely and independently before attempting them unsupervised.</li>\n	<li>We provide examples of techniques related to your activity. There may be others that we do not describe here.</li>\n</ul>\n</div>\n\n<ul>\n</ul>\n\n<h2>Load position</h2>\n\n<p><img alt=\"Barring exceptional circumstances, a carabiner is designed to be loaded on the major axis.\" src=\"https://www.petzl.com/sfc/servlet.shepherd/version/download/068w0000002uE4PAAU\" style=\"width:20%\" /></p>\n\n<p><strong>Barring exceptional circumstances, a carabiner is designed to be loaded on the major axis.</strong><br />\n<br />\n<strong>Only the strength rating for the major axis with gate closed is suitable for the loads sustained by a carabiner in vertical activities.<br />\n<br />\nLoading on any axis other than the major axis, and any poor positioning, will result in reduced strength.</strong></p>\n\n<div style=\"background:#eeeeee; border:1px solid #cccccc; padding:5px 10px\">\n<p><strong>The primary risks</strong></p>\n\n<h2>Risk of unclipping</h2>\n\n<p><a href=\"https://www.petzl.com/US/en/Operators/Examples-of-dangerous-carabiner-loading-?ProductName=Sm-D#1.ouverture\"><img alt=\"Risk of unclipping 1/2\" src=\"https://www.petzl.com/sfc/servlet.shepherd/version/download/068w0000002uE4UAAU\" style=\"width:30%\" /></a><a href=\"https://www.petzl.com/US/en/Operators/Examples-of-dangerous-carabiner-loading-?ProductName=Sm-D#8.frott\"><img alt=\"Risk of unclipping 2/2\" src=\"https://www.petzl.com/sfc/servlet.shepherd/version/download/068w0000002uE4ZAAU\" style=\"width:30%\" /></a><a href=\"https://www.petzl.com/US/en/Operators/Examples-of-dangerous-carabiner-loading-?ProductName=Sm-D#1.ouverture\"> </a></p>\n\n<p>The gate can come open if:</p>\n\n<ul>\n	<li>The carabiner is not properly closed at the time of attachment (e.g. sling caught between the nose and the gate).</li>\n	<li>The carabiner was improperly closed or improperly locked before use and the rock, the rope or an item of equipment presses on the gate.</li>\n	<li>The rock, the rope, or an item of equipment rubs against and unlocks the sleeve, and pushes on the gate in the direction of opening.</li>\n</ul>\n\n<p>&nbsp;</p>\n\n<hr />\n<h3>Risk of carabiner breakage</h3>\n\n<p><em><strong>Note: </strong>Vertical practices involving a single user who is properly equipped and protected from falls rarely generate enough force to break a carabiner. However, any fall can produce an impact force that approaches the breaking strength of a poorly positioned carabiner.</em></p>\n\n<p>Risks common to locking and non-locking carabiners</p>\n\n<p><a href=\"https://www.petzl.com/US/en/Operators/Examples-of-dangerous-carabiner-loading-?ProductName=Sm-D#2.petitaxe\"><img alt=\"Risk of carabiner breakage 1/7\" src=\"https://www.petzl.com/sfc/servlet.shepherd/version/download/068w0000002uE4eAAE\" style=\"width:12%\" /></a><a href=\"https://www.petzl.com/US/en/Operators/Examples-of-dangerous-carabiner-loading-?ProductName=Sm-D#3.chargemulti\"><img alt=\"Risk of carabiner breakage 2/7\" src=\"https://www.petzl.com/sfc/servlet.shepherd/version/download/068w0000002uE4jAAE\" style=\"width:12%\" /></a><a href=\"https://www.petzl.com/US/en/Operators/Examples-of-dangerous-carabiner-loading-?ProductName=Sm-D#4.pliage\"><img alt=\"Risk of carabiner breakage 3/7\" src=\"https://www.petzl.com/sfc/servlet.shepherd/version/download/068w0000002uE4tAAE\" style=\"width:12%\" /></a><a href=\"https://www.petzl.com/US/en/Operators/Examples-of-dangerous-carabiner-loading-?ProductName=Sm-D#5.encombre\"><img alt=\"Risk of carabiner breakage 4/7\" src=\"https://www.petzl.com/sfc/servlet.shepherd/version/download/068w0000002uE4yAAE\" style=\"width:12%\" /></a><a href=\"https://www.petzl.com/US/en/Operators/Examples-of-dangerous-carabiner-loading-?ProductName=Sm-D#6.porte\"><img alt=\"Risk of carabiner breakage 5/7\" src=\"https://www.petzl.com/sfc/servlet.shepherd/version/download/068w0000002uE53AAE\" style=\"width:12%\" /></a><a href=\"https://www.petzl.com/US/en/Operators/Examples-of-dangerous-carabiner-loading-?ProductName=Sm-D#7.appui\"><img alt=\"Risk of carabiner breakage 6/7\" src=\"https://www.petzl.com/sfc/servlet.shepherd/version/download/068w0000002uE58AAE\" style=\"width:12%\" /><img alt=\"Risk of carabiner breakage 7/7\" src=\"https://www.petzl.com/sfc/servlet.shepherd/version/download/068w0000002uE5DAAU\" style=\"width:12%\" /></a></p>\n\n<p>&nbsp;</p>\n</div>\n\n<h2>Risks of damaging the locking sleeve</h2>\n\n<p>&nbsp;</p>\n\n<h3><strong>1) Opening of the gate</strong></h3>\n\n<p><img alt=\"Opening of the gate, open gate loading\" src=\"https://www.petzl.com/sfc/servlet.shepherd/version/download/068w0000002uE4UAAU\" style=\"width:30%\" /><img alt=\"Open gate loading &gt; Risk of carabiner breakage\" src=\"https://www.petzl.com/sfc/servlet.shepherd/version/download/068w0000002uE5NAAU\" style=\"width:25%\" /><img alt=\"Opening of the gate &gt; Release of the load/person\" src=\"https://www.petzl.com/sfc/servlet.shepherd/version/download/068w0000002uE5IAAU\" style=\"width:25%\" /></p>\n\n<p>&nbsp;</p>\n\n<h3><strong>2) Minor axis loading</strong></h3>\n\n<p><img alt=\"Minor axis loading\" src=\"https://www.petzl.com/sfc/servlet.shepherd/version/download/068w0000002uE4eAAE\" style=\"width:30%\" /><img alt=\"A carabiner loaded on the minor axis is weak\" src=\"https://www.petzl.com/sfc/servlet.shepherd/version/download/068w0000002uE5SAAU\" style=\"width:60%\" /></p>\n\n<p>&nbsp;</p>\n\n<h3><strong>3). Multidirectional loading</strong></h3>\n\n<p><img alt=\"Multidirectional loading\" src=\"https://www.petzl.com/sfc/servlet.shepherd/version/download/068w0000002uE4jAAE\" style=\"width:25%\" /><img alt=\"The strength loss in a multidirectional load depends on the angle between the axes of loading.\" src=\"https://www.petzl.com/sfc/servlet.shepherd/version/download/068w0000002uE5cAAE\" style=\"width:60%\" /></p>\n\n<p>&nbsp;</p>\n\n<h3><strong>4) Loading over an edge</strong></h3>\n\n<p><img alt=\"Loading over an edge\" src=\"https://www.petzl.com/sfc/servlet.shepherd/version/download/068w0000002uE4tAAE\" style=\"width:25%\" /><img alt=\"A carabiner loaded over an edge is weak\" src=\"https://www.petzl.com/sfc/servlet.shepherd/version/download/068w0000002uE5mAAE\" /></p>\n\n<p><em>A carabiner loaded over an edge is weak: only 30 % of the major axis strength (e.g. 6 kN instead of 23 kN on the major axis for the SPIRIT SL).<br />\nThis value varies greatly depending on the position of the edge (in the middle of the gate or closer to the nose...).</em></p>\n\n<p>&nbsp;</p>\n\n<h3><strong>5) Overloaded carabiner</strong></h3>\n\n<p>The major axis strength of a carabiner is optimal when the load is closest to the spine side of the frame.<br />\n<br />\nIf the load shifts to the gate side, the strength is reduced.</p>\n\n<p><img alt=\"Overloaded carabiner\" src=\"https://www.petzl.com/sfc/servlet.shepherd/version/download/068w0000002uE4yAAE\" style=\"width:25%\" /><img alt=\"If the load shifts to the gate side, the strength is reduced.\" src=\"https://www.petzl.com/sfc/servlet.shepherd/version/download/0681r000006mZU9AAM\" /></p>\n\n<p><em>Strength loss is most pronounced with a pear-shaped carabiner, as the nose is rather far from the spine side of the frame. Their shape also contributes to poor positioning of the load. A carabiner loaded on the gate side is weak: only 30 % of the major axis strength (e.g. 7 kN instead of 27 kN on the major axis for the WILLIAM).</em></p>\n\n<p>&nbsp;</p>\n\n<h3><strong>6) Various cantilever loads</strong></h3>\n\n<p><img alt=\"Risk of carabiner breakage 5/7\" src=\"https://www.petzl.com/sfc/servlet.shepherd/version/download/068w0000002uE53AAE\" style=\"width:25%\" /><img alt=\"The strength of a carabiner in this case can be less than 30 % of the major axis strength.\" src=\"https://www.petzl.com/sfc/servlet.shepherd/version/download/068w0000002uE66AAE\" /></p>\n\n<p><em>The different cantilever positions are too numerous to be exhaustively tested.<br />\n<br />\nThe strength of a carabiner in this case can be less than 30 % of the major axis strength.<br />\n<br />\nA pronounced cantilever load can also damage the supporting device or anchor.</em></p>\n\n<p>&nbsp;</p>\n\n<h3><strong>7) Pressure on the sleeve (risk of sleeve damage)</strong></h3>\n\n<p><img alt=\"Pressure on the sleeve (risk of sleeve damage) 1/2\" src=\"https://www.petzl.com/sfc/servlet.shepherd/version/download/068w0000002uE58AAE\" style=\"width:25%\" /><img alt=\"Pressure on the sleeve (risk of sleeve damage) 2/2\" src=\"https://www.petzl.com/sfc/servlet.shepherd/version/download/068w0000002uE5DAAU\" style=\"width:25%\" /><img alt=\"The locking sleeve is the weakest part of your carabiner.\" src=\"https://www.petzl.com/sfc/servlet.shepherd/version/download/068w0000002uE6GAAU\" /></p>\n\n<p><em>The locking sleeve is the weakest part of your carabiner.<br />\n<br />\nThe European standards require a sleeve strength of 1 kN under external pressure (a value easily reached in the field).<br />\n<br />\nCertain standards require much higher strengths, for example 16 kN for the ANSI Z359.12 standard.</em></p>\n\n<p>&nbsp;</p>\n\n<h3><strong>8). Rubbing on the sleeve (risk of opening the sleeve and gate)</strong></h3>\n\n<p><img alt=\"Rubbing on the sleeve (risk of opening the sleeve and gate) 3/3\" src=\"https://www.petzl.com/sfc/servlet.shepherd/version/download/06868000002GP9yAAG\" style=\"width:20%\" /><img alt=\"Rubbing on the sleeve (risk of opening the sleeve and gate) 1/3\" src=\"https://www.petzl.com/sfc/servlet.shepherd/version/download/068w0000002uE4ZAAU\" style=\"width:25%\" /><img alt=\"Rubbing on the sleeve (risk of opening the sleeve and gate) 2/3\" src=\"https://www.petzl.com/sfc/servlet.shepherd/version/download/068w0000002uE6QAAU\" /></p>\n\n<p>&nbsp;</p>\n\n<h3>&nbsp;</h3>\n', '', '', '', '', '', NULL, NULL, NULL, '2024-04-08 19:48:38'),
(326, 'ka', 'ნავარძეთოს კლდეები', '<p>.</p>\n', '<p>.</p>\n', '', '', '', '', '', NULL, NULL, NULL, NULL),
(327, 'ru', '.', '<p>.</p>\n', '<p>.</p>\n', '', '', '', '', '', NULL, NULL, NULL, NULL),
(328, 'us', 'Navardzeti rocks', '<p>.</p>\n', '<p>.</p>\n', '', '', '', '', '', NULL, NULL, NULL, NULL),
(329, 'ka', 'მესტიის საცოცი დარბაზი', '<p>.</p>\n', '<p>.</p>\n', '', '', '', '', '', NULL, NULL, NULL, NULL),
(330, 'ru', '.', '<p>.</p>\n', '<p>.</p>\n', '', '', '', '', '', NULL, NULL, NULL, NULL),
(331, 'us', 'Mestia climbing gym', '<p>.</p>\n', '<p>.<img alt=\"\" src=\"http://user.climbing.ge/storage/uploads/1_1769023708.png\" style=\"height:743px; width:2462px\" /></p>\n', '', '', '', '', '', NULL, NULL, NULL, '2026-01-21 23:28:48'),
(332, 'ka', 'არა რუსულ მარშრუტებს საქართველოში', '<p>ქართველი მეკლდეურები ეწინააღმდეგებიან რუსი სპორცმენების მიერ საცოცი მარშრუტების გაკეთებას საქართველოში</p>\n', '<p>მოგესალმებით. პროექტი climbing.ge 2017 წლიდან ფუნქციონირებს. მისი მიზანია საქართველოში ცოცვის განვითარება, პოპულარიზაცია და ამ სპორტის სახეობის ფართო მასებამდე მიტნაა.</p>\n\n<p>&nbsp;</p>\n\n<p>ჩვენ ყოველთვის მივესალმეით ახალი საცოცი მარშრუტების და სექტორების შექმნის. უნდა აღინიშნოს რომ როგორც ყველა საცოც რეგიონში, საქართველოშიც მარშრუტები დაახლოებით 1 ტექნიკური სტანდარტის მიხედვით კეთდება, ჩვენი საცოცი რეგიონის სპეციფიურობების გათვალისწინებით. თუ გადავხედავთ მსოფლიოს სხვა რეგიონებს ყველას თავისთვის დამახასიათებელი ტექნიკური კრიტერიუმები აქვს, რომლებსაც იმ რეგიონის სტუმრობამდე ეცნობი და იქ ყველა რუტსეტერი ამ ტექნიკური მოთხოვნებს ითვალისწინებს მარშრუტის გაკეთებისას. საუბარია მარშრუტის სიმაღლეზე, დაშორება შლამბურებს შორის და უამრავ სხვა წვრილმან დეტალზე რომლებისგანაც გამომდინარეობს უსაფრთხო და სასიამოვნო ცოცვა. ამიტომაც სასტიკად აკრძალულია საცოცი მარშრუტების კეთება ადგილობრივი ათლეტების და რუტსეტერების გარეშე. ეს ეხება არამხოლოდ უკვე არსებულ სექტორებს არამედ აუთვისებელ კლდეებზე სადაც მარშრუტები ჯერ არ არის გაკეთებული. შესაძლებელია ამ კლდეების ასათვისებლად რაიმე პროექტი მზადდება ვინმეს მიმართ და ეს თვითნებური საქციელი ხელს შეუშლის მის განხორციელებას. ამ პირობის დარღვევის შემთხვევაში შესაძლოა სერიოზული კომპლიკტიც წარმოიქმნას ადგილობრივ და ჩამოსულ სპორცმენებს შორის. წესს ყველა ქვეყანაში ითვალისწინებენ სადაც ეს სპორტი რაღაც დონეზე მაინც არის განვითარებული.</p>\n\n<p>&nbsp;</p>\n\n<p>წესის მიზანი ის კი არ არის რომ 2-3 კაცმა აკეთოს მარშრუტები მთელი კლდეებზე, მიზანი ისაა რომ აბდაუბდად არ იყოს მარშრუტები გაკეთებული და მეტად გასაგეი იყოს სიტუაცია იმ რეგიონში.</p>\n\n<p>&nbsp;</p>\n\n<p>ბოლო ხანებში ყაზბეგის რეგიონში რუსი სპორცმენების მიერ მარშრუტების გაკეთების განძრახვის თაობაზე არცერთი ქართული სპორტული გუნდი ვინც აქტიურადაა დაკავებული კლდეზე საცოცი მარშრუტების და სექტორების ორგანიზებით გაფრთხილებული არ ყოფილა. მიუხედავათ ამისა რუსი სპორცმენების გუნდმა გააკეთა რამდენიმე ბოლდერინგის და რთული ცოცვის მარშრუტი ყაზბეგის მუნიციპალიტეტში.</p>\n\n<p>&nbsp;</p>\n\n<p>ჩვენი აზრით ეს უპატივცემულობაა ყველა იმ ადამიანის მიმართ რომლებიც საქართველოში ამ სპორტითაა დაკავებული. მითუმეტეს ისეთ ადგილას როგორიც ყაზბეგია და უკვე 2 სექტორი მუნიციპარური დაფინანსებით გაკეთდა. ამ მარშრუტების გაკეთებამ შეიძლება შეაფერხოს სამომავლო პროექტების განვითარება რეგიონში. რაც მოგეხსენებათ რამოდენიმე რუსი სპორცმენის დამსახურებაა. ამის გამო ნებისმიერ ქართველ სპორცმენს აქვს უფლება პრეტენზია განაცხადოს ამ მარშრუტების მიზანშეწონილობის მიმართ.</p>\n\n<p>&nbsp;</p>\n\n<p>საქართველოში სულ რამდენიმე ადამიანია დაკავებული ამ საქმის განვითარებით და რთული არაა მათი პოვნა. ასევე ჩვენ მოხარულები ვიქნებით თუ მეტი ადამიანი იქნება ამ სპორტის განვითარებით დაკავებული და ჩვენ ყველანაირად მათ ხელს შევუწყობთ. მაგალითად 2019 როდესაც უკრაინელების და ფრანგების გუნდმა უცხოური დაფინანსებით დააპირეს ბათუმში მარშრუტების გაკეთება ჩვენ დავეხმარეთ და ვურჩიეთ სად იქნებოდა ყველასთვის უკეთესი მარშრუტების გაკეთება. ამ მარშრუტების ცოცვა დღემდეა შესაძლებელი. ასევე უამრავი მარშრუტია ჭიათურაშიც, კაცხშიც და არშაშიც რომლებიც უცხოელების მიერ არის გაკეთებული. რა თქმა უნდა პირველრიგში ჩვენთან შეთანხმებით.</p>\n\n<p>&nbsp;</p>\n\n<p>აქვე ხაზგასმით ავღნიშნავთ რომ ჩვენ არ ვთანამშრომლობთ არცერთ რუსუილ კომპანიასა, სპორტულ კლუბთან თუ დარბაზთან (S.K.Lucki &ndash; ის გარდა რომელთანაც პროექტის შექმნის დღიდან მჭიდრო ურთიერთობა გვაქვს.) ასევე ჩვენს გზამკვლევზე არ განვათავსებთ ინფორმაციას ამ მარშრუტებზე. ასევე არცერთ მარშრუტზე რომელიც ჩვენი გუნდის მიერ არ იქნება შემოწმებული.</p>\n\n<p>&nbsp;</p>\n\n<p>ჩვენთვის არ აქვს მნიშველობა რომელი ქვეყნიდან ჩამოსული სპორცმენზეა საუბარი. სულ რომ შვეიცარიელი გიდები ჩამოვიდნენ და რამის კეთება დაიწყონ ჩვენი თავზე გადავლით მათაც იგივე პასუხს გავცემდით. ამ პოსტში კონკრეტულად რუსებზე იმიტომაა საუბარი რომ ბოლო 2 წლის განმავლობაში უამრავი სპორცმენი ჩამოვიდა და ჩვენი აზრით უაღრესად უწესოდ იქცევიან, როგორც საქართველოში ასევე სხვა მეზობელ ქვეყნებში.ცოტახნის წინ სმოხეთში მსგავსმა ფაქტმა სერიოზული დაპირისპირება გამოიწვია ადგილობრივებსა და იქაც რუს სპორცმენებს შორის.</p>\n\n<p>&nbsp;</p>\n\n<p>ამიტომაც ჩავთვალეთ საჭირო დროული რეაგირება. როგორც ავღნიშნეთ სმოხეთში არ გამოუვიდათ თავისი წესევის გატარება. უნდა ვაგრძნობინოთ რომ აქაც არ გამოუვათ. თორემ კლდეების ოკუპაციაც დაიწყეს და ყურადღება თუ არ მიექცია მალე რუსები იცოცებენ მარტო.</p>\n\n<p>&nbsp;</p>\n\n<p>გვსურს მივმართოთ საქართველოს მცოცავ საზოგადოებას და ვთხოვოთ თავისი აზრის გამოთქმა ამ ფაქტზე.</p>\n', '', '', '', '', '', NULL, NULL, NULL, NULL),
(333, 'us', 'No Russian bolts and climbing routes in Georgia', '<p>Georgian climbers are opposed to making climbing routes by Russian sportsmen in Georgia</p>\n', '<p>Hey guys, project climbing.ge was created in 2017. Its main goal is to develop, grow awareness and community around the rock climbing.&nbsp;</p>\n\n<p>We are always for the new routes and sectors and welcome the initiative of the development. It&rsquo;s important to mention that all the routes in Georgia are more or less of the same standard and follow the same pattern of the route setting, taking into account the genesis of the rocks and their specifications.<br />\n<br />\nIf you have a look at other climbing regions worldwide, you&rsquo;ll see that each has unique technical specifications and criterias, which are taken into account by any route-setter even before visiting the region. Taking into account such details as route length, the distance between the bolts and many others are extremely important to ensure safe and pleasant climbs. This is why, as a rule, it&rsquo;s strictly forbidden to set a route without local climbers or route setters not even in existing sectors, but also on new, undeveloped rocks as well.<br />\nIt may happen that someone is already working or has a project to set on new rocks and foreigners&#39; initiative may cause the conflict of interests.<br />\nThis rule is respected by everyone in any part of the world where climbing is developed at any level.</p>\n\n<p>The aim of the rule is not to prevent the development of the sport or limit its area to two or three rocks and regions, but rather to ensure that the development is well planned, strategic and is standardized in the region.&nbsp;</p>\n\n<p>Recently several Russian climbing teams have set bouldering and sport climbing routes in Kazbegi Municipality, where none of the Georgian Climbing teams or groups have been informed in advance.</p>\n\n<p>We find it EXTREMELY disrespectful towards the people who strive to develop that sport, especially in Kazbegi municipality, where the route setting in 2 sectors was financed by the local municipality. Above mentioned actions may prevent further development of the region, which is due to the actions of Russian sportsmen already mentioned above. We find any Georgian sportsman can express their disappointment towards such actions and question their relevance.</p>\n\n<p>We have a very limited number of route setters and the community is quite limited, so there is no difficulty in finding Georgian route setters and on the contrary we would be more than happy to have initiative and active people by our side and we&rsquo;ll support them in every possible way.<br />\n<br />\nFor example, when in 2019 a group of Ukrainian and French climbers approached us wishing to set new routes in Batumi, we assisted them with their projects, consulted them on the rock quality and where is the most appropriate to set new routes. These climbing routes are available nowadays and anyone can climb them.<br />\nThere are multiple routes in Chiatura, Arsha, Katskhi set by the foreigners, but agreed with us in advance.</p>\n\n<p><br />\n&nbsp;</p>\n\n<p>Also, it&rsquo;s important to mention that we do not cooperate with any Russian Sport Company, Club or Gym except S.K.Lucky, which is our partner from the day of establishing. We will not add any information about the routes created and not been checked by our team.<br />\n<br />\nThe nationality does not really matter for us, anyone coming and disrespecting the rules will get the same approach and response from our side. The point is that there are many Russian sports people coming in the recent years, disrespecting locals equally in Georgia and neighboring countries as well. For instance the similar actions in Armenia caused serious resistance between locals and aliases.&nbsp;</p>\n\n<p>We find it extremely important to react to arbitrary and unprofessional actions and highlight our position.<br />\n<br />\nWe ask Georgia climbing society to express their thoughts and feelings regarding the above mentioned actions and thrive to ensure that the development of the climbing goes in the right direction without neglecting the interests and ideas of the local people.</p>\n', '', '', '', '', '', NULL, NULL, NULL, '2024-08-07 18:58:24');
INSERT INTO `locale_articles` (`id`, `locale`, `title`, `short_description`, `text`, `route`, `how_get`, `best_time`, `what_need`, `info`, `price_text`, `address`, `created_at`, `updated_at`) VALUES
(334, 'ka', 'არჩილ ბადრიაშვილი მწვერვალ შხელდაზე მეხის დაცემის შედეგად გარდაიცვალა', '<p>.</p>\n', '<p>არჩილ ბადრიაშვილი შხელდაზე ექსპედიციაში კიდევ სამ მთამსვლელთან ერთად იმყოფებოდა. მათი მონათხრობის თანახმად, 10 აგვისტოს, როდესაც მწვერვალიდან ქვემოთ ეშვებოდნენ, ამინდი გაუარესდა, არჩილთან ახლოს მეხი დაეცა, რის გამოც ის ქედიდან გადავარდა.</p>\n\n<p>ექსპედიციაში მყოფმა მისმა მეგობრებმა იმავე დღეს შეძლეს და საგანგებო სიტუაციების მართვის სამსახურს შეატყობინეს, რომ გადაუდებელი დახმარება სჭირდებოდათ. მესტიის სამაშველო სამსახურის თანამშრომლები და ადგილობრივი მთამსვლელები, შხელდას მიმართულებით, შეტყობინების მიღებისთანავე, დაახლოებით 17-18 საათზე გაემგზავრნენ, თუმცა შინაგან საქმეთა სამინისტროს&nbsp;ვერტმფრენი სამაშველო ოპერაციაში მხოლოდ მეორე დღეს, 11 აგვისტოს დილით ჩაერთო.</p>\n\n<p>სვანეთის მცხოვრებლები შინაგან საქმეთა სამინისტროსგან ითხოვენ განმარტებას,</p>\n\n<ul>\n	<li><strong>რატომ არ ჩაერთო ვერტმფრენი სამაშველო ოპერაციაში იმავე დღეს,</strong>&nbsp;როცა 10 აგვისტოს, საღამოს, შხელდას მიმართულებით ამინდი გაუმჯობესებული იყო;</li>\n	<li><strong>რატომ დააგვიანა ვერტმფრენმა 11 აგვისტოს, დილით სვანეთში ჩაფრენა;</strong></li>\n	<li><strong>რატომ არ იყო ვერტმფრენი უზრუნველყოფილი საჭირო რაოდენობის საწვავით</strong>&nbsp;- მას შემდეგ, რაც 11 აგვისტოს, დილით, ექსპედიციის ცოცხლად გადარჩენილი სამი წევრი მესტიაში უვნებლად გადმოიყვანეს, თითქმის ნახევარ დღეზე მეტი ვერტმფრენი გაჩერებული იყო და ის ხეობაში მეორედ მხოლოდ მაშინ შეფრინდა, როცა საავიაციო საწვავით დატვირთული მანქანა სვანეთში ავიდა და მფრინავებმა მარაგი შეივსეს.</li>\n</ul>\n\n<p>საგანგებო სიტუაციების მართვის სამსახურის მედიასთან ურთიერთობის წარმომადგენელმა განმარტა, რომ 10 აგვისტოს, საღამოს სვანეთში ცუდი ამინდის, (წვიმის და სეტყვის) გამო ფრენა არ შეიძლებოდა, რასაც ადგილობრივი მცხოვრებლები არ ადასტურებენ. მათი თქმით, საღამოს, ვიდრე დაღამდებოდა, დაახლოებით სამი საათის განმავლობაში, აღარ წვიმდა, აღარც ჭექა-ქუხილი იყო და არც ნისლი.</p>\n\n<p>ასევე შინაგან საქმეთა სამინისტრომ არ განმარტა, სვანეთში ჩასული ვერტმფრენი, 11 აგვისტოს დილიდან რამდენიმე საათის განმავლობაში რატომ იყო გაჩერებული.</p>\n\n<p><strong><em>არჩილ ბადრიაშვილს ალპინიზმის სფეროში არაერთი მნიშვნელოვანი ჯილდო აქვს მიღებული.</em></strong><em>&nbsp;მას, ბაქარ გელაშვილსა და გიორგი ტეფნაძეს 2022 წელს გადასცეს&nbsp;<strong>&bdquo;ოქროს წერაყინი&ldquo;.</strong>&nbsp;</em>ასევე არაერთი ახალი და უკვე არსებული მარშრუტი როგორც საქართველოში ასევე მის საზღვრებს გარეთ.</p>\n\n<p><strong>climbing.ge მწუხარებას გამოთქვამს არჩილ ბადრიაშვილის დაღუპვის გამო და სამძიმარს უცხადებს მის ოჯახს და მეგობრებს.</strong></p>\n', '', '', '', '', '', NULL, NULL, NULL, '2024-08-12 20:45:41'),
(335, 'us', 'Archil Badriashvili died on mount Shkhelda after lightning strike', '<p>.</p>\n', '<p>Archil Badriashvili was on an expedition on Shkhelda with three other climbers. They reported that on August 10, while descending from the peak, the weather worsened, and a rock fell near Archil, causing him to fall off the ridge.</p>\n\n<p>His friends on the expedition made it back that same day and notified emergency management that they needed urgent help. Employees of the Mestia rescue service and local mountaineers set out for Shkhelda around 17:00-18:00 after receiving the notification. However, the Ministry of Internal Affairs helicopter was only involved in the rescue operation on the second day, on the morning of August 11.</p>\n\n<p>Residents of Svaneti are demanding an explanation from the Ministry of Internal Affairs. They want to know</p>\n\n<ul>\n	<li><strong>why the helicopter was not involved in the rescue operation on the same day when the weather improved in the Shkhelda area</strong>&nbsp;on the evening of August 10;</li>\n	<li><strong>why the helicopter was late to land in Svaneti on the morning of August 11;</strong></li>\n	<li><strong>and why the helicopter was not provided with the required amount of fuel</strong>.</li>\n</ul>\n\n<p>After the three surviving members of the expedition were safely transported to Mestia on the morning of August 11, the helicopter was parked for more than half a day and flew to the valley for the second time only after a vehicle loaded with aviation fuel arrived in Svaneti and the pilots refueled.</p>\n\n<p>The media relations representative of the Emergency Situations Management Service told: that on the evening of August 10, the weather was bad in Svaneti, with rain and hail, which made it impossible to fly. However, local residents dispute this, stating that in the evening, before nightfall, for about three hours, there was no more rain, thunder, or fog.</p>\n\n<p><strong><em>Archil Badriashvili received numerous significant awards in the field of mountaineering. In 2022, he, along with Bakar Gelashvili and Giorgi Tepnadze, was awarded the Golden ice axe Prize.</em></strong></p>\n\n<p><strong>Climbing.ge expresses deep sorrow over the death of Archil Badriashvili and extends its condolences to his family and friends.</strong></p>\n', '', '', '', '', '', NULL, NULL, NULL, '2024-08-12 20:46:17'),
(336, 'ka', 'მწვერვალი თიკანაძე', '<p>PD (2A RUSS)</p>\n', '<p>.</p>\n', '<p>ჭაუხის საბაზო ბანაკიდან (camp 1), ბანაკიდან მივემართებით ჭაუხის მთავარი მასივისკენ. მორენის გავლის შემდეგ შევდივართ მარჯვნივ ფერდზე. ავგივართ ფერდს და ვხვდებით სფინქსის ფორმის ქვისკენ. აწედან შევდივართ მარჯვნივ და ცოტახანში გავდივართ ქედზე. მივყვებით ქედს ბოლომდე და გადავდივართ ზომიერად ნაყარ ფერდზე. გადავუხვევთ მარჯვნივ და გავდივართ უღელტეხილზე &mdash; დაახლოებით 200 მეტრი.</p>\n\n<p>აქედან იწყება მარშრუტი. ამ ადგილიდან ერთდროული ჩაბმით მივყვებით ქვიან ქედს მარცხნივ. დაახლოებით 800 - 900 მეტრი. ეს მარშრუტი უმეტესად სასიარულოა. მწვერვალამდე ქედის ბოლოს არის 50 მეტრიანი martivi კლდოვანი კედელი, რომლის ზემოთაც მდებარეობს მწვერვალი.</p>\n\n<p>ჩასვლა: მწვერვალიდან ქედით მივდივართ დასავლეთით. მარჯვნივ გვხვდება კულუარი რომლის დაშვებისას ვხვდებითცირკში. გადავკვეთავთ ცირკს და ავდივართ ნაშალ ფერდზე. ვხვდებით მარშრუტის დასაწყისში. (წედზე) აქედან ვეშვებით ბალახიან ფერდობზე ბანაკისკენ იგივე გზით როგორც მოვედით.</p>\n\n<p>ხანგრძლივობა: 7-8 საათი.<br />\n&nbsp;</p>\n\n<div data-oembed-url=\"https://www.google.com/maps/d/embed?mid=1S6xJR_Gl8O96xbJk0411Qqucwcgg-CY&amp;ehbc=2E312F\">\n<div>\n<div style=\"left: 0; width: 100%; height: 0; position: relative; padding-bottom: 75%;\"><iframe allowfullscreen=\"\" src=\"//if-cdn.com/okK0d3dT\" style=\"top: 0; left: 0; width: 100%; height: 100%; position: absolute; border: 0;\" tabindex=\"-1\"></iframe></div>\n</div>\n</div>\n\n<p>&nbsp;</p>\n', '', '', '<p>.</p>\n', '', NULL, NULL, NULL, '2025-06-02 22:21:18'),
(337, 'us', 'Tikanadze summit', '<p>PD (2A RUSS)</p>\n', '<p>.</p>\n', '<p>From the Chaukhi Base Camp (Camp 1), we head toward the main Chaukhi massif. After crossing the moraine, we ascend the slope to the right. We continue ascending the slope and reach the Sphinx-shaped rock. From there, we turn right and shortly reach the ridge. We follow the ridge to the end and transition onto a moderately scree-covered slope. We then turn right and reach the saddle &mdash; approximately 200 meters.</p>\n\n<p>From this point, the climbing route begins. From here, moving with simultaneous rope belay, we follow the rocky ridge to the left &mdash; approximately 800&ndash;900 meters. This route is mostly walkable. Just before the summit, at the end of the ridge, there is a 50-meter simple rock wall, above which is the summit.</p>\n\n<p>Descent: From the summit, we follow the ridge westward. On the right, we encounter a couloir, which we descend and reach the cirque. We cross the cirque and ascend a scree slope, rejoining the beginning of the route (the ridge). From there, we descend the grassy slope back to the camp via the same path we came.</p>\n\n<p>Duration: 7&ndash;8 hours.<br />\n<br />\n&nbsp;</p>\n\n<div data-oembed-url=\"https://www.google.com/maps/d/embed?mid=1S6xJR_Gl8O96xbJk0411Qqucwcgg-CY&amp;ehbc=2E312F\">\n<div>\n<div style=\"left: 0; width: 100%; height: 0; position: relative; padding-bottom: 75%;\"><iframe allowfullscreen=\"\" src=\"//if-cdn.com/okK0d3dT\" style=\"top: 0; left: 0; width: 100%; height: 100%; position: absolute; border: 0;\" tabindex=\"-1\"></iframe></div>\n</div>\n</div>\n\n<p>&nbsp;</p>\n', '', '', '<p>.</p>\n', '', NULL, NULL, NULL, '2025-06-02 22:21:18'),
(338, 'ka', 'თიკანაძე თაყაიშვილის ტრავერსი', '<p>.</p>\n', '<p>.</p>\n', '<p>.</p>\n', '', '', '<p>.</p>\n', '', NULL, NULL, NULL, NULL),
(339, 'us', 'Tikanadze takaishvili travers', '<p>.</p>\n', '<p>.</p>\n', '<p>.</p>\n', '', '', '<p>.</p>\n', '', NULL, NULL, NULL, NULL),
(340, 'ka', 'ჭელიძე: მწვერვალი ჯავახიშვილი ჩრდილოეთიდან', '<p>D 300M 5A (4B RUS)</p>\n', '<p>.</p>\n', '<table border=\"1\" cellpadding=\"1\" cellspacing=\"1\" style=\"width:100%\">\n	<tbody>\n		<tr>\n			<td>თოკი</td>\n			<td>თოკის სიმაღლე</td>\n			<td>კედლის დახრილობა</td>\n			<td>შირთულე (UIAA)</td>\n			<td>შირთულე (ftr)</td>\n		</tr>\n		<tr>\n			<td>R5</td>\n			<td>50</td>\n			<td>70-80</td>\n			<td>IV</td>\n			<td>4</td>\n		</tr>\n		<tr>\n			<td>R4</td>\n			<td>50</td>\n			<td>70-80</td>\n			<td>IV</td>\n			<td>4</td>\n		</tr>\n		<tr>\n			<td>R3</td>\n			<td>30</td>\n			<td>60-70</td>\n			<td>V</td>\n			<td>5-</td>\n		</tr>\n		<tr>\n			<td>R2</td>\n			<td>50</td>\n			<td>50-60</td>\n			<td>IV</td>\n			<td>4</td>\n		</tr>\n		<tr>\n			<td>R1</td>\n			<td>50</td>\n			<td>70-80</td>\n			<td>V</td>\n			<td>5-</td>\n		</tr>\n	</tbody>\n</table>\n\n<p>ჭაუხის ბანაკიდან (ბანაკი 1) გაემართეგ სამხრეთ-აღმოსავლეთის მიმართულებით, ბალახიან ფერდზე, სანამ არ მიაღწევთ უნაგირს. აქედან 40 მეტრის სრიალო ქანძით ამაღლდით, შემდეგ 40 მეტრით ჰორიზონტალურად გადაადგილდებით და აღწევთ &bdquo;ცეცხლის ადგილის&ldquo; მწვერვალს. 100 მეტრში არის &bdquo;ბუხარი&ldquo;, ფართო გამოქვაბული სიღრმეებით. მიაღწევთ ჩანგულს, რომელიც დიდ ქვასთან ახლოს მდებარეობს. ჩანგულიდან მიდიხართ კედლისკენ, რომელიც იწყება მცირე ღვრით და ფართოვდება ვიწრო კუთხეში. პატარა &bdquo;ცეცხლის ადგილას&ldquo; არის ქვის მტვერი, გაიარეთ იგი და აქედან ნელ-ნელა მარცხნივ გადადით, მიაღწევთ შიდა კუთხეს. შემდეგ ასვლა იწყება ჩამოყრილი ქვის პლატფორმაზე.</p>\n\n<p>Qimsa და skate სადგური 50 მეტრში მდებარეობს. 10 მეტრის გასვლის შემდეგ &bdquo;ცეცხლის ადგილიდან&ldquo; გაივლის დიდ პლატფორმაზე. აქედან მარცხნივ გადაიხარეთ და გააგრძელეთ skate-ს მიმართულებით 50 მეტრი, სადაც ტრავერსისთვის სათადარიგო ზამბარა იქნება. მარცხნივ ტრავერსირების დროს შეხვდებით სამ &bdquo;ცეცხლის ადგილს&ldquo;, ყველა მათგანი გადასალახავია, თუმცა მეორე უფრო მარტივია. მეორე &bdquo;ცეცხლის ადგილი&ldquo; 30 მეტრია, ხოლო 50 მეტრიანი &bdquo;ცეცხლის ადგილი&ldquo; გადაყავდათ დიდ ჩამოყრილ ქვის პლატფორმაზე.</p>\n\n<p>გადადით 50 მეტრი აშკარა კედლით მწვერვალის მიმართულებით და მიაღწევთ პლატფორმას. შემდეგ გადადგით 70-80 მეტრი მწვერვალისკენ და დაიწყეთ ტრავერსირება თოვლსა და ქვას დაფარულ პლატფორმაზე. გადაადგილდით 100 მეტრი და გააგრძელეთ ფართოდ ჩამოყრილ ქვის ადგილზე. 70-80 მეტრის ფართო ჩამოყრილი ქვის ადგილიდან მიაღწევთ &bdquo;ცეცხლის ადგილს&ldquo;, რომელიც მთის მთა-კრეფის დასაწყისია და გადის მწვერვალისკენ.</p>\n\n<p>დასასრული:<br />\nდასასრულია ჯავახიშვილის 3A მარშრუტით, დროის სიგრძე: 8-9 საათი.</p>\n', '', '', '<p>.</p>\n', '', NULL, NULL, NULL, '2025-01-23 01:31:37'),
(341, 'us', 'Chelidze: Djavaxishvili sumit from north', '<p>D 300M 5A (4B RUS)</p>\n', '<p>.</p>\n', '<table border=\"1\" cellpadding=\"1\" cellspacing=\"1\" style=\"width:100%\">\n	<tbody>\n		<tr>\n			<td>Pitch</td>\n			<td>Pitch Height</td>\n			<td>Inclination of<br />\n			the wall</td>\n			<td>Grade (UIAA)</td>\n			<td>Grade (ftr)</td>\n		</tr>\n		<tr>\n			<td>R5</td>\n			<td>50</td>\n			<td>70-80</td>\n			<td>IV</td>\n			<td>4</td>\n		</tr>\n		<tr>\n			<td>R4</td>\n			<td>50</td>\n			<td>70-80</td>\n			<td>IV</td>\n			<td>4</td>\n		</tr>\n		<tr>\n			<td>R3</td>\n			<td>30</td>\n			<td>60-70</td>\n			<td>V</td>\n			<td>5-</td>\n		</tr>\n		<tr>\n			<td>R2</td>\n			<td>50</td>\n			<td>50-60</td>\n			<td>IV</td>\n			<td>4</td>\n		</tr>\n		<tr>\n			<td>R1</td>\n			<td>50</td>\n			<td>70-80</td>\n			<td>V</td>\n			<td>5-</td>\n		</tr>\n	</tbody>\n</table>\n\n<p>From the Chaukhi camp (CAMP-1), head in the southeast direction, following the grassy hill to reach the saddle. From here, move straight up the loose slope for 40 meters, then traverse 40 meters to the top of the &ldquo;Fireplace.&rdquo; The &ldquo;Buxari,&rdquo; a wide opening with clefts, is 100 meters away. Proceed to the saddle near the large stone. From the saddle, reach the wall, which starts with a small cleft and expands into a wide corner. In the small &ldquo;Fireplace,&rdquo; there is a stone cork; pass this and, from here, gently traverse to the left, reaching the internal corner. Afterward, ascend to the fallen stone platform.</p>\n\n<p>At the Qimsa and skate, the station is located 50 meters up. After 10 meters of passing through the &ldquo;Fireplace,&rdquo; you will reach a large platform. From here, turn left and continue to the skate for 50 meters, where a rope is available for the traverse. Moving left by the traverse, you will encounter three &ldquo;Fireplaces,&rdquo; all of which are passable, with the second being the easiest. The second &ldquo;Fireplace&rdquo; is 30 meters long, and the 50-meter &ldquo;Fireplace&rdquo; leads to a large fallen stone platform.</p>\n\n<p>Follow the clear wall in the direction of the peak for 50 meters, then reach a platform. Proceed towards the peak for another 70-80 meters, then begin traversing a platform covered with snow and stone. Traverse 100 meters and continue over a widely fallen stone area. The 70-80 meter wide fallen stone area leads to a &quot;Fireplace&quot; that extends onto the mountain range, continuing towards the mountain peak.</p>\n\n<p><strong>Descent:</strong><br />\nDescend via the Javakhishvili 3A route, with a total duration of 8-9 hours.</p>\n', '', '', '<p>.</p>\n', '', NULL, NULL, NULL, '2025-01-23 01:31:37'),
(342, 'ka', 'სერებრიაკოვი', '<p>.</p>\n', '<p>.</p>\n', '<p>.</p>\n', '', '', '<p>.</p>\n', '<p>.</p>\n', NULL, NULL, NULL, NULL),
(343, 'us', 'Serebrialov', '<p>.</p>\n', '<p>.</p>\n', '<p>.</p>\n', '', '', '<p>.</p>\n', '', NULL, NULL, NULL, NULL),
(344, 'ka', 'ფრიდონ ჯოხაძე', '<p>.</p>\n', '<p>.</p>\n', '<p>.</p>\n', '', '', '<p>.</p>\n', '', NULL, NULL, NULL, NULL),
(345, 'us', 'Pridon djoxadze', '<p>.</p>\n', '<p>.</p>\n', '<p>.</p>\n', '', '', '<p>.</p>\n', '', NULL, NULL, NULL, NULL),
(346, 'ka', 'ჩრდილოეთ უშბის კლასიკური მარშრუტი', '<p>.</p>\n', '<p>.</p>\n', '<p>.</p>\n', '', '', '<p>.</p>\n', '', NULL, NULL, NULL, NULL),
(347, 'us', 'South Ushba classic route', '<p>.</p>\n', '<p>.</p>\n', '<p>NORTH USHBA: BY NORTHEAST RIDGE (4-A; UIAA)<br />\nFrom CAMP-3 4070 m. we head towards Northern Ushba, follow the medium<br />\ninclination snow-ice slope, pass the bergschrund from the right, and by<br />\nthe snow-ice slope ascend to the Northern Ushba pad. By the wide ridge<br />\nof the pad we get to the steep northeastern slope of 200-250 m, which<br />\nleads us to the rocky skull (Nastenko Rocks). We follow 100-150 m by the<br />\nsimple eroded rocks. Then get to snow-ice steep slope of 350-400 m, which<br />\nleads us the northeastern ridge directed towards summit. We follow ridge<br />\n(walls); en route to Northern Ushba Summit we will meet three ascending/<br />\ndescending points. The entire route from CAMP-3 4070 m. to summit takes<br />\n10-11 hours.</p>\n', '', '', '<p>.</p>\n', '', NULL, NULL, NULL, '2026-01-22 13:41:36'),
(348, 'ka', 'სამხრეთ უშბა: სამხრეთ-აღმოსავლეთის კონტრფორტით. (გაბრიელის მარშრუტი)', '<p>TD+ 1600m 6C+ 4 Day (5-B; UIAA)</p>\n', '<p>First ascent 1937</p>\n', '<p><strong>სამხრეთ უშბა: სამხრეთის აღმართი. (გაბრიელი) (5-B; UIAA)</strong><br />\nმიტოვებული გულიანის ეკლესიიდან ვიწყებთ მოძრაობას სოფლის კეცვისკენ, შემდეგ მწყემსულით ხეობას ვადევნებით და 2-3 საათში გადავდივართ მდინარე გულითსკალის მარცხენა სანაპიროზე. აქამდე მივაღწევთ ბანაკს მორენის ძირას, სადაც ღამე გავათევთ. <strong>ბანაკი 1</strong> (2900 მ)</p>\n\n<p>ბანაკიდან 2900 მ. ავუყვებით მორენას და შევდივართ დასავლეთის თოვლის კულუარში (კრიშის დაცემის საშიშროება). კულუარს ბოლომდე არ მივყვებით - 300-400 მეტრის შემდეგ მარჯვნივ ვუხვევთ და შევდივართ სქელ ქვების პლატფორმაზე, საიდანაც აღმოსავლეთით ვიარეთ, სანამ არ მივაღწევთ ქედს (სათადარიგო ბანაკი). ქედზე შევდივართ და მივდივართ მწვერვალისკენ, სადაც კრიშის დაცემის საშიშროება არსებობს. აქედან მარცხნივ 20-25 გრადუსით ვუხვევთ და შევდივართ თოვლ-ქვის კულუარში, რომელიც გაყოფილია ტერასებად მარტივი ვერტიკალური კედლებით (სირთულე- 4ა) (კრიშის დაცემის საშიშროება). კულუარი მივიყვანსSlope-ისკენ, სადაც გარნილია ძველი კარავების ნარჩენები (სათადარიგო ბანაკი). აქედან ქედზე მიგვიყვანს 50 მ სიმაღლის კედელი (სირთულე- 4ბ).<br />\n<strong>ბანაკი 2</strong> (4180 მ.) მდებარეობს ამ კედელზე (ფოტო 2, ფოტო 4).</p>\n\n<p><strong>ბანაკი 2</strong> (4180 მ.)-დან მწვერვალის მიმართულებით, 30 მეტრში ვხვდებით 50 მ სიმაღლის ვერტიკალურ კედელს (სირთულე 5ბ) (ფიგ. 3). კედლის წვერზე ვხვდებით პატარა პლატფორმას და მარცხნივ 20-25 გრადუსით ვუხვევთ თოვლ-ქვის კულუარში (მხრ-60-70 გრადუსი), რომელიც მცირე ბორცვთან გადადის. 400-500 მეტრიანი ქედი (სირთულე 3A) მიგვიყვანს მწვერვალზე. ქედი გაყოფილია ტერასებად, რომელზეც ერთ-ერთზე აღმოვაჩენთ მემორიალურ დაფას.</p>\n', '', '', '<p>.</p>\n', '', NULL, NULL, NULL, '2026-01-22 14:05:38'),
(349, 'us', 'SOUTH USHBA: BY SOUTHEASTERN COUNTERFORT. (Gabrieli Route)', '<p>TD+ 1600m 6C+ 4 Day (5-B; UIAA)</p>\n', '<p>First ascent 1937</p>\n', '<p>SOUTH USHBA: BY SOUTHEASTERN COUNTERFORT. (GABRIEL) (5-B; UIAA) From the church of abandoned Guli Village we head towards the farms, then by grassy slope we follow the left bank of Gulitskali River, in 2-3 hours cross the river and get to the overnight base at the foot of moraine. CAMP-1</p>\n\n<p>From CAMP-1 2900 m. we go to moraine and enter into the western snow couloir (danger of stone fall). We do not follow couloir to the end - in 300-400 m we turn to the right and get to the stony platform, from which we traverse to the east, before we reach the ridge (reserve overnight stop). We follow the ridge towards the summit and get to the board (danger of stone fall). From here we turn to the left by 20-25 degrees and enter the snow-rock couloir, which is divided into the terraces with the simple vertical walls (hard- 4a) (danger of stone fall). The couloir leads us to the slope, where we can ob- serve the remainders of old tent (reserve overnight stop). From here we fol- low the ridge to the north and get to the bulwark of 50 m height (hard - 4b). CAMP-2 4180 m. is on the top of this bulwark. (Photo 2, Photo 4).</p>\n\n<p>From CAMP-2 4180 m. in the direction of summit, in 30 meters the vertical wall of 50 meters height stands (hard 5b) (Fig. 3). On the top of the wall we get to little platform and turning to the left by 20-25 degrees enter the snow-rock couloir (Inclination 60-70 degrees), from which, passing the little saddle, we get to the ridge. 400-500 meters long ridge (hard 3A) leads us to the summit. The ridge is divided into the terraces, at one of which we can observe the memorial plate.</p>\n', '', '', '<p>.</p>\n', '', NULL, NULL, NULL, '2026-01-22 14:05:38'),
(350, 'ka', 'ბერძიუგინის მარშრუტი', '<p>.9</p>\n', '<p>.</p>\n', '<p>.</p>\n', '', '', '<p>.</p>\n', '', NULL, NULL, NULL, NULL),
(351, 'us', 'Berdiugin route', '<p>.</p>\n', '<p>.</p>\n', '<p>.</p>\n', '', '', '<p>.</p>\n', '', NULL, NULL, NULL, NULL),
(352, 'ka', 'ჩრდილოეთ უშბა (მიშლიაევის მარშრუტი)', '<p>.</p>\n', '<p>.</p>\n', '<p>.</p>\n', '', '', '<p>.</p>\n', '', NULL, NULL, NULL, '2025-06-19 23:39:23'),
(353, 'us', 'South Ushba (Mishliaev route)', '<p>.</p>\n', '<p>.</p>\n', '<p>.</p>\n', '', '', '<p>.</p>\n', '', NULL, NULL, NULL, '2025-06-19 23:39:23'),
(354, 'ka', 'მწვერვალი რჩეულიშვილის კლასიკური მარშრუტი.', '<p>F (1A RUSS)</p>\n', '<p>ეს მარშრუტი ჭაუხში ერთერთი ყველაზე მარტივია. იდეალურია დამწყებებისთვის და იმათთვის ვინც ეხლა იწყებს ალბინიზმთან გაცნობას.</p>\n', '<p>მარშრუტს ვიწყებთ მეორე საბანაკედან, აქედან მივემართებით სამხრეთით. (ცირკის შესასვლელს ვუვლით მარცხნივ)</p>\n\n<p>ნაშალი ფერდით შევდივართ ქვიან ყედზე. აქედან მივემართებით მარჯვნივ (დასავლეთით).&nbsp; დასაწყისში ქედი თითქმის სწორია და მხოლოდ ბოლო მონაკვეთები არის შედარებით ციცაბო.&nbsp; მივყვებით ქედს სანამ არ გავალთ მწვერვალამდე.</p>\n\n<p>დაშვებას ვახორციალებთ იგივე მარშრუტით.</p>\n\n<p><strong>მარშრუტის ხანგრძლიობა</strong></p>\n\n<p>4-5 საათი მეპრე საბანაკიდან.</p>\n\n<p>6-8 საათი პირველი საბანაკიდან (ჭაუხის საბაზო ბანაკიდან)</p>\n', '', '', '<p>მარშრუტზე არ გვხვდება ციცაბო საცოცი მონაკვეთები ამიტომაც მარშრუტზე ვმოძრაობთ ერთდროულად, ჩაბმული თოკით. დამატებით დაცვების გაკეთება არ არის აუცილებელი.</p>\n\n<p><strong>მარშრუტზე დაგჭირდებათ:</strong></p>\n\n<ol>\n	<li>თოკი 40-50მ</li>\n	<li>დაცვის ქამარი</li>\n	<li>ჩაფხუტი</li>\n	<li>მარშრუტზე თოვლის არსებობისას წრიაპი და წერაყინი</li>\n	<li>ჭბილი ტანსაცმელი</li>\n</ol>\n', '', NULL, NULL, NULL, '2025-05-31 23:54:36'),
(355, 'us', 'Rcheulishvili Summit Classic Route', '<p>F (1A RUSS)</p>\n', '<p>This route is one of the easiest in the Chaukhi region. It is ideal for beginners and for those who are just getting introduced to mountaineering.</p>\n', '<p>We start the route from the second camp and head south from there. (We bypass the entrance to the cirque on the left side.)</p>\n\n<p>We enter a rocky ridge via a scree slope. From there, we head right (west). In the beginning, the ridge is almost flat, and only the final sections are relatively steep. We follow the ridge all the way to the summit.</p>\n\n<p>The descent is done via the same route.</p>\n\n<p><strong>Route duration:</strong><br />\n4&ndash;5 hours from the second camp.<br />\n6&ndash;8 hours from the first camp (Chaukhi base camp).</p>\n', '', '', '<p>There are no steep climbing sections on the route, so we move simultaneously while roped together. Placing additional protection is not necessary.</p>\n\n<p><strong>You will need the following equipment for the route:</strong></p>\n\n<ol>\n	<li>\n	<p>Rope (40&ndash;50 meters)</p>\n	</li>\n	<li>\n	<p>Climbing harness</p>\n	</li>\n	<li>\n	<p>Helmet</p>\n	</li>\n	<li>\n	<p>Crampons and ice axe (in case of snow on the route)</p>\n	</li>\n	<li>\n	<p>Weather-appropriate layered clothing</p>\n	</li>\n</ol>\n', '', NULL, NULL, NULL, '2025-05-31 23:55:35'),
(356, 'ka', 'რჩეულიშვილის მწვერვალი ჩრდილოეთიდან', '<p>&nbsp;AD (3A RUSS)</p>\n', '<p>.</p>\n', '<p>.</p>\n', '', '', '<p>.</p>\n', '', NULL, NULL, NULL, '2025-05-31 23:55:18'),
(357, 'us', 'Rcheulishvili Summit From North', '<p>&nbsp;AD (3A RUSS)</p>\n', '<p>Category UIAA</p>\n\n<p>UIAA: 3А</p>\n\n<p>Number of days</p>\n\n<p>1 days</p>\n\n<p>Vertical drop</p>\n\n<p>344 vertical meters</p>\n\n<p>Maximum height</p>\n\n<p>3642 m.</p>\n\n<p>Activity type</p>\n\n<p>Rock climbing</p>\n\n<p>Difficulty level</p>\n\n<p>Moderate</p>\n\n<p>Duration</p>\n\n<p>4-5 hours</p>\n\n<p>Distance</p>\n\n<p>1 km</p>\n\n<p>Description of the route</p>\n\n<p>From the Javakhishvili circus at the same time move on the walking stone fallen and snowy couloir on the very left side at the bottom of wall. At the same time climb the third difficulty path without security to the small rocky couloirs. Again cross a couloirs gently on the right side and get on the small site balcony of the dismissed rock. From here to the direction of the peak are some Fireplaces, which are the same difficulty-4.</p>\n\n<p>Additional Information</p>\n\n<p>Chaukhi Mountains are located in Khevsureti province. Nearest village is Juta. Rocky mountains are erected from green alpine meadows. Mountaneering rotes are very close from Base camp (CAMP-1). Here in very small massive climbers can find all kind of routes interesting as for beginners also for high professionals.</p>\n\n<p>&nbsp;</p>\n\n<p><a href=\"https://gudauri.travel/en/board/backcountry-skiing-gudauri-kazbegi/mountaineering-climbing/330.html\">https://gudauri.travel/en/board/backcountry-skiing-gudauri-kazbegi/mountaineering-climbing/330.html</a></p>\n', '<p>.</p>\n', '', '', '<p>.</p>\n', '', NULL, NULL, NULL, '2025-05-31 23:55:18'),
(358, 'ka', 'ჩრდილოეთ უშბა (მიშლიაევის მარშრუტი)', '<p>.</p>\n', '<p>.</p>\n', '', '', '', '', '', NULL, NULL, NULL, '2025-06-19 23:34:50'),
(359, 'us', 'South Ushba (Mishliaev Roure)', '<p>.</p>\n', '<p>&nbsp;</p>\n\n<p>Approach is almost the same as to the route of Gabriel. Collaboration with Georgians is inevitable for climbing this route. Otherwise you will be robbed many times before you reach the Mountain.</p>\n\n<p>&nbsp;</p>\n\n<p>First time this route has been climbed by L. Myshliaev team 28 July 1960. It took 17 days to climb this route for the fist climbers.<br />\n&nbsp;</p>\n\n<p>From the left side of the Lower Ledge of the Middle Rock Belt of the West Ridge climb up 240-260 m taking a little to the right by vertical and very difficult rocks (smooth faces, corners, chimneys, overhanging and cornices) of the big corner-chimney of the left side of the main bastion of the Middle Rock Belt (mostly aid climbing).<br />\nBy the icy 30-meters couloir climb to the Upper snow-ice slope of the NW Face. From here 120-150 meters up and to the right by the steep slope with projecting rock slabs move to the beginning of the rock face in the Upper part of the West Ridge. From the Lower ledge (beginning of the route) four days of hard aid climbing.<br />\n<br />\nFrom the beginning of the rock face in the Upper part of the West Ridge climb up 350-380 m. by the vertical and partly overhanging rock (sleeping in hammocks) to the beginning of the Upper snow-ice slope of the NW Face.<br />\nBy this slope climb up to the rock face in the Upper part of the W Ridge.<br />\nFrom here climb 60 m. by the steep couloir (6+) to the small flat ledge.<br />\nFrom this ledge climb up by the very difficult icy chimney (aid-climbing) then 20 m up by the difficult wet rock face (attention - loose rocks) climb the West Ridge above the Middle Rock Belt.<br />\nFrom the Ridge traverse the snow-ice slope 60-80 m to the right to the rock crest near the Red Corner.<br />\nFrom the Red Corner climb the difficult small (3-4 m) rock face and then climb by the steep rocks of the Crest (average difficulty) 150 m up to the beginning of the SW Ridge of the Summit Rock Belt.<br />\nFrom the Crest, by the 4-6 m rock face climb to the slanted smooth rock platform 3x4 m.<br />\nFrom this platform climb up 15-20 meters by the SW Ridge. Then there is a very difficult traverse 10-12 m (aid climbing) and then climb up 15-20 m by the hard vertical corner to the ledge. By the slanting rocks of this ledge climb up and right, then 25-30 m up and left and then by difficult chimney climb the &quot;Roof of Ushba&quot;.<br />\nBy the simple rocks climb to the small flat place where bivouac is possible. From the Red Corner 8-10 hours.<br />\nFrom the bivouac climb up by easy and average difficulty rocks 200-250 m to the W Ridge. By the easy and average difficulty rocks of the W Ridge climb the Summit of the S Ushba.</p>\n\n<p>&nbsp;</p>\n\n<p>The route is not equipped. There are some gear (bolts and pitons) left on the route by the first climbers 30 years ago, but I do not recommend to use it.<br />\nRopes, crampones, technical ice axes, snow stakes, pitons, hummers, bolts and drills, icescrews. Planform for sleeping on the rock.<br />\nClimbing this route takes 5-8 day depending on the weather conditions.</p>\n\n<p>&nbsp;</p>\n\n<p><a href=\"https://www.summitpost.org/myshliaev-route-south-ushba/164738\">https://www.summitpost.org/myshliaev-route-south-ushba/164738</a></p>\n', '', '', '', '', '', NULL, NULL, NULL, '2025-06-19 23:34:50'),
(360, 'ka', 'შხარა მთავარი: სამხრეთ-აღმოსავლეთის ფერდობის მარჯვენა კონტრფორტით (ბეკნუ)', '<p>&nbsp;(5-B; UIAA)</p>\n', '<p>.</p>\n', '<p>.ჯიბიანის სოფლიდან (2100 მ) (უშგული) გავდივართ შხარას მყინვარის მიმართულებით. მარცხნიდან ავდივართ მყინვარზე და მივდივართ თოვლ-ყინულის ციცაბო ფერდობამდე, საიდანაც მივდივართ ქვედა კლდოვანი ზოლის მარჯვენა კონტრფორსზე. გავდივართ ჩანჩქერს მარჯვნიდან და ვხვდებით შვერილზე, რომელიც შედგება 180-200 მეტრი სიმაღლის კლდოვანი კედლებისგან, საშუალოზე მაღალი სირთულის. ამის შემდეგ, CAMP-1-დან (2280 მ) გასვლიდან დაახლოებით 8-10 საათში ვაგრძელებთ აღმასვლას მარჯვნივ და საშუალო სირთულის თოვლ-კლდოვანი ფერდობებით (სიმაღლე - 250-300 მ) მივდივართ ბანაკის ადგილამდე.</p>\n\n<p>&nbsp;</p>\n\n<p>CAMP-2-დან (3680 მ) ვბრუნდებით მარჯვნივ და კონტრფორსის თოვლ-კლდოვანი ფერდობებით მივდივართ კლდოვან სამკუთხედამდე, რომელსაც ვუქცევთ მარჯვნიდან და გავდივართ კულუარში. ვტრავერსდებით კულუარში მარჯვნივ და ვაგრძელებთ 250-300 მეტრს რთულ გამყინვარებულ კლდეებზე, ყინულის ფერდობებსა და ჩამოკიდებულ კლდეებზე. ამის შემდეგ გავდივართ საშუალო და მაღალი სირთულის თოვლ-კლდოვანი მონაკვეთებით, სანამ მივაღწევთ 100-200 მეტრიან თოვლ-ყინულის რკალს. აქ არის ბანაკის ადგილი &ndash; CAMP-3 (4200 მ). CAMP-2-დან CAMP-3-მდე მიღწევა გრძელდება დაახლოებით 8-10 საათი.</p>\n\n<p>&nbsp;</p>\n\n<p>CAMP-3-დან (4200 მ) გვხვდება 400-600 მეტრი სიმაღლის საშუალოზე მაღალი სირთულის კლდეები, რომლებიც მიგვიყვანს 100-120 მეტრიან თოვლ-ყინულის რკალამდე. აქ, CAMP-3-დან დაახლოებით 6-8 საათიანი ცოცვის შემდეგ, შესაძლებელია ბანაკის გაშლა &ndash; CAMP-4 (4720 მ). CAMP-4-დან (4720 მ) ვიწყებთ 35-40 მეტრი სიმაღლის რთული ციცაბო კედლის ცოცვას, რის შემდეგაც საშუალოზე მაღალი სირთულის თოვლ-კლდეებითა და თოვლ-ყინულის ფერდობებით მივდივართ შხარას მასივის მთავარ რკალზე. ამ მარტივი თოვლ-ყინულის რკალით ვგრძელებთ მარჯვნივ და მივდივართ შხარას მწვერვალზე CAMP-4-დან გასვლის შემდეგ დაახლოებით 10-12 საათში</p>\n\n<p>&nbsp;</p>\n\n<div data-oembed-url=\"https://www.google.com/maps/d/embed?mid=1cxTf-DhRcLzg0MUuJ1TcwntAgB3SYks&amp;ehbc=2E312F\">\n<div>\n<div style=\"left: 0; width: 100%; height: 0; position: relative; padding-bottom: 75%;\"><iframe allowfullscreen=\"\" src=\"//if-cdn.com/x0U5nQpE\" style=\"top: 0; left: 0; width: 100%; height: 100%; position: absolute; border: 0;\" tabindex=\"-1\"></iframe></div>\n</div>\n</div>\n', '', '', '', '', NULL, NULL, NULL, '2025-06-02 20:51:40'),
(361, 'us', 'SHKHARA MTAVARI: BY RIGHT COUNTERFORT OF SOUTHEASTERN SLOPE (BEKNU)', '<p>(5-B; UIAA)</p>\n', '<p>.</p>\n', '<p>From the Jibiani Village (2100 m.) (Ushguli) we follow the road towards the Shkhara Glacier. We step on the glacier from the left and get to the steep snow-ice slope, from which we reach the right counterfort of the lower rocky belt. We pass the waterfall from the right and get to the ledge by 180-200 m height rocks of the higher then medium difficulty. After this, in about 8-10 hours from departing CAMP-1 2280 m. we continue ascending to the right and by the medium difficulty snow rocks (height - 250-300 m.) get to the camping place</p>\n\n<p>From CAMP-2 3680 m. we turn to the right and by the snow rocks of counterfort we get to the rock triangle, which we bypass from the right and follow<br />\nto the couloir. We traverse the couloir to the right and continue for 250-300 by difficult frosted rocks, ice slopes and hanging rocks. Following this, we go by medium and high difficulty snow rocks till we reach 100-200 m long snowice ridge. There is a camping place at the ridge - CAMP-3 4200 m. It takes 8-10 hours to get from CAMP-2 3680 m. to CAMP-3 4200 m. From CAMP-3 4200 m. the higher then medium difficulty rocks of 400-600m height lead us to 100-120 m long snow-ice ridge. Here, at 6-8 hours climbing distance from the CAMP-3 4200 m. we can find camping place &ndash; CAMP-4<br />\n4720 m. From CAMP-4 4720 m. we shall climb 35-40 m high difficulty vertical wall, after which, by the higher then medium difficulty snow rocks and snow-ice slope, we get to the main ridge of Shkhara Massive. We follow this simple snow-ice ridge to the right and get to Shkhara Summit in about 10-12 hours after departing from CAMP-4 4720 m.</p>\n\n<p>&nbsp;</p>\n\n<div data-oembed-url=\"https://www.google.com/maps/d/embed?mid=1cxTf-DhRcLzg0MUuJ1TcwntAgB3SYks&amp;ehbc=2E312F\">\n<div>\n<div style=\"left: 0; width: 100%; height: 0; position: relative; padding-bottom: 75%;\"><iframe allowfullscreen=\"\" src=\"//if-cdn.com/x0U5nQpE\" style=\"top: 0; left: 0; width: 100%; height: 100%; position: absolute; border: 0;\" tabindex=\"-1\"></iframe></div>\n</div>\n</div>\n', '', '', '', '', NULL, NULL, NULL, '2025-06-02 20:51:40'),
(362, 'ka', 'ორწვერის კლასიკური მარშრუტი', '<p>PD+ (2B RUSS)</p>\n', '<p>.</p>\n', '<p>მარშრუტი იწყება მაილის პლატოს ქვედა მონაკვეთიდან, სადაც გერგეტის მყინვარი ჩრდილოეთისკენ უხვევს. იქიდან მარშრუტი მიდის ჩრდილო-დასავლეთის თოვლიან და ყინულოვან ფერდზე (მაქს ~40 გრადუსი) ქედამდე.<strong> გაითვალისწინეთ ნაპრალების საშიშროება!</strong> იქიდან მივყვებით ქედს. (მარშრუტი მარტივად გასარკვევია) მარშრუტი მთლიანად თოვლზეა და საჭიროა შესაბამისი აღჭურვილობა.</p>\n\n<p>მიუხედავად იმისა, რომ მარშრუტი საკმაოდ მარტივია ნუ დაივიწყებთ მთის საფრთხეებს, როგორიცაა ცუდი ხილვადობა, ძლიერი თოვლი ან ძლიერი ქარი რჩება შესაძლებელი, ასე რომ იყავით ფხიზლად.</p>\n\n<p>მარშრუტისთთვის საჭირო დრო 5-6 საათი</p>\n', '', '', '', '', NULL, NULL, NULL, '2024-12-22 19:59:36'),
(363, 'us', 'Mt. Ortsveri Clasic Route', '<p>PD+ (2B RUSS)</p>\n', '<h2>.</h2>\n', '<p>The standard route begins at the lower section of the Maili Plateau, where the Gergeti Glacier curves to the north. From there, the route ascends the snowy and icy north-west face (maximum incline of ~40&deg;) to the ridge. Be cautious of crevasses! Once on the ridge, the route to the summit is typically straightforward. The entire climb from the refuge (see below) to the top and back takes approximately 4-5 hours. Although this is considered an easy climb, standard mountain hazards such as poor visibility, heavy snowfall, or strong winds may occur, so it&rsquo;s important to stay alert.</p>\n', '', '', '<p>.</p>\n', '', NULL, NULL, NULL, '2025-01-23 01:21:54'),
(366, 'ka', 'ყინულზე ცოცვა მლეთაში (გუდაურთან ახლოს)', '<p>მლეთას ჩანჩქერი კარგი ადგილია ყინულზე ცოცვის კვალიფიკაციის ასამაღლებლად&nbsp;</p>\n', '<p>მლეთას ჩანჩქერი იდეალური ადგილია მათთვის ვისაც სურს კვალიფიკაციის ამაღლება და ახალი გამოცდილების მიღება.</p>\n\n<p>რეგიონი კარგია შედარებით გამოცდილი ალპინესტებისთვის. ვისაც უკვე აქვს გამოცდილება ყინულზე ცოცვის და თოვლში სიარულის.</p>\n', '<p>რეგიონში არის 3 გაყინული ჩანჩწერი. მათგან 2 (უკიდურესი მარჯვენა და უკიდურესი მარცხენა) შედარებით რთულია (WI5), მეტი ვერტიკალური მონაკვეთების გამო. შუა ჩანჩწერი შედარებით მარტივია, (WI4) ახასიათებს მეტი დაწვენი მონაკვეთები და ზედა ნაწილში მეტი თაროები.</p>\n\n<p>ჩანჩქერის ქვემოდან ცოცვამდე კარგად შეამოწმეთ მისი სისქე სათანადო დაცვის გასაკეთებლად. იმ შემთხვევაში თუ არ ხართ დარწმუნებული ყინულის ხარისხში <u><strong>კატეგორიულად დაუშვებელია</strong></u> ქვემოდან ცოცვა.</p>\n\n<p>შესაძლებელია ასევე ზედა დაცვის დაკიდებაც. ამისთვის ჩანჩწერებს უნდა შემოუაროთ მარცხნიდან. კულუარის დაწყებისთანავე უნდა შევყვეთ მარცხენა მხარეს. გზად შეგვხვდება პატარა მდინარე რომლისგანაც უნდა გავიდეთ&nbsp; მარცხნივ (მდინარის კალაპოტს გაყოლა უსაპრთხო არ არის). შემოუაროთ მცირე ბორცვს საიდანაც ვიწყებთ შესვლას მარჯვნივ. პირველ ჩანჩქერს შევხვდებით ძალაინ მალე როლს მარცხენა მხარე (წინა მხრიდან მარჯვენა მხარეს) არის 2 შლამბურზე გამზადებული სადგური. სადგურის მოსაძებნად უნდა დავეშვათ 7-8 მეტრი დიდი ხიდან. (შეარჩიეთ სანდო ხე დასაშვებად.)&nbsp;</p>\n\n<p>შუა ჩანჩქერს სადგური არ აქვ ამიტომაც შესაძლებელია საგდურის აქყობა ხიდან.</p>\n\n<p>უკიდურეს მარცხენა (ქვემოდან მარჯვანა) ჩანჩქერს საგური აქვს მარჯვენა მხარეს. ასევე უნდა დავეშვათ დიდი ხიდან.</p>\n', '<p>რეგიონი მდებარეობს სოფელ დიდ მლეთას და გუდაურს შორის. მასთან მისასვლელად სოფელ მლეთადან უნდა გავემართოდ გუდაურის მიმართულებით. სერპანტინის დაწყების შემდეგ ფირველივე მოსახვევში ვუხვევთ მარცხენა მხარეს (გუდაურისკენ მიმავალი გზის საპირისპირო მიმართულებით). აქედან მივყვებით 2.5 კილომეტრი გრუნტის გზას (აუცილებელია ზამთრის საბურავების ქონა). 2,5 კილომეტრის შემდეგ მარცხენა მხარეს დავინახავთ საპარკინგე ზონას და მარჯვენა მხარე 3 გაყინულ ჩანჩქერს. (მეტი თვალსაჩინოებისთვის იხილეთ რუკა)</p>\n\n<p>აქ ვტოვებთ მანქანას და მივყვენით ფერდს ჩანჩქერებისკენ. ჩანჩქერს (მარცხენა 2 და მარცხე 1)&nbsp; ერთმანეთისგან ყოფს ქედი რომლის გადაკვეთა შესაჩლებელია მხოლოდ შემოვლით ამიტომაც თავიდანვე უნდა გავთვალოთ მიმართულება და შესაბამისად მარცხენა ჩანჩწერებთან მისასვლელად უნდა გავყვეთ ქედის მარცხნივ ფერდს. რომელიც შეგვიყვან კულუარის მსგავს ადგილს, რომელსაც შუაში მიუყვევა მცირე მდინარე და მალევე მივალთ ჩანჩწერთან. ხოლო მარჯვენა ჩანჩქერთან მისასვლელად შევყვეთ ქედის მარჯვენა ფერდს ან მივყვეთ თვითონ ქედის ზედა ნაწილს. (მეტი თვალსაჩინოებისთვის იხილეთ რეგიონის ამსახველი სურათი)</p>\n', '<p>ჩანჩქერი გაყინვას იწყებს დეკემბრის შუის შემდეგ, მაგრამ საუკეთესო დრო საცოცად თებერვლის დასაწყისიდან მარტის პირველი მესამედამდეა.</p>\n', '', '', NULL, NULL, NULL, '2025-01-21 01:44:13'),
(367, 'us', 'Ice Climbing In Mleta (Near Gudauri)', '<p>Mleta Waterfall is a good place for improving ice climbing qualifications.</p>\n', '<p>Mleta Waterfall is an ideal place for those who wish to improve their qualifications and gain new experience.</p>\n\n<p>The region is well-suited for relatively experienced alpinists, especially those who already have experience in ice climbing and walking in the snow.</p>\n', '<p>The region features three frozen waterfalls. Of these, two (the far-right and far-left ones) are relatively more challenging (WI5) due to their steeper, more vertical sections. The middle waterfall is comparatively easier (WI4), characterized by more moderate sections and more ledges in the upper part.</p>\n\n<p>Before starting to climb from the base of the waterfall, be sure to check its thickness carefully to ensure proper protection. If you&#39;re not confident in the quality of the ice, it is strongly advised not to climb from the base.</p>\n\n<p>It is also possible to set up top-rope protection. To do this, you should approach the waterfalls from the left side. Once you begin the couloir, follow the left slope. Along the way, you will encounter a small river, and you must move left to avoid it (following the riverbed is unsafe). Afterward, bypass a small hill from which you will begin your approach to the right side.</p>\n\n<p>You will quickly encounter the first waterfall, and the left side (from the front view, the right side) has two well-placed belay stations. To reach these stations, you must descend about 7-8 meters from a large tree (choose a reliable tree for safety).</p>\n\n<p>The middle waterfall has no built belay station, so you will need to place your own protection as you ascend.</p>\n\n<p>The far-left waterfall (from the base, the rightmost one) has a belay station on the right side. You will also need to descend a large tree to reach this station.</p>\n\n<p>For all waterfalls, ensure that you are cautious with protection placement and always assess the ice conditions carefully before climbing.</p>\n', '<p>The region is located between the village of Mleta and Gudauri. To reach it, you need to head from the village of Mleta towards Gudauri. After the serpentine road begins, take the first turn on the left (opposite direction from the Gudauri-bound road). From there, follow a 2.5 km dirt road (it is necessary to have winter tires). After 2.5 kilometers, you will see a parking area on the left, and on the right, you will find three frozen waterfalls. (For better visibility, please refer to the map.)</p>\n\n<p>Here, you leave your car and head towards the waterfalls along the slope. The waterfalls (left 2 and right 1) are separated by a ridge, which can only be crossed by an alternate route. Therefore, it is important to determine the correct direction from the start. To reach the left waterfalls, follow the left slope of the ridge, which will take you into a couloir-like area, where a small river runs through the middle, and you will quickly reach the waterfalls. To reach the right waterfall, follow the right slope of the ridge or walk along the upper part of the ridge itself. (For better visibility, please refer to the image of the region.)</p>\n', '<p>The waterfall begins to freeze after mid-December, but the best time for climbing is from the beginning of February to the first third of March.</p>\n', '', '', NULL, NULL, NULL, '2025-01-22 00:32:01'),
(368, 'ka', 'ყინულზე ცოცვა ჯუთაში', '<p>.</p>\n', '<p>.</p>\n', '', '', '', '', '', NULL, NULL, NULL, NULL),
(369, 'us', 'Ice Climbing In Juta', '<p>.</p>\n', '<p>.</p>\n', '', '', '', '', '', NULL, NULL, NULL, NULL),
(370, 'ka', 'უშბაზე ექსპედიციის დროს დაიღუპა მთამსვლელი ნიკოლოზ ფალიანი', '<p>.</p>\n', '<p>უშბაზე ექსპედიციის დროს დაიღუპა 29 წლის მთამსვლელი ნიკოლოზ ფალიანი - ინფორმაციას მისი გარდაცვალების შესახებ ოჯახის ახლობლები და მეგობრები ავრცელებენ. უბედური შემთხვევა დღეს, 22 მაისს, მოხდა.</p>\n\n<p>საგანგებო სიტუაციების მართვის სამსახურის ინფორმაციით, უშბაზე ქვეითად გადაადგილდებოდა ოთხი ადამიანი, რომელთაგან ერთი სიმაღლიდან გადავარდა. ნიკა ფალიანის და მისი თანმხლები პირების სამაშველო ოპერაციაში მონაწილეობდა სასაზღვრო პოლიციის ვერტმფრენი.</p>\n\n<p>&quot;მეხანძრე-მაშველების მიერ, 3600 მეტრის სიმაღლეზე, სამაშველო ღონისძიების ფარგლებში მოხდა 3 პიროვნების უვნებლად აყვანა ვერტმფრენში და გარდაცვლილი პიროვნების ცხედრის ნახვა&quot;, - ნათქვამია საგანგებო სიტუაციების მართვის სამსახურის მიერ გავრცელებულ ინფორმაციაში.</p>\n\n<p>საერთაშორისო სერტიფიკატის მქონე მესტიელი სამთო გამყოლი, გიდი და მთამსვლელი ნიკოლოზ ფალიანი სისტემატურად უწევდა ორგანიზებას სათავგადასავლო ტურებს სვანეთის მთებსა და მყინვარებზე.</p>\n', '', '', '', '', '', NULL, NULL, NULL, NULL),
(371, 'us', 'Mountaineer Nikoloz Phaliani Dies During Expedition on Ushba', '<p>.</p>\n', '<p><strong>29-Year-Old Mountaineer Nikoloz Phaliani Dies During Expedition on Ushba</strong></p>\n\n<p>The death of 29-year-old mountaineer Nikoloz Phaliani during an expedition on Ushba has been reported by his family members and friends. The tragic incident occurred today, May 22.</p>\n\n<p>According to the Emergency Management Service, four people were moving on foot on Ushba when one of them fell from a height. A helicopter from the Border Police took part in the rescue operation for Nikoloz Phaliani and his companions.</p>\n\n<p>&quot;Firefighters-rescuers, as part of the rescue operation at an altitude of 3,600 meters, safely evacuated three individuals into the helicopter and located the body of the deceased,&quot; stated the Emergency Management Service.</p>\n\n<p>Nikoloz Phaliani, a mountain guide, adventurer, and internationally certified alpine guide from Mestia, regularly organized adventure tours in the mountains and glaciers of Svaneti.</p>\n', '', '', '', '', '', NULL, NULL, NULL, NULL),
(372, 'ka', 'უშბაზე ექსპედიციის დროს დაიღუპა მთამსვლელი ნიკოლოზ ფალიანი', '<p>.</p>\n', '<p>უშბაზე ექსპედიციის დროს დაიღუპა 29 წლის მთამსვლელი ნიკოლოზ ფალიანი - ინფორმაციას მისი გარდაცვალების შესახებ ოჯახის ახლობლები და მეგობრები ავრცელებენ. უბედური შემთხვევა დღეს, 22 მაისს, მოხდა.</p>\n\n<p>საგანგებო სიტუაციების მართვის სამსახურის ინფორმაციით, უშბაზე ქვეითად გადაადგილდებოდა ოთხი ადამიანი, რომელთაგან ერთი სიმაღლიდან გადავარდა. ნიკა ფალიანის და მისი თანმხლები პირების სამაშველო ოპერაციაში მონაწილეობდა სასაზღვრო პოლიციის ვერტმფრენი.</p>\n\n<p>&quot;მეხანძრე-მაშველების მიერ, 3600 მეტრის სიმაღლეზე, სამაშველო ღონისძიების ფარგლებში მოხდა 3 პიროვნების უვნებლად აყვანა ვერტმფრენში და გარდაცვლილი პიროვნების ცხედრის ნახვა&quot;, - ნათქვამია საგანგებო სიტუაციების მართვის სამსახურის მიერ გავრცელებულ ინფორმაციაში.</p>\n\n<p>საერთაშორისო სერტიფიკატის მქონე მესტიელი სამთო გამყოლი, გიდი და მთამსვლელი ნიკოლოზ ფალიანი სისტემატურად უწევდა ორგანიზებას სათავგადასავლო ტურებს სვანეთის მთებსა და მყინვარებზე.</p>\n', '', '', '', '', '', NULL, NULL, NULL, NULL),
(373, 'us', 'Mountaineer Nikoloz Phaliani Dies During Expedition on Ushba', '<p>.</p>\n', '<p><strong>29-Year-Old Mountaineer Nikoloz Phaliani Dies During Expedition on Ushba</strong></p>\n\n<p>The death of 29-year-old mountaineer Nikoloz Phaliani during an expedition on Ushba has been reported by his family members and friends. The tragic incident occurred today, May 22.</p>\n\n<p>According to the Emergency Management Service, four people were moving on foot on Ushba when one of them fell from a height. A helicopter from the Border Police took part in the rescue operation for Nikoloz Phaliani and his companions.</p>\n\n<p>&quot;Firefighters-rescuers, as part of the rescue operation at an altitude of 3,600 meters, safely evacuated three individuals into the helicopter and located the body of the deceased,&quot; stated the Emergency Management Service.</p>\n\n<p>Nikoloz Phaliani, a mountain guide, adventurer, and internationally certified alpine guide from Mestia, regularly organized adventure tours in the mountains and glaciers of Svaneti.</p>\n', '', '', '', '', '', NULL, NULL, NULL, NULL),
(374, 'ka', 'უშბაზე ექსპედიციის დროს დაიღუპა მთამსვლელი ნიკოლოზ ფალიანი', '<p>.</p>\n', '<p>უშბაზე ექსპედიციის დროს დაიღუპა 29 წლის მთამსვლელი ნიკოლოზ ფალიანი - ინფორმაციას მისი გარდაცვალების შესახებ ოჯახის ახლობლები და მეგობრები ავრცელებენ. უბედური შემთხვევა დღეს, 22 მაისს, მოხდა.</p>\n\n<p>საგანგებო სიტუაციების მართვის სამსახურის ინფორმაციით, უშბაზე ქვეითად გადაადგილდებოდა ოთხი ადამიანი, რომელთაგან ერთი სიმაღლიდან გადავარდა. ნიკა ფალიანის და მისი თანმხლები პირების სამაშველო ოპერაციაში მონაწილეობდა სასაზღვრო პოლიციის ვერტმფრენი.</p>\n\n<p>&quot;მეხანძრე-მაშველების მიერ, 3600 მეტრის სიმაღლეზე, სამაშველო ღონისძიების ფარგლებში მოხდა 3 პიროვნების უვნებლად აყვანა ვერტმფრენში და გარდაცვლილი პიროვნების ცხედრის ნახვა&quot;, - ნათქვამია საგანგებო სიტუაციების მართვის სამსახურის მიერ გავრცელებულ ინფორმაციაში.</p>\n\n<p>საერთაშორისო სერტიფიკატის მქონე მესტიელი სამთო გამყოლი, გიდი და მთამსვლელი ნიკოლოზ ფალიანი სისტემატურად უწევდა ორგანიზებას სათავგადასავლო ტურებს სვანეთის მთებსა და მყინვარებზე.</p>\n', '', '', '', '', '', NULL, NULL, NULL, NULL),
(375, 'us', 'Mountaineer Nikoloz Phaliani Dies During Expedition on Ushba', '<p>.</p>\n', '<p><strong>29-Year-Old Mountaineer Nikoloz Phaliani Dies During Expedition on Ushba</strong></p>\n\n<p>The death of 29-year-old mountaineer Nikoloz Phaliani during an expedition on Ushba has been reported by his family members and friends. The tragic incident occurred today, May 22.</p>\n\n<p>According to the Emergency Management Service, four people were moving on foot on Ushba when one of them fell from a height. A helicopter from the Border Police took part in the rescue operation for Nikoloz Phaliani and his companions.</p>\n\n<p>&quot;Firefighters-rescuers, as part of the rescue operation at an altitude of 3,600 meters, safely evacuated three individuals into the helicopter and located the body of the deceased,&quot; stated the Emergency Management Service.</p>\n\n<p>Nikoloz Phaliani, a mountain guide, adventurer, and internationally certified alpine guide from Mestia, regularly organized adventure tours in the mountains and glaciers of Svaneti.</p>\n', '', '', '', '', '', NULL, NULL, NULL, NULL),
(376, 'ka', 'უშბაზე ექსპედიციის დროს დაიღუპა მთამსვლელი ნიკოლოზ ფალიანი', '<p>.</p>\n', '<p>უშბაზე ექსპედიციის დროს დაიღუპა 29 წლის მთამსვლელი ნიკოლოზ ფალიანი - ინფორმაციას მისი გარდაცვალების შესახებ ოჯახის ახლობლები და მეგობრები ავრცელებენ. უბედური შემთხვევა დღეს, 22 მაისს, მოხდა.</p>\n\n<p>საგანგებო სიტუაციების მართვის სამსახურის ინფორმაციით, უშბაზე ქვეითად გადაადგილდებოდა ოთხი ადამიანი, რომელთაგან ერთი სიმაღლიდან გადავარდა. ნიკა ფალიანის და მისი თანმხლები პირების სამაშველო ოპერაციაში მონაწილეობდა სასაზღვრო პოლიციის ვერტმფრენი.</p>\n\n<p>&quot;მეხანძრე-მაშველების მიერ, 3600 მეტრის სიმაღლეზე, სამაშველო ღონისძიების ფარგლებში მოხდა 3 პიროვნების უვნებლად აყვანა ვერტმფრენში და გარდაცვლილი პიროვნების ცხედრის ნახვა&quot;, - ნათქვამია საგანგებო სიტუაციების მართვის სამსახურის მიერ გავრცელებულ ინფორმაციაში.</p>\n\n<p>საერთაშორისო სერტიფიკატის მქონე მესტიელი სამთო გამყოლი, გიდი და მთამსვლელი ნიკოლოზ ფალიანი სისტემატურად უწევდა ორგანიზებას სათავგადასავლო ტურებს სვანეთის მთებსა და მყინვარებზე.</p>\n', '', '', '', '', '', NULL, NULL, NULL, NULL),
(377, 'us', 'Mountaineer Nikoloz Phaliani Dies During Expedition on Ushba', '<p>.</p>\n', '<p><strong>29-Year-Old Mountaineer Nikoloz Phaliani Dies During Expedition on Ushba</strong></p>\n\n<p>The death of 29-year-old mountaineer Nikoloz Phaliani during an expedition on Ushba has been reported by his family members and friends. The tragic incident occurred today, May 22.</p>\n\n<p>According to the Emergency Management Service, four people were moving on foot on Ushba when one of them fell from a height. A helicopter from the Border Police took part in the rescue operation for Nikoloz Phaliani and his companions.</p>\n\n<p>&quot;Firefighters-rescuers, as part of the rescue operation at an altitude of 3,600 meters, safely evacuated three individuals into the helicopter and located the body of the deceased,&quot; stated the Emergency Management Service.</p>\n\n<p>Nikoloz Phaliani, a mountain guide, adventurer, and internationally certified alpine guide from Mestia, regularly organized adventure tours in the mountains and glaciers of Svaneti.</p>\n', '', '', '', '', '', NULL, NULL, NULL, NULL),
(378, 'ka', 'აილამა 1', '<p>.</p>\n', '<p>.</p>\n', '', '', '', '', '', NULL, NULL, NULL, NULL),
(379, 'us', 'Ailama 1', '<p>.</p>\n', '<p>.</p>\n', '', '', '', '', '', NULL, NULL, NULL, NULL),
(380, 'ka', 'აილამა 2', '<p>.</p>\n', '<p>.</p>\n', '', '', '', '', '', NULL, NULL, NULL, NULL),
(381, 'us', 'Ailama 2', '<p>.</p>\n', '<p>.</p>\n', '', '', '', '', '', NULL, NULL, NULL, '2025-06-17 13:06:33');
INSERT INTO `locale_articles` (`id`, `locale`, `title`, `short_description`, `text`, `route`, `how_get`, `best_time`, `what_need`, `info`, `price_text`, `address`, `created_at`, `updated_at`) VALUES
(382, 'ka', 'მყინვარწვერი აღმოსავლეთ ქედიდან', '<p>AD+, WI 3, 1200m, (3B RUSS)</p>\n', '<p>მყინვარწვერის აღმოსავლეთ ქედის მარშრუტი ერთ-ერთი ყველაზე საინტერესო და პოპულარული გზაა კლასიკური მარშრუტის შემდეგ.</p>\n\n<p>მარშრუტი კარგად შეეფერება საშუალო დონის ალპინისტებს. გაითვალისწინეთ, რომ ასვლამდე აუცილებელია კარგი აკლიმატიზაციის გავლა.</p>\n', '<p>მარშრუტი იწყება ბეთლემის ქოხიდან (მეტეოსადგურიდან). პირველ ეტაპზე მივდივართ ბეთლემის ეკლესიის მიმართულებით.</p>\n\n<p>ბეთლემის ეკლესიიდან გავდივართ აღმოსავლეთისკენ და შევდივართ დიდ თოვლიან ფერდზე (დაახლ. 25&ndash;30 გრადუსიანი დახრილობა), სადაც ზოგ შემთხვევაში შესაძლებელია მოძრაობა თოკში ჩაუბმელად. ფერდის გავლის შემდეგ მივდივართ კლდოვან მონაკვეთამდე, სადაც სიტუაციის მიხედვით ვარჩევთ უსაფრთხო გასავლელ ხაზს. კლდოვანი მონაკვეთის შემდეგ კვლავ გავდივართ თოვლიან ფერდზე და ვაგრძელებთ ასვლას, სანამ არ მოვხვდებით სამხრეთ ქედზე (&bdquo;პლეჩომდე&ldquo;). ქედის დასაწყისში შესაძლებელია კარვის გაშლა.</p>\n\n<p>ქედიდან ვაგრძელებთ მოძრაობას ჩრდილოეთის ფერდზე (დაახლ. 30&ndash;40 გრადუსიანი დახრილობა). ფერდის დასაწყისამდე აუცილებელია თოკში ჩაბმა. ასვლას ვაგრძელებთ კლდოვან კბილამდე.</p>\n\n<p>ამ ეტაპზე ფერდობი ციცაბო ხდება და გვხვდება ყინულის მონაკვეთები (დაახლ. 40&ndash;45 გრადუსი). შესაძლებელია საჭირო გახდეს ყინულის ბურებით დაცვითი წერტილების მოწყობა ან თოკის გაჭიმვა. ფერდის შუა ნაწილში ასვლის შემდეგ ვხვდებით ნალის ფორმის პატარა პლატოზე. აქედან, მცირე ყინულიანი ფერდის გავლით, გავდივართ დიდ პლატოზე. ამ პლატოდან ჩრდილოეთის მიმართულებით ფერდით მივდივართ მწვერვალზე.</p>\n\n<p><strong>მეტეოდან გასვლის დრო</strong>: ღამის 2 საათი.<br />\n<strong>მარშრუტის ხანგრძლიობა (ბეთლემის ქოხიდან - მწვერვალამდე)</strong>: 8-10 საათი<br />\n<strong>დაშვება</strong>: <a href=\"https://climbing.ge/ka/mountaineering/myinvartsveri_clasic_2a\">დაშვებას ვახორციელებთ კლასიკური მარშრუტით.</a><br />\n<br />\n&nbsp;</p>\n\n<div data-oembed-url=\"https://www.strava.com/activities/14921206429?utm_source=ios_share&amp;utm_medium=social&amp;share_sig=4624BC111751626923&amp;_branch_match_id=1380441986139316198&amp;_branch_referrer=H4sIAAAAAAAAA8soKSkottLXLy4pSixL1EssKNDLyczL1rdIq7IodE409wxNsq8rSk1LLSrKzEuPTyrKLy9OLbJ1zijKz00FANBthjs9AAAA\">\n<div>\n<div style=\"left: 0; width: 100%; height: 0; position: relative; padding-bottom: 52.5%; padding-top: 120px;\"><iframe allowfullscreen=\"\" src=\"//if-cdn.com/Ly0YeXgW?app=1\" style=\"top: 0; left: 0; width: 100%; height: 100%; position: absolute; border: 0;\" tabindex=\"-1\"></iframe></div>\n</div>\n<script async=\"\" charset=\"utf-8\" src=\"//if-cdn.com/embed.js\"></script>\n</div>\n\n<p>&nbsp;</p>\n', '', '', '<ol>\n	<li>ყინულის ინსტრუბენტები</li>\n</ol>\n', '', NULL, NULL, NULL, '2025-07-04 18:41:51'),
(383, 'us', 'Myinvartsveri from the eastern ridge', '<p>AD+, WI 3, 1200m, (3B RUSS)</p>\n', '<p>The route to Mount Kazbek from the eastern ridge is one of the most interesting and popular routes after the classic one.</p>\n\n<p>It is a good route for intermediate-level mountaineers. Keep in mind that proper acclimatization is essential before the ascent.</p>\n', '<p>The route begins at Bethlemi Hut (the meteorological station). From there, we head in the direction of the Bethlehem Church.</p>\n\n<p>From the Bethlehem Church, we go east and enter a large snowy slope (with a 25&ndash;30 degree incline, it is possible to walk without being roped in). We continue toward a rocky section, where depending on the situation, we choose a safe ascent path and then return to a snowy slope. We keep climbing until we reach the southern ridge (up to the &quot;plecho&quot;). (At the beginning of the ridge, it is possible to set up a tent.)</p>\n\n<p>From the ridge, we continue on the northern slope (with a 30&ndash;40 degree incline; roping up is necessary before reaching the start of the slope). We keep moving until we reach a rocky tooth formation.</p>\n\n<p>From here, the slope becomes steeper, and icy sections appear (40&ndash;45 degrees). You may need to set up ice protection using ice screws and/or rope up. We continue climbing through the middle of the slope and enter a horseshoe-shaped plateau. From there, we ascend a small icy slope to reach the large plateau. From the plateau, heading north on a final slope, we reach the summit.</p>\n\n<p><strong>Departure from Meteo Station</strong>: 2:00 AM<br />\n<strong>Route duration (from Bethlemi Hut to the summit)</strong>: 8&ndash;10 hours<br />\n<strong>Descent</strong>: <a href=\"https://climbing.ge/mountaineering/myinvartsveri_clasic_2a\">The descent is done via the classic route.</a><br />\n&nbsp;</p>\n\n<div data-oembed-url=\"https://www.strava.com/activities/14921206429?utm_source=ios_share&amp;utm_medium=social&amp;share_sig=4624BC111751626923&amp;_branch_match_id=1380441986139316198&amp;_branch_referrer=H4sIAAAAAAAAA8soKSkottLXLy4pSixL1EssKNDLyczL1rdIq7IodE409wxNsq8rSk1LLSrKzEuPTyrKLy9OLbJ1zijKz00FANBthjs9AAAA\">\n<div>\n<div style=\"left: 0; width: 100%; height: 0; position: relative; padding-bottom: 52.5%; padding-top: 120px;\"><iframe allowfullscreen=\"\" src=\"//if-cdn.com/Ly0YeXgW?app=1\" style=\"top: 0; left: 0; width: 100%; height: 100%; position: absolute; border: 0;\" tabindex=\"-1\"></iframe></div>\n</div>\n<script async=\"\" charset=\"utf-8\" src=\"//if-cdn.com/embed.js\"></script>\n</div>\n\n<p>&nbsp;</p>\n', '', '', '', '', NULL, NULL, NULL, '2025-07-04 18:41:51'),
(384, 'ka', 'ჭაუხის ტრავერსი', '<p>თემო სამსონაძემ და სოფო ჭელიძემ ჭაუხის სრული ტრავერსი გაიარეს</p>\n', '<p><strong>ჭაუხის მასივი</strong>, რომელსაც ხშირად &bdquo;ქართული დოლომიტები&ldquo; ეწოდება, ცნობილია თავისი სილამაზით და ტექნიკურად რთული მარშრუტებით. მაგრამ ამ საოცარი ხედების მიღმა იმალება ტრავერსი, რომელიც ცოტა ადამიანმა გაბედა სრულად გაევლო. <strong>25-27 ივლისს</strong> ჩვენ გადავწყვიტეთ სწორედ ამ ხაზის გავლა &mdash; <strong>ჭაუხის მასივის სრული ტრავერსი</strong>, <strong>თიკანაძის მწვერვალიდან ჯავახიშვილის მწვერვალამდე</strong>.</p>\n\n<p><strong>სამი ინტენსიური დღის და ორი ღამის</strong> განმავლობაში, გადავკვეთეთ <strong>11 მწვერვალი</strong> &mdash; <strong>9 ცნობილი</strong> და <strong>2 უცნობი ან დაუფიქსირებული</strong>. მარშრუტი მიჰყვებოდა ჭაუხის ქედს.</p>\n\n<p>ყოველი მწვერვალი გვიხსნიდა ყაზბეგის რეგიონის ახალ პერსპექტივას &mdash; ზოგჯერ ოქროსფერი მზის შუქში, ზოგჯერ ღრუბლებსა და ქარში მოქცეული. ღამეები იყო მშვიდი და ვარსკვლავებით სავსე.</p>\n\n<p>ტრავერსი მივუძღვენით ჩვენს მეგობარს, <strong>არჩილ ბადრიაშვილს</strong>, <strong>2015 წელს</strong> არჩილმა <strong>ჭაუხის სრული ტრავერსი მარტომ (სოლო)</strong> გაიარა. &mdash; რაც დღემდე ერთადერთი ტრავერსის გავლა იყო&nbsp;<strong>საპირისპირო მიმართულებით</strong>: ჯავახიშვილიდან თიკანაძისკენ. მისი მიღწევა დღემდე შთააგონებს მთამსვლელების ახალ თაობას &mdash; მათ შორის ჩვენც.</p>\n\n<p>განსაკუთრებული მადლობა ჩემს დას, <strong>ქეთი სამსონაძეს</strong>, რომელმაც უზრუნველყო <strong>წყლის მარაგი</strong> და <strong>კავშირზე ყოფნა</strong> ტრეკის განმავლობაში. მისი დახმარება იყო გადამწყვეტი ჩვენი უსაფრთხოებისა და წარმატებისთვის.</p>\n\n<p>ასევე, უდიდესი პატივისცემა ჩემს პარტნიორს, <strong>Popo Popo</strong>-ს &mdash; თოკისა და გადაწყვეტილების თანაზიარი იყო.</p>\n\n<hr />\n<p>📍 <strong>მარშრუტი:</strong> თიკანაძე &rarr; ჯავახიშვილი<br />\n📆 <strong>დრო:</strong> 25&ndash;27 ივლისი<br />\n🥾 <strong>ხანგრძლივობა:</strong> 3 დღე / 2 ღამე<br />\n⛰️ <strong>წვერები:</strong> სულ 11 (9 ცნობილი, 2 უცნობი)<br />\n🎗️ <strong>ეძღვნება:</strong> არჩილ ბადრიაშვილს</p>\n\n<div data-oembed-url=\"https://www.facebook.com/share/p/1F6JjTHpqJ/\">\n<div style=\"max-width: 640px;\">\n<div style=\"left: 0; width: 100%; height: 0; position: relative; padding-bottom: 50%;\"><iframe allowfullscreen=\"\" src=\"//if-cdn.com/f6kzok4p?app=1\" style=\"top: 0; left: 0; width: 100%; height: 100%; position: absolute; border: 0;\" tabindex=\"-1\"></iframe></div>\n</div>\n<script async=\"\" charset=\"utf-8\" src=\"//if-cdn.com/embed.js\"></script></div>\n\n<p>&nbsp;</p>\n', '', '', '', '', '', NULL, NULL, NULL, '2025-08-14 01:19:42'),
(385, 'us', 'Chaukhi travers', '<p>Temo Samsonadze and Sopo Chelidze as the climbers who completed the Chauki full traverse</p>\n', '<p><strong>The Chauki Massif</strong>, often referred to as the &ldquo;<strong>Georgian Dolomites</strong>,&rdquo; is renowned for its beauty and technically demanding routes. But behind these stunning views lies a traverse that few have dared to complete. <strong>From July 25&ndash;27</strong>, we set out to walk that very line &mdash; the <strong>full traverse of the Chauki Massif</strong>, <strong>from Mt. Tikandze to Mt. Javakhishvili</strong>.</p>\n\n<p>Over the course of <strong>three intense days and two nights</strong>, we crossed <strong>11 summits</strong> &mdash; <strong>9 known</strong> and <strong>2 unknown or undocumented</strong>. The route followed the Chauki ridge.</p>\n\n<p>Each peak revealed a new perspective of the Kazbegi region &mdash; sometimes glowing in golden sunlight, other times shrouded in clouds and wind. The nights were calm and full of stars.</p>\n\n<p>We dedicated the traverse to our friend, <strong>Archil Badriashvili</strong>, who in <strong>2015</strong> completed the <strong>full Chauki traverse solo</strong> &mdash; the only recorded traverse done in the <strong>opposite direction</strong>, from Javakhishvili to Tikandze. His achievement continues to inspire a new generation of mountaineers &mdash; including us.</p>\n\n<p>Special thanks to my sister, <strong>Keti Samsonadze</strong>, who provided <strong>water resupply</strong> and <strong>communication support</strong> throughout the trek. Her help was crucial to our safety and success.</p>\n\n<p>And the deepest respect to my partner, <strong>Popo Popo</strong> &mdash; a true companion in rope and resolve.</p>\n\n<hr />\n<p>📍 <strong>Route:</strong> Tikandze &rarr; Javakhishvili<br />\n📆 <strong>Date:</strong> July 25&ndash;27<br />\n🥾 <strong>Duration:</strong> 3 days / 2 nights<br />\n⛰️ <strong>Summits:</strong> 11 total (9 known, 2 unknown)<br />\n🎗️ <strong>Dedicated to:</strong> Archil Badriashvili</p>\n\n<div data-oembed-url=\"https://www.facebook.com/share/p/1F6JjTHpqJ/\">\n<div style=\"max-width: 6400px;\">\n<div style=\"left: 0; width: 100%; height: 100%; position: relative; padding-bottom: 50%;\"><iframe allowfullscreen=\"\" src=\"//if-cdn.com/f6kzok4p?app=1\" style=\"top: 0; left: 0; width: 100%; height: 100%; position: absolute; border: 0;\" tabindex=\"-1\"></iframe></div>\n</div>\n<script async=\"\" charset=\"utf-8\" src=\"//if-cdn.com/embed.js\"></script></div>\n', '', '', '', '', '', NULL, NULL, NULL, '2025-08-02 15:05:24'),
(386, 'ka', 'მწვერვალ ასათიანის აღმოსავლეთ კედელი უნაგირიდან', '<p>AD 300m (Russ. 3a)</p>\n', '<p>.</p>\n', '', '', '', '', '', NULL, NULL, NULL, '2025-10-31 16:55:24'),
(387, 'us', 'The eastern face of Asatiani Peak from the saddle', '<p>AD 300m (Russ. 3a)</p>\n', '<p>.</p>\n', '', '', '', '', '', NULL, NULL, NULL, '2025-10-31 16:55:24'),
(388, 'ka', 'შხელდა', '<p>.</p>\n', '<p>.</p>\n', '', '', '', '', '', NULL, NULL, NULL, NULL),
(389, 'us', 'Shkhelda', '<p>.</p>\n', '<p>.</p>\n', '', '', '', '', '', NULL, NULL, NULL, NULL),
(390, 'ka', 'ჩათინი', '<p>.</p>\n', '<p>.</p>\n', '', '', '', '', '', NULL, NULL, NULL, NULL),
(391, 'us', 'Chatin', '<p>.</p>\n', '<p>.</p>\n', '', '', '', '', '', NULL, NULL, NULL, NULL),
(392, 'ka', 'ლაილა', '<p>.</p>\n', '<p>.</p>\n', '<p>Georgia Travel</p>\n\n<p>Menu</p>\n\n<p>ენა</p>\n\n<p>&nbsp;</p>\n\n<p>KA</p>\n\n<p>რატომ საქართველო</p>\n\n<p>ადგილები</p>\n\n<p>სანახაობები</p>\n\n<p>ბუნება და თავგადასავლები</p>\n\n<p>სასარგებლო ინფორმაცია</p>\n\n<p>მეტი</p>\n\n<p>Facebook</p>\n\n<p>Instagram</p>\n\n<p>Twitter</p>\n\n<p>Youtube</p>\n\n<p>&nbsp;</p>\n\n<p>ასვლა ლაილაზე (ლაჰილი) - კლასიკური მარშრუტი</p>\n\n<p>მწვერვალ ლაილაზე დამოუკიდებლად ასვლა საშუალო გამოცდილების მქონე ადამიანს შეუძლია. სრულიად გამოუცდელმა მწვერვალი მხოლოდ გამოცდილ გამყოლთან ერთად უნდა დალაშქროს. მარშრუტის სირთულე - 2ა</p>\n\n<p>რეგიონი</p>\n\n<p>სამეგრელო-ზემო სვანეთი</p>\n\n<p>ქალაქი</p>\n\n<p>მესტია</p>\n\n<p>&nbsp;</p>\n\n<p>მარშრუტებში დამატება</p>\n\n<p>ლაილა (ლაჰილი) - მწვერვალის დახასიათება</p>\n\n<p>მწვერვალი ლაილა მესტიის მუნიციპალიტეტში, ლაილჭალის სათავეებში, ზღვის დონიდან 4010 მეტრ სიმაღლეზე მდებარეობს. ის სვანეთის ქედის უმაღლესი წერტილია. მწვერვალი თოვლისა და ყინულის საფარითაა დაფარული. მისგან ჩამონადენი წყლით მყინვარი ლაჰილი წარმოიქმნება.</p>\n\n<p>&nbsp;</p>\n\n<p>მწვერვალი ლაილა იდეალური მწვერვალია დამწყები ალპინისტებისთვის.&nbsp;</p>\n\n<p>&nbsp;</p>\n\n<p>პირველი დღე&nbsp;</p>\n\n<p>მარშრუტი სოფელ ცხუმარში იწყება, ზღვის დონიდან 1300 მეტრ სიმაღლეზე. საფეხმავლო ბილიკით ტყის გავლით მივემართებით ლაილას ქედისკენ. ქედის გავლის შემდეგ პირველ საბანაკოზე, ზღვის დონიდან 2800 მეტრზე ვხვდებით. აქედან გზის გავლა ცხენებითაცაა შესაძლებელი. ასავლელი ვერტიკალი 1500 მეტრია, საჭირო დრო - 5-6 საათი.&nbsp;</p>\n\n<p>&nbsp;</p>\n\n<p>მეორე დღე</p>\n\n<p>გამთენიისას პირველი საბანაკოდან მწვერვალისკენ გავდივართ. გზა თოვლითაა დაფარული და ადვილად გასავლელია. მარშრუტს თოკზე ჩაბმულები მივუყვებით. მწვერვალზე 5-10 წუთის დაყოვნების შემდეგ იმავე გზით პირველ საბანაკოში ვბრუნდებით. ასავლელი ვერტიკალი 1200 მეტრია, საჭირო დრო - 6-7 საათი.</p>\n\n<p>&nbsp;</p>\n\n<p>მესამე დღე&nbsp;</p>\n\n<p>საბანაკოდან იმავე გზით ჩამოვდივართ სოფელ ცხუმარში. უამინდობისა და გართულებული აკლიმატიზაციის შემთხვევისთვის მარშრუტზე 2 სარეზერვო დღეა გათვალისწინებული.&nbsp;</p>\n\n<p>&nbsp;</p>\n\n<p>დამატებითი ინფორმაცია</p>\n\n<p>ლაილაზე ასვლა რეკომენდებულია ივლისის შუა რიცხვებიდან სექტემბრის ბოლომდე.&nbsp;&nbsp;</p>\n\n<p>&nbsp;</p>\n\n<p>მესტიის ცენტრიდან მარშრუტის საწყის წერტილამდე 20 კმ-ია. ადგილზე მისასვლელად მაღალი გამავლობის ავტომობილია საჭირო. მისი დაქირავება მესტიის ავტოსადგურზე შეგიძლია</p>\n', '', '', '', '', NULL, NULL, NULL, '2025-09-07 12:34:29'),
(393, 'us', 'Laila', '<p>.</p>\n', '<p>.</p>\n', '<p>დღე 1 (გასავლელი მანძილი: 10.3 კმ./ 6 სთ. 15 წთ. )</p>\n\n<p>მარშრუტი სოფ. ტვიბერიდან იწყება და საშუალო სირთულის ბილიკით მყინვარ ლაილასკენ მიემართება. გზად შეგხვდებათ მწყემსების რამდენიმე ქოხი, რომელთა სიახლოვესაც არის წყაროები. რამდენიმე კილომეტრის გავლის შემდეგ ბილიკი ჩიჟდის უღელტეხილზე (3200 მ.) ადის, საიდანაც მწ. უშბის მიმართულებით ულამაზესი პანორამა იშლება. უღელტეხილიდან ბილიკი კიდევ ერთ ქოხამდე მიდის, რომლის მიმდებარე ტერიტორიაც პირველი ღამისთევისთვის არის გათვლილი.</p>\n\n<p>&nbsp;</p>\n\n<p>დღე 2 (გასავლელი მანძილი: 9.7 კმ. / 4 სთ. 40 წთ)</p>\n\n<p>საბანაკე ადგილიდან დაახლოებით 2 კმ-ში ბილიკი მყინვარ ლაილას თოვლიან-ყინულოვან საფარამდე მიდის, საიდანაც მარშრუტი რთულ კატეგორიაში გადადის და მისი გავლისას განსაკუთრებული სიფრთხილეა საჭირო. აქედან გზა მარშრუტის უმაღლეს წერტილზე, ჯვრის უღელტეხილზე (3380 მ.) ადის და შემდეგ ქვემო სვანეთში ეშვება. თოვლიან-ყინულოვანი მონაკვეთის გავლის შემდეგ (მონაკვეთის სიგრძე სეზონურად იცვლება და დაახლოებით ორი კილომეტრი გრძელდება) ბილიკი კვლავ საშუალო სირთულის კატეგორიაში გადადის, გზად ჩაუვლის მწყემსების რამდენიმე ქოხს და მომდევნო საბანაკე ადგილამდე მიდის. აქვე დგას მწყემსების ქოხიც.</p>\n\n<p>&nbsp;</p>\n\n<p>დღე 3 (გასავლელი მანძილი: 10 კმ. / 3 სთ 30 წთ)</p>\n\n<p>საბანაკე ადგილიდან, ბილიკი მარტივი სირთულის კატეგორიაში გადადის და მდ. სკილირის ხეობის გავლით, სოფ. მანანაურში ჩადის.</p>\n\n<p>&nbsp;</p>\n\n<p>&nbsp;</p>\n\n<p>Day 1 (Distance: 10.3 km / 6 h 15 m)</p>\n\n<p>The route starts in the village Tviberi and leads to the Mount Laila (the trail on this section is of moderate difficulty). On the way you can find the shepherds&rsquo; huts and springs. After several kilometers, the trail ascends the Chizhdi Pass (3200 m.), from where you can enjoy the most beautiful panorama to the Peak Ushba. Afterwards the trail leads to camping place, where you can find another shepherds hut as well.</p>\n\n<p>&nbsp;</p>\n\n<p>Day 2 (Distance: 9.7 km / 4 h 40 m)</p>\n\n<p>In approximately 2 km. from the camping site, the route leads to the snowy iced cover of the Mount Laila, where the trail becomes of difficult category and requires particular attention. Then the trail leads to the highest point of the route &ndash; Jvari Pass (3380 m.) and descend to Kvemo Svaneti. After passing the icy section (the length of the section alters according to the season and may be extended with two kilometers), the trail becomes of moderate difficulty again and leads to the next camping site.</p>\n\n<p>&nbsp;</p>\n\n<p>&nbsp;</p>\n\n<p>Day 3 (Distance: 10 km / 3 h 30 m)</p>\n\n<p>Starting from the camping site, the trail becomes of easy difficulty and leads to the village Mananauri through the gorge of the river Skileri.</p>\n', '', '', '', '', NULL, NULL, NULL, '2025-09-07 12:37:27'),
(394, 'ka', 'ყურო', '<p>.</p>\n', '<p>.</p>\n', '', '', '', '', '', NULL, NULL, NULL, NULL),
(395, 'us', 'Khuro', '<p>.</p>\n', '<p>.</p>\n', '', '', '', '', '', NULL, NULL, NULL, NULL),
(396, 'ka', 'საცოცი დარბაზების დაკეტვა, ფასების ზრდა და სპორტსმენების უკმაყოფილება თბილისში', '<p>რატომ იზრდება საცოცი დარბაზების ფასი საქართველოში?</p>\n', '<p>საცოცი დარბაზები საქართველოში მეკლდეურობის ერთ-ერთ ყველაზე მძიმე პრობლემად რჩება უკვე მრავალი წლის განმავლობაში. მიუხედავად იმისა, რომ სპორტის ეს მიმართულება ნელ-ნელა იზრდება და ახალგაზრდა თაობაში ინტერესიც მატულობს, თბილისის მასშტაბით არსებული ინფრასტრუქტურა პრაქტიკულად კრიზისულ მდგომარეობაშია. ბოლო ერთი წლის განმავლობაში დედაქალაქში არსებული სამი დარბაზიდან ორი დაიკეტა, ხოლო დარჩენილმა ერთადერთმა დარბაზმა ფასები მნიშვნელოვნად გაზარდა, რამაც სპორტსმენების უკმაყოფილება გამოიწვია.</p>\n\n<h3><strong>ვერის საცოცი დარბაზის დაკეტვა</strong></h3>\n\n<p>2024 წელს დაიკეტა ვერის საცოცი დარბაზი, რომელიც ალპური კლუბის დაქვემდებარებაში ფუნქციონირებდა. დაკეტვის მიზეზი გახდა ჭადრაკის სასახლის შენობის (სადაც დარბაზი იყო განთავსებული) სარეაბილიტაციოდ დახურვა. რეაბილიტაცია ორი წლის განმავლობაში გაგრძელდება და დასრულება 2026 წელს არის დაგეგმილი. უნდა აღინიშნოს, რომ რეაბილიტაციის პროცესში დარბაზის სრული დემონტაჟი და ახლიდან აშენება იგეგმება, რაც დამატებით დროს მოითხოვს და მინიმუმ რამდენიმე წლით აჩერებს სპორტსმენებს ვარჯიშის შესაძლებლობას.</p>\n\n<h3><strong>ვაკის საცოცი დარბაზის დახურვა</strong></h3>\n\n<p>2025 წელს ვაკის საცოცი დარბაზიც დაიხურა. შენობა, სადაც ის ფუნქციონირებდა, ეკონომიკის სამინისტროს ბალანსზე გადავიდა და გასხვისდა, რის შედეგადაც იქ არსებული ყველა სპორტული სექცია დაიხურა. დღეს მიმდინარეობს მოლაპარაკება მეკლდეურობის ფედერაციასა და სპორტის სამინისტროს შორის ახალი შენობის გამოყოფაზე და დარბაზის გადატანაზე, თუმცა კონკრეტული გადაწყვეტილება ჯერ მიღებული არ არის.</p>\n\n<h3><strong>ფასების ზრდა &bdquo;S.K. Lucky&ldquo;-ში</strong></h3>\n\n<p>2025 წლის 2 სექტემბერს, თბილისში დარჩენილმა ერთადერთმა საცოცმა დარბაზმა <strong>S.K. Lucky</strong>-მ ფასები საგრძნობლად გაზარდა. თვიური აბონემენტის ღირებულება 170 ლარიდან 230 ლარამდე გაიზარდა, ხოლო ერთჯერადი ვიზიტის ფასი 30 ლარიდან 40 ლარამდე. აღსანიშნავია, რომ ეს თანხა ბევრ შემთხვევაში აღემატება ევროპის წამყვანი საცოცი დარბაზების ფასებსაც კი. მიუხედავად ამისა, დარბაზის ადმინისტრაციას სპორტსმენების უკმაყოფილების საპასუხოდ საჯარო განმარტება არ გაუკეთებია. ერთადერთი დადებითი გამონაკლისი იყო სტუდენტებისთვის ფასების უცვლელად დატოვება.</p>\n\n<h3><strong>სპორტსმენების უკმაყოფილება და პრობლების სიღრმე</strong></h3>\n\n<p>ფასების ზრდამ და დარბაზების დაკეტვამ სპორტსმენებში მკვეთრი უკმაყოფილება გამოიწვია. აშკარაა, რომ უკონკურენტო პირობებში დარჩენილმა დარბაზმა შექმნილი ვითარება გამოიყენა უფრო მეტი მოგების მისაღებად. შედეგად, თბილისის მეკლდეური საზოგადოება პრაქტიკულად ალტერნატივის გარეშე დარჩა &mdash; ერთი მხრივ, ინფრასტრუქტურის ნაკლებობა, მეორე მხრივ კი ხელოვნურად გაზრდილი ფასები.</p>\n\n<h3><strong>დასკვნა</strong></h3>\n\n<p>დღესდღეობით საცოცი დარბაზების პრობლემა კვლავ ერთ-ერთ უმძიმეს გამოწვევად რჩება საქართველოს მეკლდეურობისთვის. ინფრასტრუქტურული კრიზისი, ფასების ზრდა და ახალგაზრდების ინტერესის დაუკმაყოფილებლობა საფრთხეს უქმნის სპორტის განვითარებას ქვეყანაში. აუცილებელია, რომ სახელმწიფოსა და კერძო სექტორის ერთობლივი ძალისხმევით შეიქმნას გრძელვადიანი სტრატეგია, რომელიც უზრუნველყოფს როგორც ხელმისაწვდომ ინფრასტრუქტურას, ისე სამართლიან ფასებს.</p>\n', '', '', '', '', '', NULL, NULL, NULL, '2025-09-03 13:29:49'),
(397, 'us', 'Closure of climbing gyms, price increases, and athletes\' dissatisfaction in Tbilisi', '<p>Why are climbing gym prices increasing in Georgia?</p>\n', '<p>Climbing gyms have remained one of the most serious problems for Georgian climbing for many years. Although this sport is slowly growing and gaining interest among the younger generation, the infrastructure in Tbilisi is practically in a state of crisis. Over the past year, two of the three gyms in the capital have closed, while the only remaining gym has significantly raised its prices, causing dissatisfaction among athletes.</p>\n\n<h3>Closure of the Vera Climbing Gym</h3>\n\n<p>In 2024, the Vera Climbing Gym, which operated under the Alpine Club, was closed. The reason was the rehabilitation of the Chess Palace building (where the gym was located). Renovation work is scheduled to last two years and be completed in 2026. It should be noted that during this process, the gym will be fully dismantled and rebuilt, which will also take additional time and will deprive athletes of training opportunities for at least several years.</p>\n\n<h3>Closure of the Vake Climbing Gym</h3>\n\n<p>In 2025, the Vake Climbing Gym was also closed. The building where it was located was transferred to the balance of the Ministry of Economy and then privatized, which led to the closure of all sports sections inside the building. Currently, negotiations are underway between the Climbing Federation and the Ministry of Sport to allocate a new building and relocate the gym, but no concrete decision has yet been made.</p>\n\n<h3>Price Increase at <strong>S.K. Lucky</strong></h3>\n\n<p>On September 2, 2025, the only remaining climbing gym in Tbilisi, <strong>S.K. Lucky</strong>, significantly increased its prices. The monthly subscription rose from 170 GEL to 230 GEL, while the one-time visit fee went up from 30 GEL to 40 GEL. It is noteworthy that in many cases these prices exceed those of leading climbing gyms in Europe. Nevertheless, the gym&rsquo;s administration has provided no public explanation in response to the athletes&rsquo; dissatisfaction. The only positive exception is that prices for students have remained unchanged.</p>\n\n<h3>Athletes&rsquo; Dissatisfaction and the Depth of the Problem</h3>\n\n<p>The price increase and the closure of gyms have caused sharp dissatisfaction among athletes. It is evident that, in monopolistic conditions, the remaining gym has exploited the situation to maximize profit. As a result, the climbing community in Tbilisi has been left practically without alternatives &mdash; on the one hand, lacking infrastructure, and on the other, facing artificially inflated prices.</p>\n\n<h3>Conclusion</h3>\n\n<p>Today, the issue of climbing gyms remains one of the most pressing challenges for Georgian climbing. The infrastructure crisis, rising prices, and the unmet interest of the younger generation threaten the development of the sport in the country. It is essential that both the state and the private sector work together to create a long-term strategy that ensures both accessible infrastructure and fair pricing.</p>\n', '', '', '', '', '', NULL, NULL, NULL, '2025-09-03 13:29:49'),
(398, 'ka', 'ასათიანის სვეტი (ბადრიაშვილის მარშრუტი)', '<p>.</p>\n', '<p>.</p>\n', '', '', '', '', '', NULL, NULL, NULL, NULL),
(399, 'us', 'Asatiani column (Badriashvili route)', '<p>.</p>\n', '<p>.</p>\n', '', '', '', '', '', NULL, NULL, NULL, NULL),
(400, 'ka', 'ასათიანის სვეტი (ხაბაზის მარშრუტი)', '<p>.</p>\n', '<p>.</p>\n', '', '', '', '', '', NULL, NULL, NULL, NULL),
(401, 'us', 'Asatiani column (Xabazi route)', '<p>.</p>\n', '<p>.</p>\n', '', '', '', '', '', NULL, NULL, NULL, NULL),
(402, 'ka', 'დრაი თულინგი კაცხში', '<p>.</p>\n', '<p>.</p>\n', '', '', '', '', '', NULL, NULL, NULL, NULL),
(403, 'us', 'Dry tooling in Katskhi', '<p>.</p>\n', '<p>.</p>\n', '', '', '', '', '', NULL, NULL, NULL, NULL),
(404, 'ka', 'ფრაითულინგი ჭიათურაში', '<p>.</p>\n', '<p>.</p>\n', '', '', '', '', '', NULL, NULL, NULL, NULL),
(405, 'us', 'Dry tooling in Chiatura ', '<p>.</p>\n', '<p>.</p>\n', '', '', '', '', '', NULL, NULL, NULL, NULL),
(406, 'ka', 'მწვერვალი დედაენა (გოგრბაშვილი)', '<p>.</p>\n', '<p>.</p>\n', '', '', '', '', '', NULL, NULL, NULL, NULL),
(407, 'us', 'Peak Dedaena (Gogrbashvili)', '<p>.</p>\n', '<p>.</p>\n', '', '', '', '', '', NULL, NULL, NULL, NULL);

-- --------------------------------------------------------

--
-- Table structure for table `locale_bisneses`
--

CREATE TABLE `locale_bisneses` (
  `id` bigint UNSIGNED NOT NULL,
  `locale` varchar(191) CHARACTER SET utf8mb4 COLLATE utf8mb4_unicode_ci DEFAULT NULL,
  `title` varchar(191) CHARACTER SET utf8mb4 COLLATE utf8mb4_unicode_ci DEFAULT NULL,
  `short_description` varchar(191) CHARACTER SET utf8mb4 COLLATE utf8mb4_unicode_ci DEFAULT NULL,
  `text` text CHARACTER SET utf8mb4 COLLATE utf8mb4_unicode_ci,
  `created_at` timestamp NULL DEFAULT NULL,
  `updated_at` timestamp NULL DEFAULT NULL
) ENGINE=InnoDB DEFAULT CHARSET=utf8mb4 COLLATE=utf8mb4_unicode_ci;

--
-- Dumping data for table `locale_bisneses`
--

INSERT INTO `locale_bisneses` (`id`, `locale`, `title`, `short_description`, `text`, `created_at`, `updated_at`) VALUES
(1, 'ka', 'Sveri Adventure Camp', '<p>.</p>\n', '<p>Sveri Adventure Camp მდებარეობს იმერეთის რაიონის ძალიან მომხიბვლელ და ისტორიულ სოფელ სვერში. ქუთაისის საერთაშორისო აეროპორტიდან 113 კმ, მანქანით 1,5 საათი და თბილისიდან 180 კმ, 2 საათის სავალზე. ბანაკი ქალაქ ჭიათურიდან 11 კილომეტრშია. ბანაკის მდებარეობა მონიშნულია ცენტრალურ გზაზე, გზა მთლიანად ჩაფლულია კლდის ხეობაში და ხეობის ბოლოს, გზის მარჯვნივ შეამჩნევთ ბანაკის ნიშანს.</p>\n\n<p>ბანაკს აქვს ყველა საჭირო ინფრასტრუქტურა - ხის კოტეჯები, კარვის ფართი, საერთო სასადილო ოთახი, სამზარეულო, საშხაპე და ტუალეტები, აღჭურვილობის დაქირავება, ჰამაკი, გასართობი ზონა ბატუტით, ცოცვის კედელი, აუზი, მაგიდის ჩოგბურთი, სლეკლინი, ფრისბი, ფრენბურთი და ბადმინტონი. . ბანაკში შესაძლებელია ხის კოტეჯში 7 სტუმრის განთავსება, კარვის ტერიტორიაზე 30 სტუმრის განთავსება. ბანაკიდან 70 მეტრში არის ასვლა ზონა და კლდის გამოქვაბულში არსებული ისტორიული ეკლესია. ბანაკის ირგვლივ 5 კმ-ში არის უამრავი სათავგადასავლო ადგილი, სადაც ჩვენ ვთავაზობთ ტურებს ჩვენს მომხმარებლებს, როგორიცაა კლდეზე ცოცვა, ველოსიპედი, გამოქვაბულის ტური, ლაშქრობა, ნავით ტური, ისტორიული და კულტურული ტური და Via Ferrata ტური, პირველი ექსტრემალური ბილიკი. კავკასიაში.</p>\n\n<h2>კემპინგი</h2>\n\n<p>აღმოაჩინეთ კომფორტული და ხელმისაწვდომი განსახლების ვარიანტების სპექტრი ჩვენს ბანაკში. მიუხედავად იმისა, ეძებთ გუმბათოვანი გუმბათის ფუფუნებას, ხის კოტეჯის რუსტიკულ ხიბლს, თუ კარვებში კემპინგის თავგადასავალს, ჩვენ გვაქვს რაღაც ყველასთვის.</p>\n\n<p><a href=\"https://campingeorgia.ge/camp-services/\">მეტი ინფორმაციისთვის ეწვიეთ ვებგვერდს</a></p>\n\n<h2>VIA FERRATA სვერში</h2>\n\n<p>არის პირველი Via Ferrata პროექტი საქართველოსა და კავკასიის რეგიონში. მდებარეობს სოფელ სვერში, ბანაკიდან 700 მეტრში. Via Ferrata არის მარშრუტი, რომელიც აღჭურვილია ფოლადის თოკებით და რკინის საფეხურებით 70 მეტრი სიმაღლით და 160 მეტრი სიგრძით სრული უსაფრთხოებით. Via Ferrata სვერში უნიკალურ გამოცდილებას სთავაზობს აქტიურ და ექსტრემალურ ავანტიურისტებს. ეს სათავგადასავლო ტური შესანიშნავია მარტო,&nbsp;ოჯახისთვის, ასევე კორპორატიული ვიზიტორებისთვის. ორი მარშრუტი - მარტივი და საშუალო - შესანიშნავია როგორც დამწყებთათვის, ასევე გამოცდილი ავანტიურისტებისთვის.</p>\n\n<div data-oembed-url=\"https://www.viaferrata.ge/\">\n<div>\n<div style=\"left: 0; width: 100%; height: 140px; position: relative;\"><iframe allowfullscreen=\"\" src=\"//if-cdn.com/77aR7hG?app=1\" style=\"top: 0; left: 0; width: 100%; height: 100%; position: absolute; border: 0;\" tabindex=\"-1\"></iframe></div>\n</div>\n<script async=\"\" charset=\"utf-8\" src=\"//if-cdn.com/embed.js\"></script></div>\n\n<p>&nbsp;</p>\n\n<div id=\"gtx-trans\" style=\"position: absolute; left: -11px; top: 200.516px;\">\n<div class=\"gtx-trans-icon\">&nbsp;</div>\n</div>\n', '2023-04-15 02:14:48', '2023-11-20 02:26:30'),
(2, 'ru', 'სვერის სათავგადასავლო ბანაკი', '<p>.</p>\n', '<h1>Sveri Adventure Camp</h1>\n', '2023-04-15 02:14:48', '2023-04-15 02:14:48'),
(3, 'us', 'Sveri Adventure Camp', '<p>Camping and advencher place</p>\n', '<p>Sveri Adventure Camp is located in the very charming and historic village of Sveri in Imereti district. 113 km from Kutaisi International Airport, a 1.5-hour drive,&nbsp;and 180 km from Tbilisi, a 2-hour drive. The camp is 11 km from the city of Chiatura. The location of the camp is marked on the central road, the road is completely immersed in the rock valley and at the end of the valley, you will notice the camp mark to the right of the road.</p>\n\n<p>The camp has all the necessary infrastructure &ndash; wooden cottages, tent area, common dining room, kitchen, shower and toilets, equipment rent, hammock, entertainment zone with trampoline, climbing wall, pool, table tennis, slackline, Frisbee, volleyball, and badminton. The camp can accommodate 7 guests in a wooden cottage and 30 guests in a tent area. 70 meters walk from the camp is the climbing zone and the historic church in the rock cave. Within 5 km around the camp, there are lots of adventure places where we offer tours to our customers, such as rock climbing, cycling, cave tour, hiking, boat tour, historical and cultural tour, and Via Ferrata tour, a first extreme trail in the Caucasus.</p>\n\n<h2>Camp Services</h2>\n\n<p>Discover a range of comfortable and affordable accommodation options at our camp. Whether you&rsquo;re seeking the luxury of a glamping dome, the rustic charm of a wood cottage, or the adventure of tent camping, we have something for everyone.</p>\n\n<p><a href=\"https://campingeorgia.ge/camp-services/\">For more informatione visit ouer website.</a></p>\n\n<h2>VIA FERRATA in SVERI&nbsp;</h2>\n\n<p>is the first-ever Via Ferrata project in the Georgian and Caucasus region. It is located in the village of Sveri, 700 meters from the camp. The Via Ferrata is a route, equipped with steel ropes and iron steps 70 meters high and 160 meters long with full safety. Via Ferrata in Sveri offers a unique experience to active and extreme adventurers. This adventure tour is perfect for solo,&nbsp;family, as well as corporate visitors. Two route &ndash; easy and medium &ndash; is an excellent fit for beginners as well as experienced adventurers.</p>\n\n<div data-oembed-url=\"https://www.viaferrata.ge/\">\n<div>\n<div style=\"left: 0; width: 100%; height: 140px; position: relative;\"><iframe allowfullscreen=\"\" src=\"//if-cdn.com/77aR7hG?app=1\" style=\"top: 0; left: 0; width: 100%; height: 100%; position: absolute; border: 0;\" tabindex=\"-1\"></iframe></div>\n</div>\n<script async=\"\" charset=\"utf-8\" src=\"//if-cdn.com/embed.js\"></script></div>\n\n<p>&nbsp;</p>\n', '2023-04-15 02:14:48', '2023-11-20 02:26:30'),
(4, 'ka', 'Climbing Lizards', '<p>ცოცვის სკოლა ბავშვებისთვის</p>\n', '<h2>&nbsp;</h2>\n\n<p>&ldquo;Climbing Lizards&rdquo; აუტისტური სპექტრის და შეზღუდული შესაძლებლობის მქონე პირთა ცოცვა - სარეაბილიტაციო კლუბი, რომელიც მოიცავს კოგნიტური უნარების განვითარებას.</p>\n\n<p>კლუბის დამფუძნებელი ემილი სამსონიძე, ის პროფესიით ექიმია. წლებია აქტიურად არის დაკავებული მეკლდეურობით და ალპინიზმით. მისი კვლევების შედეგად, თუ რა შედეგებს იწვევს მეკლდეურობა ორგანიზმის და გონების განვითარებაში, სწორედ ეს გახდა მიზეზი კლუბის ჩამოყალიბების, რომელიც 2020 წელს დააფუძნა.</p>\n\n<p>მეკლდეურობა აჯანსაღებს ორგანიზმს, აძლევს სწორ მიმართულებას ძვლოვან სისტემას, ააქტიურებს მოტორულ ფუნქციებს და აქტიურს ხდის მას.</p>\n\n<p>&bdquo;Climbig Lizards&rdquo; - მისი დამფუძნებელი ემილი სამსონიძე 2023 წლის თებერვალში აღიარეს მსოფლიში პირველ ადამიანად, აუტისტური სპექტრის და შეზღუდული შესაძლებლობის მქონე პირთა პირველი კლუბის დაფუძნებაში.</p>\n\n<h2>&nbsp;</h2>\n', '2023-04-15 02:24:17', '2023-04-17 22:15:05'),
(5, 'ru', 'Climbing Lizards', '<p>Школа скалолазания для детей</p>\n', '<p>Клуб скалолазания и реабилитации &quot;Climbing Lizards&quot; для людей с аутистическим спектром и инвалидностью, включающий развитие когнитивных способностей.</p>\n\n<p>Основатель клуба Эмили Самсонидзе, врач по профессии. Много лет активно занимается скалолазанием и альпинизмом. В результате ее исследования влияния скалолазания на развитие тела и разума это стало причиной создания клуба, который она основала в 2020 году.</p>\n\n<p>Скалолазание оздоровляет тело, дает правильное направление костной системе, активизирует двигательные функции и делает их активными.</p>\n\n<p>&laquo;Climbig Lizards&raquo; - ее основательница Эмили Самсонидзе была признана в феврале 2023 года первым человеком в мире, создавшим первый клуб для людей с аутизмом и инвалидностью.</p>\n', '2023-04-15 02:24:17', '2023-04-17 22:15:05'),
(6, 'us', 'Climbing Lizards X', '<p>Climbing school for kids</p>\n', '<h2>&nbsp;</h2>\n\n<p>&ldquo;Climbing Lizards&rdquo; &ndash; climbing and rehabilitation club for people with autistic spectrum and disabilities, that includes the development of cognitive skills.</p>\n\n<p>The founder of the club is Emily Samsonidze, she is a doctor by profession. She has been actively engaged in rock climbing and mountaineering for years. As a result of her research on the effects of rock climbing on the development of the body and mind, this was the reason for the formation of the club, which she founded in 2020.</p>\n\n<p>Rocking makes the body healthy, gives the right direction to the bone system, activates the motor functions and makes it active.</p>\n\n<p>&ldquo;Climbing Lizards&rdquo; &ndash; its founder Emily Samsonidze was recognized in February 2023 as the first person in the world to create the first club for people with autism and disabilities.</p>\n\n<h2>&nbsp;</h2>\n', '2023-04-15 02:24:17', '2024-01-18 18:16:29'),
(7, 'ka', 'კაცხის მცოცავთა სახლი', '<p>კელპინგი მეკლდეურებისთვის</p>\n', '<p>.</p>\n', NULL, NULL),
(8, 'ru', '.', '<p>.</p>\n', '<p>.</p>\n', NULL, NULL),
(9, 'us', 'Katskhi climbing house', '<p>Climbing camping in katskhi</p>\n', '<p>.</p>\n', NULL, NULL),
(10, 'ka', 'კაცხის საცოცი სახლი', '<p>.</p>\n', '<p>.</p>\n', NULL, NULL),
(11, 'ru', '.', '<p>.</p>\n', '<p>.</p>\n', NULL, NULL),
(12, 'us', 'Katskhi climbing house', '<p>.</p>\n', '<p>.</p>\n', NULL, NULL),
(13, 'ka', 'კაცხის საცოცი სახლი', '<p>.</p>\n', '<p>.</p>\n', NULL, NULL),
(14, 'ru', '.', '<p>.</p>\n', '<p>.</p>\n', NULL, NULL),
(15, 'us', 'Katskhi climbing house', '<p>.</p>\n', '<p>.</p>\n', NULL, NULL),
(16, 'ka', 'კაცხის საცოცი სახლი', '<p>.</p>\n', '<p>.</p>\n', NULL, NULL),
(17, 'ru', '.', '<p>.</p>\n', '<p>.</p>\n', NULL, NULL),
(18, 'us', 'Katskhi climbing house', '<p>.</p>\n', '<p>.</p>\n', NULL, NULL),
(19, 'ka', 'სვერის სათავგადასავლო ბანაკი', '<p>კემპინგი აქტიური დასვენებისთვის</p>\n', '<p>Sveri Adventure Camp მდებარეობს იმერეთის რაიონის ძალიან მომხიბვლელ და ისტორიულ სოფელ სვერში. ქუთაისის საერთაშორისო აეროპორტიდან 113 კმ, მანქანით 1,5 საათი და თბილისიდან 180 კმ, 2 საათის სავალზე. ბანაკი ქალაქ ჭიათურიდან 11 კილომეტრშია. ბანაკის მდებარეობა მონიშნულია ცენტრალურ გზაზე, გზა მთლიანად ჩაფლულია კლდის ხეობაში და ხეობის ბოლოს, გზის მარჯვნივ შეამჩნევთ ბანაკის ნიშანს.</p>\n\n<p>ბანაკს აქვს ყველა საჭირო ინფრასტრუქტურა - ხის კოტეჯები, კარვის ფართი, საერთო სასადილო ოთახი, სამზარეულო, საშხაპე და ტუალეტები, აღჭურვილობის დაქირავება, ჰამაკი, გასართობი ზონა ბატუტით, ცოცვის კედელი, აუზი, მაგიდის ჩოგბურთი, სლეკლინი, ფრისბი, ფრენბურთი და ბადმინტონი. . ბანაკში შესაძლებელია ხის კოტეჯში 7 სტუმრის განთავსება, კარვის ტერიტორიაზე 30 სტუმრის განთავსება. ბანაკიდან 70 მეტრში არის ასვლა ზონა და კლდის გამოქვაბულში არსებული ისტორიული ეკლესია. ბანაკის ირგვლივ 5 კმ-ში არის უამრავი სათავგადასავლო ადგილი, სადაც ჩვენ ვთავაზობთ ტურებს ჩვენს მომხმარებლებს, როგორიცაა კლდეზე ცოცვა, ველოსიპედი, გამოქვაბულის ტური, ლაშქრობა, ნავით ტური, ისტორიული და კულტურული ტური და Via Ferrata ტური, პირველი ექსტრემალური ბილიკი. კავკასიაში.</p>\n\n<h2>კემპინგი</h2>\n\n<p>აღმოაჩინეთ კომფორტული და ხელმისაწვდომი განსახლების ვარიანტების სპექტრი ჩვენს ბანაკში. მიუხედავად იმისა, ეძებთ გუმბათოვანი გუმბათის ფუფუნებას, ხის კოტეჯის რუსტიკულ ხიბლს, თუ კარვებში კემპინგის თავგადასავალს, ჩვენ გვაქვს რაღაც ყველასთვის.</p>\n\n<p><a href=\"https://campingeorgia.ge/camp-services/\">მეტი ინფორმაციისთვის ეწვიეთ ვებგვერდს</a></p>\n\n<h2>VIA FERRATA სვერში</h2>\n\n<p>არის პირველი Via Ferrata პროექტი საქართველოსა და კავკასიის რეგიონში. მდებარეობს სოფელ სვერში, ბანაკიდან 700 მეტრში. Via Ferrata არის მარშრუტი, რომელიც აღჭურვილია ფოლადის თოკებით და რკინის საფეხურებით 70 მეტრი სიმაღლით და 160 მეტრი სიგრძით სრული უსაფრთხოებით. Via Ferrata სვერში უნიკალურ გამოცდილებას სთავაზობს აქტიურ და ექსტრემალურ ავანტიურისტებს. ეს სათავგადასავლო ტური შესანიშნავია მარტო,&nbsp;ოჯახისთვის, ასევე კორპორატიული ვიზიტორებისთვის. ორი მარშრუტი - მარტივი და საშუალო - შესანიშნავია როგორც დამწყებთათვის, ასევე გამოცდილი ავანტიურისტებისთვის.</p>\n\n<div data-oembed-url=\"https://www.youtube.com/watch?v=zeExJv0-4Cs&amp;ab_channel=TemoSamsonadze\">\n<div>\n<div style=\"left: 0; width: 100%; height: 0; position: relative; padding-bottom: 56.25%;\"><iframe allow=\"accelerometer *; clipboard-write *; encrypted-media *; gyroscope *; picture-in-picture *; web-share *;\" allowfullscreen=\"\" scrolling=\"no\" src=\"//if-cdn.com/6kmjX8P\" style=\"top: 0; left: 0; width: 100%; height: 100%; position: absolute; border: 0;\" tabindex=\"-1\"></iframe></div>\n</div>\n</div>\n\n<p>&nbsp;</p>\n\n<table border=\"1\" cellpadding=\"1\" cellspacing=\"1\" style=\"width:100%\">\n	<tbody>\n		<tr>\n			<td>#</td>\n			<td>Item</td>\n			<td>ფასი</td>\n		</tr>\n		<tr>\n			<td>1</td>\n			<td>კოტეჯი 1 ადამიანი (13:00 Check in - 12:00 Check out) - 1 ღამე</td>\n			<td>30 ლარი</td>\n		</tr>\n		<tr>\n			<td>2</td>\n			<td>საკარვე ადგილი (13:00 Check in - 12:00 Check out) - 1 ღამე</td>\n			<td>15 ლარი</td>\n		</tr>\n		<tr>\n			<td>3</td>\n			<td>ორკაციანი კარვის ქირაობა - 1 დღე</td>\n			<td>15 ლარი</td>\n		</tr>\n		<tr>\n			<td>4</td>\n			<td>საძილე ტომრის ქირაობა - 1 დღე</td>\n			<td>10 ლარი</td>\n		</tr>\n		<tr>\n			<td>5</td>\n			<td>ქვეშსაგეი (პარალონის) ქირაობა - 1 დღე</td>\n			<td>5 ლარი</td>\n		</tr>\n		<tr>\n			<td>6</td>\n			<td>საცოცი აღჭურვილოის სეტის ქირაობა (საცოცი ფეხსაცმელი, დაცვის ქამარი, ჩაფხუტი, თოკი, Grigri &amp; 1 კარაბინი) - 1 დღე</td>\n			<td>50 ლარი</td>\n		</tr>\n		<tr>\n			<td>7</td>\n			<td>დაცვის ქამრის ქირაობა - 1 დღე</td>\n			<td>10 ლარი</td>\n		</tr>\n		<tr>\n			<td>8</td>\n			<td>ჩაფხუტის ქირაობა - 1 დღე</td>\n			<td>10 ლარი</td>\n		</tr>\n		<tr>\n			<td>9</td>\n			<td>Grigri &amp; 1 კარაინის ქირაობა - 1 დღე</td>\n			<td>10 ლარი</td>\n		</tr>\n		<tr>\n			<td>10</td>\n			<td>საცოცი თოკის ქირაომა (60 m) - 1 დღე</td>\n			<td>10 ლარი</td>\n		</tr>\n		<tr>\n			<td>11</td>\n			<td>საცოცი ფეხსაცმლის ქირაობა - 1 დღე</td>\n			<td>10 ლარი</td>\n		</tr>\n		<tr>\n			<td>12</td>\n			<td>ველოსიპედის ქირაობა - 1 დღე</td>\n			<td>100 ლარი</td>\n		</tr>\n		<tr>\n			<td>13</td>\n			<td>ნავით გასეირნება</td>\n			<td>100 ლარი</td>\n		</tr>\n		<tr>\n			<td>14</td>\n			<td>აუზი - 3 საათი</td>\n			<td>5 ლარი</td>\n		</tr>\n		<tr>\n			<td>15</td>\n			<td>ვია ფერატის ტური - 1 ადამიანი</td>\n			<td>100 ლარი</td>\n		</tr>\n	</tbody>\n</table>\n\n<p>&nbsp;</p>\n\n<div data-oembed-url=\"https://www.google.com/maps/d/edit?mid=1uf3Kv51CVj3dX4uVDqqM4cEn7D1dMng&amp;usp=sharing\">\n<div>\n<div style=\"left: 0; width: 100%; height: 0; position: relative; padding-bottom: 75%;\"><iframe allowfullscreen=\"\" src=\"//if-cdn.com/LSepIXs\" style=\"top: 0; left: 0; width: 100%; height: 100%; position: absolute; border: 0;\" tabindex=\"-1\"></iframe></div>\n</div>\n</div>\n', NULL, '2024-05-02 18:54:11'),
(20, 'ru', '.', '<p>.</p>\n', '<p>.</p>\n', NULL, NULL),
(21, 'us', 'Sveri Adventure Camp', '<p>Camping for adventure activity</p>\n', '<p>Sveri Adventure Camp is located in the very charming and historic village of Sveri in Imereti district. 113 km from Kutaisi International Airport, a 1.5-hour drive,&nbsp;and 180 km from Tbilisi, a 2-hour drive. The camp is 11 km from the city of Chiatura. The location of the camp is marked on the central road, the road is completely immersed in the rock valley and at the end of the valley, you will notice the camp mark to the right of the road.</p>\n\n<p>The camp has all the necessary infrastructure &ndash; wooden cottages, tent area, common dining room, kitchen, shower and toilets, equipment rent, hammock, entertainment zone with trampoline, climbing wall, pool, table tennis, slackline, Frisbee, volleyball, and badminton. The camp can accommodate 7 guests in a wooden cottage and 30 guests in a tent area. 70 meters walk from the camp is the climbing zone and the historic church in the rock cave. Within 5 km around the camp, there are lots of adventure places where we offer tours to our customers, such as rock climbing, cycling, cave tour, hiking, boat tour, historical and cultural tour, and Via Ferrata tour, a first extreme trail in the Caucasus.</p>\n\n<h2>Camp Services</h2>\n\n<p>Discover a range of comfortable and affordable accommodation options at our camp. Whether you&rsquo;re seeking the luxury of a glamping dome, the rustic charm of a wood cottage, or the adventure of tent camping, we have something for everyone.</p>\n\n<p><a href=\"https://campingeorgia.ge/camp-services/\">For more informatione visit ouer website.</a></p>\n\n<h2>VIA FERRATA in SVERI&nbsp;</h2>\n\n<p>is the first-ever Via Ferrata project in the Georgian and Caucasus region. It is located in the village of Sveri, 700 meters from the camp. The Via Ferrata is a route, equipped with steel ropes and iron steps 70 meters high and 160 meters long with full safety. Via Ferrata in Sveri offers a unique experience to active and extreme adventurers. This adventure tour is perfect for solo,&nbsp;family, as well as corporate visitors. Two route &ndash; easy and medium &ndash; is an excellent fit for beginners as well as experienced adventurers.</p>\n\n<div data-oembed-url=\"https://www.youtube.com/watch?v=zeExJv0-4Cs&amp;ab_channel=TemoSamsonadze\">\n<div>\n<div style=\"left: 0; width: 100%; height: 0; position: relative; padding-bottom: 56.25%;\"><iframe allow=\"accelerometer *; clipboard-write *; encrypted-media *; gyroscope *; picture-in-picture *; web-share *;\" allowfullscreen=\"\" scrolling=\"no\" src=\"//if-cdn.com/6kmjX8P\" style=\"top: 0; left: 0; width: 100%; height: 100%; position: absolute; border: 0;\" tabindex=\"-1\"></iframe></div>\n</div>\n</div>\n\n<p>&nbsp;</p>\n\n<table border=\"1\" cellpadding=\"1\" cellspacing=\"1\" style=\"width:100%\">\n	<tbody>\n		<tr>\n			<td>#</td>\n			<td>Item</td>\n			<td>Price</td>\n		</tr>\n		<tr>\n			<td>1</td>\n			<td>Cottage one person (13:00 Check in - 12:00 Check out) - 1 night</td>\n			<td>30 Gel</td>\n		</tr>\n		<tr>\n			<td>2</td>\n			<td>Tent area one person (13:00 Check in - 12:00 Check out) - 1 night</td>\n			<td>15 Gel</td>\n		</tr>\n		<tr>\n			<td>3</td>\n			<td>Rent a tent for two person - 1 day</td>\n			<td>15 Gel</td>\n		</tr>\n		<tr>\n			<td>4</td>\n			<td>Rent sleeping bag - 1 day</td>\n			<td>10 Gel</td>\n		</tr>\n		<tr>\n			<td>5</td>\n			<td>Rent sliping pad - 1 day</td>\n			<td>5 Gel</td>\n		</tr>\n		<tr>\n			<td>6</td>\n			<td>Rent climbing gear set (Shoes, Harnes, Helmet, Rope, Grigri &amp; 1 carabin) - 1 day</td>\n			<td>50 Gel</td>\n		</tr>\n		<tr>\n			<td>7</td>\n			<td>Rent harness - 1 day</td>\n			<td>10 Gel</td>\n		</tr>\n		<tr>\n			<td>8</td>\n			<td>Rent helmet - 1 day</td>\n			<td>10 Gel</td>\n		</tr>\n		<tr>\n			<td>9</td>\n			<td>Rent Grigri &amp; 1 carabin - 1 day</td>\n			<td>10 Gel</td>\n		</tr>\n		<tr>\n			<td>10</td>\n			<td>Rent climbing rope (60 m) - 1 day</td>\n			<td>10 Gel</td>\n		</tr>\n		<tr>\n			<td>11</td>\n			<td>Rent climbing shoes - 1 day</td>\n			<td>10 Gel</td>\n		</tr>\n		<tr>\n			<td>12</td>\n			<td>Rent bicycle - 1 day</td>\n			<td>100 Gel</td>\n		</tr>\n		<tr>\n			<td>13</td>\n			<td>SAP boat</td>\n			<td>100 Gel</td>\n		</tr>\n		<tr>\n			<td>14</td>\n			<td>Swimming pool - 3 hour</td>\n			<td>5 Gel</td>\n		</tr>\n		<tr>\n			<td>15</td>\n			<td>Via ferrata tour - 1 person</td>\n			<td>100 Gel</td>\n		</tr>\n	</tbody>\n</table>\n\n<p>&nbsp;</p>\n\n<div data-oembed-url=\"https://www.google.com/maps/d/edit?mid=1uf3Kv51CVj3dX4uVDqqM4cEn7D1dMng&amp;usp=sharing\">\n<div>\n<div style=\"left: 0; width: 100%; height: 0; position: relative; padding-bottom: 75%;\"><iframe allowfullscreen=\"\" src=\"//if-cdn.com/LSepIXs\" style=\"top: 0; left: 0; width: 100%; height: 100%; position: absolute; border: 0;\" tabindex=\"-1\"></iframe></div>\n</div>\n</div>\n', NULL, '2024-05-02 18:54:11'),
(22, 'ka', 'კაცხის მეკლდეურების სახლი', '<p>თუ იდეალურ საბანაკე სივრცეს ეძებთ ჭიათურის რეგიონში კაცხის სახლი იდეალური არჩევანია.</p>\n', '<p>მოგესალმებით კაცხის სახლში</p>\n\n<p>აქედან იწყება ჭიათურაში თანამედროვე მეკლდეურობის ისტორია&nbsp;</p>\n\n<p>2006 წლიდან მას შემდეგ რაც დავიწყე სტანდარტული და თანამედროვე საცოცი ბილიკების კეთება ჭიათურაში და დანარჩენ საქართველოში სადაც კი გვაქვს საცოცი რეგიონები,ამ სახლში ბევრმა მთამსვლელმა და მეკლდეურმა გამოიარა&nbsp;</p>\n\n<p>ამ სპორტის დიდმა გულშემატკივარმა შეიძინა ეს სახლი და გადაწყვიტა რომ კარგ საქმეს დახმარებოდა რისთვისაც დიდი მადლობა მას.&nbsp;</p>\n\n<p>რომ არა ეს ბაზა ბევრად უფრო რთული იქნებოდა ჩემთვის ამ რაიონის სპორტული განვითარება&nbsp; 🤟</p>\n\n<p>წლების განმავლობაში ნელნელა ხდებოდა ინფრასტრუქტურის განახლება&nbsp;<br />\nბოლო წლებში კი საკმაო წინსვლა გვქონდა ამ მიმართულებით🤟</p>\n\n<p>ახლა კი შესაძლოა საკმაოდ კომფორტულ პირობებში დარჩენა და ვარჯიში მიმდებარე კლდეებზე 🧗</p>\n\n<p>რაც შეეხება პირობებს:<br />\nარის სახლი საძინებლებით სასადილო ოთახი სამზარეულო და აბაზანა.</p>\n\n<p>ასევე ეზოში არის დიდი საკარვე ტერიტორია, საპარკინგე და ღია სასადილო სივრცე.</p>\n\n<p>ბანაკი ღიაა მსურველებისთვის ნებისმიერ დროს. სასურველია წინასწარი დაჯავშნა.&nbsp;</p>\n\n<p>რაც შეეხება ფასებს :&nbsp;</p>\n\n<p>სახლში 1 ადამიანი 15 ლარი<br />\nსაკარვე 1 ადამიანი 10 ლარი</p>\n\n<p>შემოსული თანხა ხმარდება ბანაკის განვითარებას და ჭიათურაში ახალი საცოცი ბილიკების მოწყობას რაც მოგეხსენებათ არც თუ ისე იაფი სიამოვნებაა 😁</p>\n\n<p>გელოდებით ბანაკში 🤟🧗</p>\n', NULL, '2025-05-27 10:36:21'),
(23, 'ru', '.', '<p>.</p>\n', '<p>.</p>\n', NULL, NULL),
(24, 'us', 'Katskhi climbing house', '<p>House which we were using for climbers and mountineres base is updated and waiting for visitors&nbsp;</p>\n', '<p>Welcome to Katskhi house&nbsp;</p>\n\n<p>House which we were using for climbers and mountineres base is updated and waiting for visitors&nbsp;</p>\n\n<p>We have house to stay and camping area for tents&nbsp;</p>\n\n<p>There is kitchen dining room and bathroom&nbsp;</p>\n\n<p>Climbing areas are 5 to 10 minutes to walk&nbsp;</p>\n\n<p>This house has big history for&nbsp; todays rock climbing&nbsp; and most of income will be spend for updates in camp and developing new climbing lines in this area 🧗🤟</p>\n\n<p>Pricelist&nbsp;</p>\n\n<p>Staying in house 15gel per person&nbsp;<br />\nStaying in tent&nbsp; 10 gel per person&nbsp;</p>\n\n<p>Camp is working and waiting for climbers and mountineres 🧗</p>\n\n<p>Have a safe climbing 🤟</p>\n', NULL, '2025-05-27 10:36:21'),
(25, 'ka', 'კლდეზე ცოცვის გამყოლი', '<p>თუ უსეფრთხო თავგადასავალს ეძებთ, ჩვენი გიდები დადიწევენ მეგზურობას.</p>\n', '<p>საქართველო მდებარეობს კავკასიის მთებში, სადაც ბევრ კარგ რეგიონში შეგიძლიათ მოხვდეთ საცოცად. აქ გელოდებათ მრავალფეროვანი კლდოვანი რელიეფი და სხვადასხვა სირთულის საცოცი მარშრუტები. თუ თავგადასავლების ძიებაში ხართ, ჩვენი გიდები შეგემსუბუქებენ გზას. ჩვენი გუნდის წევრებს აქვთ 10 წლიანი გამოცდილება საქართველოს მთებში ცოცვაში.</p>\n\n<p>ყველა მათგანი GMGA-კრედიტებული გიდია.</p>\n\n<p>ასევე, დამატებითი სერვისის სახით, შესაძლებელია ტრანსპორტირების და დასარჩენი ადგილის ორგანიზება ჩვენი მენეჯერების მიერ. ჩვენ ასევე დაგეხმარებით სხვა აქტივობების შერჩევაში.</p>\n\n<p>ჩვენ ვმუშაობთ მთელი საქართველოს მაშტაბით: თბილისი, ჭიათურის რეგიონი, ყაზბეგის რეგიონი, ბირთვისი და სხვა ყველა საცოცი სექტორი საქართველოს მთელ ტერიტორიაზე.</p>\n\n<p>ჩვენი გუნდი ყოველთვის მზადაა დაგეხმაროთ.</p>\n\n<p><a href=\"https://shop.climbing.ge/tours\" target=\"_blank\">შეგიძლიათ იხილოთ ჩვენი წინასწარ დაგეგმილი ტურების გეგმა ჩვენი ტურების გვერდზე.</a></p>\n\n<p><a href=\"https://shop.climbing.ge/service/rent_climbing_gear\" target=\"_blank\">ასევე შესაძლებელია აღჭურვილობის ქირაობა. ეწვიეთ გვერდს მეტი ინფორმაციის მისაღებად.</a></p>\n\n<p>&nbsp;</p>\n\n<p><strong>საკონტაქტო ინგორმაცია</strong></p>\n\n<p><strong>Email</strong> - <a href=\"mailto:samsonadze.temo9@gmail.com?subject=Tour%20Reservation\">samsonadze.temo9@gmail.com</a></p>\n\n<p><strong>Phone (WhatsApp only)</strong> - (+995) 598 45 70 48</p>\n\n<p>&nbsp;</p>\n', NULL, '2025-01-21 01:16:23'),
(26, 'us', 'Rock Climbing Guiding', '<p>If you are looking for a safe adventure, our guides will guide you.</p>\n', '<p>Georgia is located in the mountains of the Caucasus, there are many good regions for climbing, where you will find a variety of rocky terrain and climbing routes of different difficulty. If you are looking for a safe adventure, our guides will guide you. Our team members have 10 years of experience.</p>\n\n<p>All of them are GMGA accredited guides in the climbing sectors of Georgia.</p>\n\n<p>Also as an additional service, it is possible to organize transportation and reservation hotel by our managers. Also help in choosing another activity.</p>\n\n<p>We work throughout Georgia: Tbilisi, Chiaturi region, Kazbegi region, Bიrtvisi and all other sectors in the entire territory of Georgia.</p>\n\n<p>Our team is always ready to help you.</p>\n\n<p><a href=\"https://shop.climbing.ge/tours\" target=\"_blank\">You can find a schedule of our pre-scheduled tours on our tours page.</a></p>\n\n<p><a href=\"https://shop.climbing.ge/service/rent_climbing_gear\" target=\"_blank\">Also you can rent climbing gear. Check price list.</a></p>\n\n<p>&nbsp;</p>\n\n<p><strong>Contact info</strong></p>\n\n<p><strong>Email</strong> - <a href=\"mailto:samsonadze.temo9@gmail.com?subject=Tour%20Reservation\">samsonadze.temo9@gmail.com</a></p>\n\n<p><strong>Phone (WhatsApp only)</strong> - (+995) 598 45 70 48</p>\n', NULL, '2025-01-21 01:16:23'),
(27, 'ka', 'საცოცი ფეხსაცმლის რემონტი', '<p>.</p>\n', '<p>.</p>\n', NULL, NULL),
(28, 'us', 'Restoration climbing shoes', '<p>.</p>\n', '<p><span dir=\"auto\">Need to repair climbing shoes in Tbilisi? </span></p>\n\n<p><span dir=\"auto\">Write to Pasha. </span></p>\n\n<p><span dir=\"auto\">He can also repair other outdoor gear.</span></p>\n\n<p><span dir=\"auto\">+995591931056</span></p>\n\n<p><span dir=\"auto\">tg: @Sobachiy_deputat111</span></p>\n\n<p><span dir=\"auto\">ig: @paveleshakov</span></p>\n', NULL, NULL),
(29, 'ka', 'თქვენი რეკლამის ადგილი', '<p>განათავსეთ თქვენი რეკლამა ჩვეს საიტზე</p>\n', '<p>👉 მედია რეკლამირება ერთ-ერთ&nbsp;<strong>ყველაზე ეფექტურ მარკეტინგულ ინსტრუმენტს</strong>&nbsp;წარმაოდგენს ბრენდის შენების პროცესში. ის მოიცავს სარეკლამო ბანერების სტატიების, პრეს რელიზებისა და საიმიჯო კონტენტის თემატურ მედია საშუალებებში გამოქვეყნებას. კონკრეტულად კი იმ ციფრულ არხებში, სადაც ბრენდის სამიზნე აუდიტორია დიდ დროს ატარებს.</p>\n\n<p>რეკლამის განთავსება საიტზე ნამდვილად წინგადადგმული ნაბიჯია ციფრულ სამყაროში!</p>\n\n<h2>რატომ უნდა განათავსოთ რეკლამა საიტზე?</h2>\n\n<p>რეკლამის საიტზე განთავსება თქვენს ორგანიზაციას უამრავ სარგებელს ჰპირდება:</p>\n\n<ul>\n	<li>\n	<h2>ბრენდის ცნობადობა</h2>\n	</li>\n</ul>\n\n<p>მეტი ადამიანი გაიცნობს თქვენს ბრენდს&nbsp;</p>\n\n<ul>\n	<li>\n	<h2>ერთგული აუდიტორიის შენება</h2>\n	</li>\n</ul>\n\n<p>ერთგული აუდიტორიის შენებას ბრენდის ირგვლივ&nbsp;ინტერნეტ რეკლამის&nbsp;მეშვეობით გაცილებით მარტივად შეძლებთ.</p>\n\n<ul>\n	<li>\n	<h2>ბრენდინგის ინსტრუმენტი</h2>\n	</li>\n</ul>\n\n<p>აქტიური ონლაინ მედიაგავრცელება ბრენდის სახელს მომხმარებლის გონების ნაწილად აქცევს (Top of Mind). პროდუქტის ხსენებისას პირველი თქვენი ბრენდი გაახსენდებათ. რაც ბუნებრივია, მნიშვნელოვანი კონკურენტული უპირატესობაა.</p>\n\n<ul>\n	<li>\n	<h2>სამიზნე აუდიტორიის შერჩევა</h2>\n	</li>\n</ul>\n\n<p>კომუნიკაციას დაამყარებთ რელევანტურ აუდიტორიასთან და მარტივად მიაწვდით სასურველ მარეკტინგულ მესიჯს.</p>\n\n<ul>\n	<li>\n	<h2>ინფორმაციის სწრაფი და ეფექტური გავრცელება ქართულ მედია პლატფორმებზე.</h2>\n	</li>\n</ul>\n\n<p>საძიებო სისტემებზე მორგებული SEO ოპტიმიზირებული სტატიების გამოქვეყნება და ე.წ &ldquo;ბექლინკების&rdquo; მოპოვება თქვენი ვებგვერდისთვის.</p>\n', NULL, '2024-07-28 14:54:27'),
(30, 'us', 'Your ad place', '<p>Put your ad on the site.</p>\n', '<p>👉 Media advertising is one of the most marketing tools presenting the building. It includes publication of advertising banners articles, press releases and image thematic thematic means. Specifically in digital channels where the brand&#39;s target audience is a great time.</p>\n\n<p>Advertising on the site is really a step forward in the digital world!</p>\n\n<h2>Why should you place an ad on the site?</h2>\n\n<p>Placing an ad on your organization promises many benefits:</p>\n\n<ul>\n	<li><strong>Brand</strong></li>\n</ul>\n\n<p>More people get to know your brand</p>\n\n<ul>\n	<li><strong>To build a loyal audience</strong></li>\n</ul>\n\n<p>Building a loyal audience around the brand is much easier through internet advertising.</p>\n\n<ul>\n	<li><strong>Branding</strong></li>\n</ul>\n\n<p>Active online media outlets make the brand name part of the user&#39;s mind (at the top of the mind). Product to mention the first of your brand. Which is naturally important competitive.</p>\n\n<ul>\n	<li><strong>Target audience selection</strong></li>\n</ul>\n\n<p>Establish communication with a relevant audience and easily provide the desired muffler.</p>\n\n<ul>\n	<li><strong>Rapid and effective dissemination of information on Georgian media platforms.</strong></li>\n</ul>\n\n<p>Posting SEO optimized articles tailored to search engines and extracting so -called &quot;backlinks&quot; for your website.</p>\n', NULL, '2024-07-29 17:24:33'),
(31, 'ka', 'საცოცი კედლების მშენებლობა', '<p>.</p>\n', '<p>.</p>\n', NULL, NULL),
(32, 'us', 'Building climbing walls', '<p>.</p>\n', '<p>.</p>\n', NULL, NULL),
(33, 'ka', 'საცოცი კედლების მშენებლობა', '<p>.</p>\n', '<p>&nbsp;&nbsp;</p>\n\n<p>ვაკეთებთ საცოც კედლებს როგორც ბავშვებისთვის, ასევე მოყვარულ და პროფესიონალ სპორტმენებისთვის. ჩვენი კომპანია აგიწყობთ ნებისმიერი სიმაღლის სიგანის და რელიეფის კედელს, ყველა საერთაშორისო სტანდატრის დაცვით, იმისთვის რომ თქვენი ვარჯიში მეტად სასიამოვნო და პროდუქტიული იყოს.</p>\n\n<p>საცოცი კედლის გაკეთება შესაძლებელია ნებისმიერ ადგილას: სახლში, სპორტულ დარბაზში, ფიტნეს ცენტრში, სკოლაში და ნებისმიერ იმ ადგილას, სადაც თქვენ მოინდომებთ.</p>\n\n<p>ვმუშაობთ მთელ საქართველოში. ასევე, ჩვენვე ვაწარმოებთ საჭიდებს, საცოც ტრენაჟორებს და ყველაფერს, რასაც თქვენ ცოცვაში იყენებთ.</p>\n\n<p><a href=\"https://shop.climbing.ge/climbing_wall_colculator\">თქვენ შეგიძლიათ დაითვალოთ თქვენთვის სასურველი კედლის ფასი ამ გვერდზე</a>. გაითვალისწინეთ ფასი დაახლოებითია და ექვემდებარება კორექტირებას.</p>\n\n<p>&nbsp;</p>\n\n<div data-oembed-url=\"https://www.youtube.com/watch?v=dWnswDmxiXI&amp;ab_channel=TemoSamsonadze\">\n<div>\n<div style=\"left: 0; width: 100%; height: 0; position: relative; padding-bottom: 56.25%;\"><iframe allow=\"accelerometer *; clipboard-write *; encrypted-media *; gyroscope *; picture-in-picture *; web-share *;\" allowfullscreen=\"\" scrolling=\"no\" src=\"//if-cdn.com/RJdJF4P\" style=\"top: 0; left: 0; width: 100%; height: 100%; position: absolute; border: 0;\" tabindex=\"-1\"></iframe></div>\n</div>\n</div>\n\n<p>&nbsp;</p>\n', NULL, '2024-07-29 17:19:50'),
(34, 'us', 'Building climbing walls', '<p>.</p>\n', '<p>We make climbing walls for children, amateur ორ professional athletes. Our company arranges for you a wall of any height, width and terrain, with all international standards, to make your training more&nbsp;comfortable and productive.</p>\n\n<p>Climbing wall can be done anywhere: at home, gym, fitness center, school and anywhere you want.</p>\n\n<p>We work throughout Georgia. Also, we make our own holde, climbing trainers and everything which you use for climbing.</p>\n\n<p><a href=\"https://shop.climbing.ge/climbing_wall_colculator\">You can calculate the price of the wall on this page</a>. Note that the price is approximate and subject to adjustment.</p>\n\n<p>&nbsp;</p>\n\n<div data-oembed-url=\"https://www.youtube.com/watch?v=dWnswDmxiXI&amp;ab_channel=TemoSamsonadze\">\n<div>\n<div style=\"left: 0; width: 100%; height: 0; position: relative; padding-bottom: 56.25%;\"><iframe allow=\"accelerometer *; clipboard-write *; encrypted-media *; gyroscope *; picture-in-picture *; web-share *;\" allowfullscreen=\"\" scrolling=\"no\" src=\"//if-cdn.com/RJdJF4P\" style=\"top: 0; left: 0; width: 100%; height: 100%; position: absolute; border: 0;\" tabindex=\"-1\"></iframe></div>\n</div>\n</div>\n\n<p>&nbsp;</p>\n', NULL, '2024-07-29 17:19:50'),
(35, 'ka', 'ყინულზე ცოცვის გამყოლი', '<p>თუ უსეფრთხო თავგადასავალს ეძებთ, ჩვენი გიდები დადიწევენ მეგზურობას.</p>\n', '<p>საქართველო მდებარეობს კავკასიის მთებში, აქ ბევრი კარგი რეგიონი ყინულზე საცოცად, სადაც მრავალფეროვანი ყინულოვანი რელიეფი და სხვადასხვა სითულის საცოცი მარშრუტები დაგხვდებათ. თუ უსეფრთხო თავგადასავალს ეძებთ, ჩვენი გიდები გადიწევენ მეგზურობას. ჩვენ გუნდს წევრებს აქვთ 10 წლიანი გამოცდილება, საქართველოს სექტორებში ცოცვის.</p>\n\n<p>ყველა მათგანი GMGA აკრედიტებული გიდია.</p>\n\n<p>ასევე დამატებითი სერვისის სახით, შესაძლებელია ტრანსპორტირების და დასარჩენი ადგილის ორგანიზება ჩვენი მენეჯერების მიერ. ასევე სხვა აქტივობის შერჩევაში დახმარება.</p>\n\n<p>ჩვენ ვმუშაობთ მთელი საქართველოს მაშტაბით: თბილისი, გველეთი, ბიისი და სხვა ყველა ყინულის საცოცი სექტორი საქართველოს მთელ ტერიტორიაზე.</p>\n\n<p>ჩვენი გუნდი ყოველთვის მზადაა დაგეხმაროთ.</p>\n\n<p><a href=\"https://shop.climbing.ge/tours\" target=\"_blank\">შეგიძლიათ იხილოთ ჩვენი წინასწარ დაგეგმილი ტურების გეგმა ჩვენი ტურების გვერდზე.</a></p>\n\n<p><a href=\"https://shop.climbing.ge/service/rent_climbing_gear\" target=\"_blank\">ასევე შესაძლებელია აღჭურვილობის ქირაობა. ეწვიეთ გვერდს მეტი ინფორმაციის მისაღებად.</a></p>\n\n<p>&nbsp;</p>\n\n<p><strong>საკონტაქტო ინგორმაცია</strong></p>\n\n<p><strong>Email</strong> - <a href=\"mailto:samsonadze.temo9@gmail.com?subject=Tour%20Reservation\">samsonadze.temo9@gmail.com</a></p>\n\n<p><strong>Phone (WhatsApp only)</strong> - (+995) 598 45 70 48</p>\n', NULL, '2025-01-21 01:14:48'),
(36, 'us', 'Ice Climbing Guiding', '<p>If you are looking for a safe adventure, our guides will guide you.</p>\n', '<p>Georgia is located in the Caucasus Mountains, offering many great regions for ice climbing, with a variety of ice formations and climbing routes of different difficulty levels. If you&#39;re looking for an adventurous experience, our guides will lead the way. Our team members have over 10 years of experience in climbing across Georgia&rsquo;s sectors.</p>\n\n<p>All of our guides are GMGA accredited.</p>\n\n<p>Additionally, we offer services such as transportation and accommodation arrangements, organized by our managers. We can also assist in selecting other activities.</p>\n\n<p>We operate throughout all of Georgia: Tbilisi, Gvelleti, Bissi, and all other ice climbing sectors across the country.</p>\n\n<p>Our team is always ready to assist you.</p>\n\n<p><a href=\"https://shop.climbing.ge/tours\" target=\"_blank\">You can find a schedule of our pre-scheduled tours on our tours page.</a></p>\n\n<p><a href=\"https://shop.climbing.ge/service/rent_climbing_gear\" target=\"_blank\">Also you can rent climbing gear. Check price list.</a></p>\n\n<p>&nbsp;</p>\n\n<p><strong>Contact info</strong></p>\n\n<p><strong>Email</strong> - <a href=\"mailto:samsonadze.temo9@gmail.com?subject=Tour%20Reservation\">samsonadze.temo9@gmail.com</a></p>\n\n<p><strong>Phone (WhatsApp only)</strong> - (+995) 598 45 70 48</p>\n', NULL, '2025-01-21 01:14:48'),
(37, 'ka', 'სამთო გამყოლი', '<p>.</p>\n', '<p>.</p>\n', NULL, NULL),
(38, 'us', 'Mountain Ascent Guiding', '<p>.</p>\n', '<p>.</p>\n', NULL, NULL);

-- --------------------------------------------------------

--
-- Table structure for table `locale_brands`
--

CREATE TABLE `locale_brands` (
  `id` bigint UNSIGNED NOT NULL,
  `locale` varchar(191) CHARACTER SET utf8mb4 COLLATE utf8mb4_unicode_ci DEFAULT NULL,
  `title` varchar(191) CHARACTER SET utf8mb4 COLLATE utf8mb4_unicode_ci DEFAULT NULL,
  `short_description` varchar(191) CHARACTER SET utf8mb4 COLLATE utf8mb4_unicode_ci DEFAULT NULL,
  `created_at` timestamp NULL DEFAULT NULL,
  `updated_at` timestamp NULL DEFAULT NULL
) ENGINE=InnoDB DEFAULT CHARSET=utf8mb4 COLLATE=utf8mb4_unicode_ci;

--
-- Dumping data for table `locale_brands`
--

INSERT INTO `locale_brands` (`id`, `locale`, `title`, `short_description`, `created_at`, `updated_at`) VALUES
(1, 'us', 'Climbing.ge', 'Products by Climbing.ge enterbrice', NULL, NULL),
(2, 'ka', 'Climbing.ge', 'Climbing.ge-ს პროდუქცია', NULL, NULL),
(3, 'us', 'RIDGE GEAR', 'UK\nMANUFACTURER OF\nHEIGHT SAFETY\nEQUIPMENT', NULL, NULL),
(4, 'ka', 'RIDGE GEAR', '.', NULL, NULL);

-- --------------------------------------------------------

--
-- Table structure for table `locale_events`
--

CREATE TABLE `locale_events` (
  `id` bigint UNSIGNED NOT NULL,
  `locale` varchar(191) CHARACTER SET utf8mb4 COLLATE utf8mb4_unicode_ci DEFAULT NULL,
  `title` varchar(191) CHARACTER SET utf8mb4 COLLATE utf8mb4_unicode_ci DEFAULT NULL,
  `short_description` varchar(191) CHARACTER SET utf8mb4 COLLATE utf8mb4_unicode_ci DEFAULT NULL,
  `text` text CHARACTER SET utf8mb4 COLLATE utf8mb4_unicode_ci,
  `info` text CHARACTER SET utf8mb4 COLLATE utf8mb4_unicode_ci,
  `created_at` timestamp NULL DEFAULT NULL,
  `updated_at` timestamp NULL DEFAULT NULL
) ENGINE=InnoDB DEFAULT CHARSET=utf8mb4 COLLATE=utf8mb4_unicode_ci;

--
-- Dumping data for table `locale_events`
--

INSERT INTO `locale_events` (`id`, `locale`, `title`, `short_description`, `text`, `info`, `created_at`, `updated_at`) VALUES
(1, 'ru', 'ი. გელდიაშვილის მემორიალი სწრაფ და რთ.ცოცვაში', '<p>ი. გელდიაშვილის მემორიალი სწრაფ და რთ.ცოცვაში</p>\n', '<p>ი. გელდიაშვილის მემორიალი სწრაფ და რთ.ცოცვაში</p>\n', '', '2023-04-13 20:43:35', '2023-04-13 20:43:35'),
(2, 'ka', 'ი. გელდიაშვილის მემორიალი სწრაფ და რთ.ცოცვაში', '<p>ი. გელდიაშვილის მემორიალი სწრაფ და რთ.ცოცვაში</p>\n', '<p>ი. გელდიაშვილის მემორიალი სწრაფ და რთ.ცოცვაში</p>\n', '', '2023-04-13 20:43:35', '2023-04-13 20:43:35'),
(3, 'us', 'Irakli Gildiashvili memorial competition 2023', '<p>Irakli Gildiashvili memorial competition 2023</p>\n', '<p>Irakli Gildiashvili memorial competition 2023</p>\n', '', '2023-04-13 20:43:35', '2023-04-13 20:43:35'),
(4, 'ru', 'საქ. ჩემპიონატი ბოლდერინგში და რთულ ცოცვაში 2023', '<p>.</p>\n', '<p>ივნისი ჩატარდება <strong>საქართველოს ჩემპიონატი ბოლდერინგში და რთულ ცოცვაში 2023</strong>. ფესტივალი ჩატარდება ქუთაისში არსებულ დარბაზში.</p>\n\n<p>გაითვალისწინეთ რომ ღონისძიების ჩატარების თარიღი და ზუსტი ჩატარების ადგილი დაკორეკტირდება ღონისძიებამდე 2 კვიღით ადრე.</p>\n', '', '2023-04-13 22:16:35', '2023-05-27 00:59:27'),
(5, 'ka', 'Чемпионат по боулдерингу и сложному лазанию 2023', '<p>Чемпионат по боулдерингу и сложному лазанию 2023</p>\n', '<p>Чемпионат по боулдерингу и сложному лазанию 2023</p>\n', '', '2023-04-13 22:16:35', '2023-05-27 00:59:27'),
(6, 'us', 'Championship in bouldering and lead climbing 2023', '<p>.</p>\n', '<p>The <strong>Georgian couldering and lead climbing championship 2023</strong> will be held in June. The festival will be in Kutaisi climbing gym.</p>\n\n<p>Please note that the event date and exact venue will be adjusted 2 weeks before the event.</p>\n', '<p>ss</p>\n', '2023-04-13 22:16:35', '2023-05-27 00:59:27'),
(7, 'ru', 'მიხეილ ხერგიანის მემორიალი 2023', '<p>.</p>\n', '<p>ივნისი ჩატარდება&nbsp;<strong>მიხეილ ხერგიანის მემორიალური შეჯიბრი 2023.</strong>&nbsp;შეჯიბრი ჩატარდება მესრიაში არსებულ დარბაზში და ბუნებრივ კლდეზე.</p>\n\n<p>გაითვალისწინეთ რომ ღონისძიების ჩატარების თარიღი და ზუსტი ჩატარების ადგილი დაკორეკტირდება ღონისძიებამდე 2 კვიღით ადრე.</p>\n', '', '2023-04-13 22:21:24', '2023-05-27 01:09:00'),
(8, 'ka', 'Михаил Хергиани, мемориальный конкурс 2023', '<p>.</p>\n', '<p>Михаил Хергиани, мемориальный конкурс 2023</p>\n', '', '2023-04-13 22:21:24', '2023-05-27 01:09:00'),
(9, 'us', 'Mikheil khergini momorial competition 2023', '<p>.</p>\n', '<p>In June, the <strong>Mikheil Khergiani Memorial Competition 2023</strong> will be held. The competition will be in the Mesria climbing gym and outdoor climbing routes routes.</p>\n\n<p>Please note that the event date and exact venue will be adjusted 2 weeks before the event.</p>\n', '', '2023-04-13 22:21:24', '2023-05-27 01:09:00'),
(10, 'ru', 'საქართველოს ახალგაზ. ფესტ. ბუნებრივ კლდეებზე 2023', '<p>,</p>\n', '<p>აგვისტოში ჩატარდება საქართველოს ახალგაზრდული ფესტივალი ბუნებრივ კლდეებზე. ფესტივალი ჩატარდება ჭიათურის რეგიონში ერთერთ სექტორში.</p>\n\n<p>გაითვალისწინეთ რომ ღონისძიების ჩატარების თარიღი და ზუსტი ჩატარების ადგილი დაკორეკტირდება ღონისძიებამდე 2 კვიღით ადრე.</p>\n', '', '2023-04-13 22:29:10', '2023-05-27 00:41:39'),
(11, 'ka', 'Фестиваль скалолазания среди юниоров 2023', '<p>.</p>\n', '<p>Фестиваль скалолазания среди юниоров 2023</p>\n', '', '2023-04-13 22:29:10', '2023-05-27 00:41:39'),
(12, 'us', 'Georgian uniors outdoor climbing festival 2023', '<p>.</p>\n', '<p>In August, the Georgian Youth Festival will be held on rocks. The festival will be held in one of the sectors in Chiaturi region.</p>\n\n<p>Please note that the event date and exact venue will be adjusted 2 weeks before the event.</p>\n', '', '2023-04-13 22:29:10', '2023-05-27 00:41:39'),
(13, 'ru', 'საქართველოს ბოლდერინგის ჩემპიონატი 2023', '<p>,</p>\n', '<p>აგვისტოში ჩატარდება<strong> საქართველოს ჩემპიონატი ბოლდერინგში</strong>. ფესტივალი ჩატარდება ყაზბეგის საცოც დარბაზში.</p>\n\n<p>გაითვალისწინეთ რომ ღონისძიების ჩატარების თარიღი და ზუსტი ჩატარების ადგილი დაკორეკტირდება ღონისძიებამდე 2 კვიღით ადრე.</p>\n', '<p>ыыыыы</p>\n', '2023-04-14 00:03:31', '2023-05-27 01:18:08'),
(14, 'ka', 'Чемпионат Грузии по боулдерингу 2023', '<p>.</p>\n', '<p>.</p>\n', '', '2023-04-14 00:03:31', '2023-05-27 01:18:08'),
(15, 'us', 'Bouldering сhampionship of Georgia 2023', '<p>.</p>\n', '<p><strong>Georgian championship in bouldering</strong> will be in August. The festival will be in Stepantsminda climbing gym.</p>\n\n<p>Please note that the event date and exact venue will be adjusted 2 weeks before the event.</p>\n', '', '2023-04-14 00:03:31', '2023-05-27 01:18:08'),
(16, 'ru', 'საქართველოს ახალგაზრდული პირველობა 3 ასაკში 2023', '<p>.</p>\n', '<p>სექტემბერში <strong>ჩატარდება საქართველოს ახალგაზრდული პირველობა 3 ასაკში 2023</strong>. ფესტივალი ჩატარდება ყაზბეგის რეგიონში.</p>\n\n<p>გაითვალისწინეთ რომ ღონისძიების ჩატარების თარიღი და ზუსტი ჩატარების ადგილი დაკორეკტირდება ღონისძიებამდე 2 კვიღით ადრე.</p>\n', '', '2023-04-14 00:13:11', '2023-05-27 01:27:31'),
(17, 'ka', 'Молодежный чемпионат Грузии в 3-х возрастных группах 2023', '<p>.</p>\n', '<p>Молодежный чемпионат Грузии в 3-х возрастных группах 2023</p>\n', '', '2023-04-14 00:13:11', '2023-05-27 01:27:31'),
(18, 'us', 'Georgian youth championship in 3 age groups 2023', '<p>.</p>\n', '<p>In September, the <strong>2023 Georgian Youth Championship in 3 age groups</strong> will be held. The festival will be in the Kazbegi region.</p>\n\n<p>Please note that the event date and exact venue will be adjusted 2 weeks before the event.</p>\n', '', '2023-04-14 00:13:11', '2023-05-27 01:27:32'),
(25, 'ka', 'კლდის ვეფხვების ფესტივალი 2023', '<p>.</p>\n', '<p>ფესტივალი ჩატარდება 4 ივნისს (2 ივნისის ნაცვლად), ლოტკინის მონუმენტზე.</p>\n\n<p>ფესტივალი ტარდება, 2 ასაკობრივ კატეგორიაში</p>\n\n<p>2014-2015 წ.</p>\n\n<p>2016-2017 წ.</p>\n\n<p>სტუმრებს, მათი ასაკის მიუხედავად, შესაძლებლობა ექნებათ გამოსცადონ სხვადასხვა სირთულის საცოცი ბილიკები.&nbsp;</p>\n', '', '2023-05-27 01:33:08', '2023-05-27 01:33:08'),
(26, 'ru', '.', '<p>.</p>\n', '<p>.</p>\n', '', '2023-05-27 01:33:08', '2023-05-27 01:33:08'),
(27, 'us', 'Rock Tiger Festival 2023', '<p>.</p>\n', '<p>The festival will be held on June 4 (instead of June 2), at the Lotkin monument.</p>\n\n<p>The festival is held in 2 age categories</p>\n\n<p>2014-2015</p>\n\n<p>2016-2017</p>\n\n<p>Visitors, regardless of their age, will have the opportunity to try climbing trails of various levels of difficulty.</p>\n', '', '2023-05-27 01:33:08', '2023-05-27 01:33:08'),
(28, 'ka', 'ცოცვის ფესტივალი სვერში', '<p>.</p>\n', '<p>15 და 16 ივლისს სვერის სათავგადასავლო ბანაკისა და საქართველოს მეკლდეურობის ეროვნული ფედერაციის ორგანიზებით იმართება ცოცვის ფესტივალი სვერში. ღონისძიების მხარდამჭერია საქართველოს კულტურის სპორტისა და ახალგაზრდობის სამინისტრო.</p>\n\n<p>ფესტივალის პროგრამა:</p>\n\n<p>15 ივლისი</p>\n\n<p>17:00 &ndash; 23:00<br />\nფესტივალის გახსნა, ქემფინგი, პიკნიკი, კოცონი, მუსიკა, თამაშები, გართობა, მეგობრული და განმტვირთავი გარემო</p>\n\n<p>16 ივლისი</p>\n\n<p>შეჯიბრის დაწყება: 12:00<br />\nშეჯიბრის დასრულება: 17:00<br />\nდაჯილდოვება: 18:00<br />\nფესტივალის საზეიმო დახურვა: 19:00</p>\n\n<p>ფესტივალის აღწერა:</p>\n\n<p>ფესტივალზე მონაწილეობის მიღება შეუძლია ყველა მეკლდეურს, როგორც პროფესიონალს ისე მოყვარულს, წინასწარი რეგისტრაციის შედეგად. მონაწილეებს მოეთხოვებათ ქვედა დაცვით ცოცვის გამოცდილება. 2009 წელს (13-14 წელი) დაბადებულები და უფრო უმცროსი ასაკის ბავშები ფესტივალზე არ დაიშვებიან.<br />\nფესტივალის მონაწილეები ვალდებულნი არიან იქონიონ სრული ეკიპირება !!!<br />\nმათ ადგილზე დაურიგდებათ მონაწილის ბარათები, სადაც შეტანილი იქნება 40-მდე საცოცი ლაინი. მონაწილის მიერ ლაინის გავლა ფასდება მხოლოდ მსაჯის ხელმოწერით.<br />\nმონაწილის ბარათის ჩაბარების ბოლო ვადაა 17:00 საათი.</p>\n\n<p><img alt=\"🏆\" src=\"https://static.xx.fbcdn.net/images/emoji.php/v9/tbe/1/16/1f3c6.png\" style=\"height:16px; width:16px\" />გოგოებში და ვაჟებში, საუკეთესო სამეული გამოვლინდება დაგროვილი ქულების ჯამით.<br />\nფესტივალში მონაწილეობის მიღების მსურველებმა გთხოვთ რეგისტრაცია გაიაროთ ქვემოთ მოცემულ ბმულზე&nbsp;<img alt=\"👉\" src=\"https://static.xx.fbcdn.net/images/emoji.php/v9/t51/1/16/1f449.png\" style=\"height:16px; width:16px\" />&nbsp;<a href=\"https://shorturl.at/FGIU1?fbclid=IwAR3wnm9zZpuGNl-fOI9AHwrSiNzS1qKEMiCXPPAtQ1GWNwo4ItcDtiWKpQM\" target=\"_blank\">https://shorturl.at/FGIU1</a></p>\n\n<p>რეგისტრაციის ბოლო ვადაა 12 ივლისი, 2023 წელი.</p>\n\n<p>ფესტივალის პირველ დღეს, 15 ივლისს, რეგისტრირებულ მონაწილეს შეუძლია ბანაკში ჩამოსვლა, რისთვისაც ბანაკი მათ უზუნველყოფს საკარვე ადგილით, სველ წერტილიზე, საშხაპესა და Wi-Fi -ზე წვდომით (საკარვე აღჭურვილობა, კვება და ტრანსპორტირება უნდა უზრუნველყოს თვითონ).</p>\n\n<p>საღამოს განმავლობაში და ფესტივალის დღეს, ბანაკის ტერიტორიაზე დაუკრავს დიჯეი.</p>\n\n<p><img alt=\"🏆\" src=\"https://static.xx.fbcdn.net/images/emoji.php/v9/tbe/1/16/1f3c6.png\" style=\"height:16px; width:16px\" />ფესტივალის გამარჯვებულები დასაჩუქრდებიან ფასიანი საჩუქრებითა და სიგელებით.</p>\n\n<p><img alt=\"🚌\" src=\"https://static.xx.fbcdn.net/images/emoji.php/v9/t79/1/16/1f68c.png\" style=\"height:16px; width:16px\" />ფესტივალის რეგისტრირებულ მონაწილეებს სურვლის შემთხვევაში შეუძლიათ ისარგებლონ მიკროავტობუსით, რომელიც უზრუნველყოფს ტრანსპორტირებას 16 ივლისს თბილისი-სვერი-თბილისი.</p>\n\n<p>შეკრების ადგილი ვარდების მოედანი (ველოსიპედის ძეგლთან) 16 ივლისი.</p>\n\n<p><img alt=\"✅\" src=\"https://static.xx.fbcdn.net/images/emoji.php/v9/t33/1/16/2705.png\" style=\"height:16px; width:16px\" />შეკრება - 07:30<br />\n<img alt=\"✅\" src=\"https://static.xx.fbcdn.net/images/emoji.php/v9/t33/1/16/2705.png\" style=\"height:16px; width:16px\" />მიკროავტობუსების გასვლა თბილისიდან სვერში -08:00<br />\n<img alt=\"✅\" src=\"https://static.xx.fbcdn.net/images/emoji.php/v9/t33/1/16/2705.png\" style=\"height:16px; width:16px\" />გამგზავრება სვერიდან თბილისში - 20:00</p>\n\n<p>16 ივნისს ფესტივალის მსვლელობისას რეგისტირებული მონაწილეებითვის უფასოდ დარიგდება ხილი, ტკბილეული, წყალი, ენერგეტიკული სასმელი.<br />\nბანაკის ტერიტორიაზე ფესტივალის სტუმრებისთვის ხელმისაწვდომი იქნება გამაგრილებები და ცხელი სასმელები, ასევე სხვადასხვა სახის საკვები პროდუქცია.<br />\n<img alt=\"☀️\" src=\"https://static.xx.fbcdn.net/images/emoji.php/v9/t6d/1/16/2600.png\" style=\"height:16px; width:16px\" /><img alt=\"☀️\" src=\"https://static.xx.fbcdn.net/images/emoji.php/v9/t6d/1/16/2600.png\" style=\"height:16px; width:16px\" /><img alt=\"☀️\" src=\"https://static.xx.fbcdn.net/images/emoji.php/v9/t6d/1/16/2600.png\" style=\"height:16px; width:16px\" /><img alt=\"☀️\" src=\"https://static.xx.fbcdn.net/images/emoji.php/v9/t6d/1/16/2600.png\" style=\"height:16px; width:16px\" /><img alt=\"☀️\" src=\"https://static.xx.fbcdn.net/images/emoji.php/v9/t6d/1/16/2600.png\" style=\"height:16px; width:16px\" /></p>\n\n<p><img alt=\"🚫\" src=\"https://static.xx.fbcdn.net/images/emoji.php/v9/t6f/1/16/1f6ab.png\" style=\"height:16px; width:16px\" />საცოც ტერიტორიაზე არ დაიშვებიან უჩაფხუტო და არაფხიზელ მდგომარეობაში მყოფი სტუმრები.</p>\n\n<p>ღონისძიებაში მონაწილეობის მიღება შეუძლია ნებისმიერ მსურველს (16 წლამდე ასაკის მონაწილეს აუცილებელია ახლდეს მეურვე).</p>\n\n<p>დამატებითი ინფორმაციისთვის დაგვიკავშირდით :</p>\n', '<p><img alt=\"📞\" src=\"https://static.xx.fbcdn.net/images/emoji.php/v9/t4d/1/16/1f4de.png\" style=\"height:16px; width:16px\" />&nbsp;557 300 700 გუგა დაბრუნდაშვილი</p>\n\n<p><img alt=\"📞\" src=\"https://static.xx.fbcdn.net/images/emoji.php/v9/t4d/1/16/1f4de.png\" style=\"height:16px; width:16px\" />&nbsp;599 780 067 ლევან გოგოლაძე</p>\n\n<p><img alt=\"📩\" src=\"https://static.xx.fbcdn.net/images/emoji.php/v9/tc0/1/16/1f4e9.png\" style=\"height:16px; width:16px\" />&nbsp;<a href=\"mailto:adventurecampgeorgia@gmail.com\">adventurecampgeorgia@gmail.com</a></p>\n\n<p>&nbsp;</p>\n\n<p>საცოც რეგიონზე მეტი ინფორმაციის მისაღებად ეწვირთ გვერდს -&nbsp;<a href=\"https://climbing.ge/ka/outdoor/Climbing_In_Sveri(Chiatura)\">ცოცვა სვერში</a></p>\n', '2023-07-08 17:51:21', '2023-07-08 17:51:21'),
(29, 'ru', '.', '<p>.</p>\n', '<p>.</p>\n', '<p>.</p>\n', '2023-07-08 17:51:22', '2023-07-08 17:51:22'),
(30, 'us', 'Climbing Festival in Sveri', '<p>.</p>\n', '<p>On July 15 and 16, Sveri Adventure Camp and the National Rock Climbing Federation of Georgia is organizing climbing festival in Sveri. The event is supported by the Ministry of Culture, Sports and Youth of Georgia.</p>\n\n<p>Festival program:</p>\n\n<p>July 15</p>\n\n<p>17:00 &ndash; 23:00 Opening of the festival, camping, picnic, bonfire, music, games, entertainment, friendly and relaxing environment</p>\n\n<p>July 16</p>\n\n<p>Competition start: 12:00<br />\nEnd of the competition: 17:00<br />\nAward ceremony: 18:00<br />\nCeremonial closing of the festival: 19:00</p>\n\n<p>Description of the festival</p>\n\n<p>All climbers, both professionals and amateurs, can participate in the festival based on online registration. Participants are required to have experience in lead climbing. participants born in 2009 (13-14 years) and younger are not allowed to the festival.</p>\n\n<p><img alt=\"🧗‍♂️\" src=\"https://static.xx.fbcdn.net/images/emoji.php/v9/t94/1/16/1f9d7_200d_2642.png\" style=\"height:16px; width:16px\" />&nbsp;It is mandatory for all participants to have their own equipment!!!<br />\nOn the location they will be provided with the participant card containing information up to 40 climbing lines. Completing line by the climber will be ranked only by a referee&rsquo;s signature.<br />\nDeadline for returning of the participant card is 17:00pm</p>\n\n<p><img alt=\"🏆\" src=\"https://static.xx.fbcdn.net/images/emoji.php/v9/tbe/1/16/1f3c6.png\" style=\"height:16px; width:16px\" />In female and male categories winners will be awarded according to the total score.</p>\n\n<p>Participants of the festival should register on the link below:<br />\n<img alt=\"👉\" src=\"https://static.xx.fbcdn.net/images/emoji.php/v9/t51/1/16/1f449.png\" style=\"height:16px; width:16px\" />&nbsp;<a href=\"https://l.facebook.com/l.php?u=https%3A%2F%2Fshorturl.at%2FFGIU1%3Ffbclid%3DIwAR3PkgueRkUHTp52HlaJUDIi0gEGg75X9DoDAFRUmavrUOTTzvcNMDQkojo&amp;h=AT1g0H6ZgpG-jLMguWrcnl9Z9DU48KEJYB9yiwLMDQ1SvwfLk2sY02N5NkeVKB7XyfUiKxLvLOrqjTSmofun35LLs6NR2NFdm-7OPZoSae3jLo7vNIA6nYBnyhgS&amp;__tn__=q&amp;c[0]=AT0hpi58AhdnqLmaWJFvza9g2tH1mtoHZmGOHTdokRr_2nzDz4FirfX3sGQFcfuuvjZJgKAet1yIdiFOHUfvwDC-zBvbeXv1YGYJpCTI18Y0MrNUWaPoMkm6fUaCoGNdAPAoTV7iUSy3wMLLbMf5e_xW7R6C\" target=\"_blank\">https://shorturl.at/FGIU1</a></p>\n\n<p>-------</p>\n\n<p>Deadline for the registration is 12 July, 2023.</p>\n\n<p>On the first day of the festival, July 15, the registered participant can arrive at the camp, for which the organizers will provide them with tent site, WC, shower and Wi-Fi for free (Transportation, tent equipment, and food are not included).</p>\n\n<p>During whole evening and festival day, Dj will play a music.</p>\n\n<p><img alt=\"🏆\" src=\"https://static.xx.fbcdn.net/images/emoji.php/v9/tbe/1/16/1f3c6.png\" style=\"height:16px; width:16px\" />&nbsp;The winners will be awarded with gifts and certificates.</p>\n\n<p><img alt=\"🚌\" src=\"https://static.xx.fbcdn.net/images/emoji.php/v9/t79/1/16/1f68c.png\" style=\"height:16px; width:16px\" />&nbsp;Registered participants of the festival, can use the minibuses scheduled by festival organizers on July 16, Tbilisi-Sveri-Tbilisi. Place of meeting Rose Square (Bicycle monument).</p>\n\n<p><img alt=\"✅\" src=\"https://static.xx.fbcdn.net/images/emoji.php/v9/t33/1/16/2705.png\" style=\"height:16px; width:16px\" />Gathering - 07:30<br />\n<img alt=\"✅\" src=\"https://static.xx.fbcdn.net/images/emoji.php/v9/t33/1/16/2705.png\" style=\"height:16px; width:16px\" />Departure from Tbilisi to Sveri -08:00<br />\n<img alt=\"✅\" src=\"https://static.xx.fbcdn.net/images/emoji.php/v9/t33/1/16/2705.png\" style=\"height:16px; width:16px\" />Departure from Sveri to Tbilisi- 19:00</p>\n\n<p>During the festival, participants will be provided with snacks.</p>\n\n<p>In the camp territory for the guests, there will be available soft and hot drinks as well as food products.</p>\n\n<p><img alt=\"☀️\" src=\"https://static.xx.fbcdn.net/images/emoji.php/v9/t6d/1/16/2600.png\" style=\"height:16px; width:16px\" /><img alt=\"☀️\" src=\"https://static.xx.fbcdn.net/images/emoji.php/v9/t6d/1/16/2600.png\" style=\"height:16px; width:16px\" /><img alt=\"☀️\" src=\"https://static.xx.fbcdn.net/images/emoji.php/v9/t6d/1/16/2600.png\" style=\"height:16px; width:16px\" /><img alt=\"☀️\" src=\"https://static.xx.fbcdn.net/images/emoji.php/v9/t6d/1/16/2600.png\" style=\"height:16px; width:16px\" /><img alt=\"☀️\" src=\"https://static.xx.fbcdn.net/images/emoji.php/v9/t6d/1/16/2600.png\" style=\"height:16px; width:16px\" /></p>\n\n<p><img alt=\"🚫\" src=\"https://static.xx.fbcdn.net/images/emoji.php/v9/t6f/1/16/1f6ab.png\" style=\"height:16px; width:16px\" />People in drunk condition and without helmets will not be allowed in climbing zone.</p>\n\n<p>Everyone can take part in the event (under 16 year, participants should be accompanied by official guardian).</p>\n\n<p>For more information, please contact:</p>\n', '<p><img alt=\"📞\" src=\"https://static.xx.fbcdn.net/images/emoji.php/v9/t4d/1/16/1f4de.png\" style=\"height:16px; width:16px\" />&nbsp;557 300 700 Guga Dabrundashvili</p>\n\n<p><img alt=\"📞\" src=\"https://static.xx.fbcdn.net/images/emoji.php/v9/t4d/1/16/1f4de.png\" style=\"height:16px; width:16px\" />&nbsp;599 780 067 Levan Gogoladze</p>\n\n<p><img alt=\"📩\" src=\"https://static.xx.fbcdn.net/images/emoji.php/v9/tc0/1/16/1f4e9.png\" style=\"height:16px; width:16px\" />&nbsp;<a href=\"mailto:adventurecampgeorgia@gmail.com\">adventurecampgeorgia@gmail.com</a></p>\n\n<p>&nbsp;</p>\n\n<p>For More information about climbing routes visit paga -&nbsp;<a href=\"https://climbing.ge/outdoor/Climbing_In_Sveri(Chiatura)\">Climbing In Sveri</a></p>\n', '2023-07-08 17:51:22', '2023-07-08 17:51:22'),
(31, 'ka', 'ცოცვის ფესტივალი სვერში 2023', '<p>.</p>\n', '<p>სეხტემბერში სოფელ სვერში ჩატარდება სპორტული ცოცვის ფესტივალი. მეტი ინფორმაცია დაემატება ღონისძიებამდე 2 კვირით ადრე.</p>\n', '', '2023-07-17 18:17:00', '2023-07-17 18:17:00'),
(32, 'ru', '.', '<p>.</p>\n', '<p>.</p>\n', '', '2023-07-17 18:17:00', '2023-07-17 18:17:00'),
(33, 'us', 'Climbing festival in Sveri 2023', '<p>.</p>\n', '<p>In september in sveri will be sport climbing festival. More information about event coming 2 week before event.</p>\n', '', '2023-07-17 18:17:00', '2023-07-17 18:17:00');

-- --------------------------------------------------------

--
-- Table structure for table `locale_films`
--

CREATE TABLE `locale_films` (
  `id` bigint UNSIGNED NOT NULL,
  `locale` varchar(191) CHARACTER SET utf8mb4 COLLATE utf8mb4_unicode_ci DEFAULT NULL,
  `name` varchar(191) CHARACTER SET utf8mb4 COLLATE utf8mb4_unicode_ci DEFAULT NULL,
  `short_description` varchar(191) CHARACTER SET utf8mb4 COLLATE utf8mb4_unicode_ci DEFAULT NULL,
  `text` text CHARACTER SET utf8mb4 COLLATE utf8mb4_unicode_ci,
  `coutry` varchar(191) CHARACTER SET utf8mb4 COLLATE utf8mb4_unicode_ci DEFAULT NULL,
  `issue_year` varchar(191) CHARACTER SET utf8mb4 COLLATE utf8mb4_unicode_ci DEFAULT NULL,
  `created_at` timestamp NULL DEFAULT NULL,
  `updated_at` timestamp NULL DEFAULT NULL
) ENGINE=InnoDB DEFAULT CHARSET=utf8mb4 COLLATE=utf8mb4_unicode_ci;

-- --------------------------------------------------------

--
-- Table structure for table `locale_mounts`
--

CREATE TABLE `locale_mounts` (
  `id` bigint UNSIGNED NOT NULL,
  `locale` varchar(191) CHARACTER SET utf8mb4 COLLATE utf8mb4_unicode_ci DEFAULT NULL,
  `title` varchar(191) CHARACTER SET utf8mb4 COLLATE utf8mb4_unicode_ci DEFAULT NULL,
  `short_description` varchar(191) CHARACTER SET utf8mb4 COLLATE utf8mb4_unicode_ci DEFAULT NULL,
  `text` text CHARACTER SET utf8mb4 COLLATE utf8mb4_unicode_ci,
  `how_get` text CHARACTER SET utf8mb4 COLLATE utf8mb4_unicode_ci,
  `best_time` text CHARACTER SET utf8mb4 COLLATE utf8mb4_unicode_ci,
  `what_need` text CHARACTER SET utf8mb4 COLLATE utf8mb4_unicode_ci,
  `created_at` timestamp NULL DEFAULT NULL,
  `updated_at` timestamp NULL DEFAULT NULL
) ENGINE=InnoDB DEFAULT CHARSET=utf8mb4 COLLATE=utf8mb4_unicode_ci;

--
-- Dumping data for table `locale_mounts`
--

INSERT INTO `locale_mounts` (`id`, `locale`, `title`, `short_description`, `text`, `how_get`, `best_time`, `what_need`, `created_at`, `updated_at`) VALUES
(1, 'ka', 'ffffff', '<p>ffffffffff</p>', '<p>ffffffff</p>', NULL, NULL, NULL, '2023-04-29 02:27:29', '2023-04-29 02:27:29'),
(2, 'ru', 'ffffffff', '<p>ffffffffffff</p>', '<p>fffffffff</p>', NULL, NULL, NULL, '2023-04-29 02:27:29', '2023-04-29 02:27:29'),
(3, 'us', 'ffff', '<p>ffffff</p>', '<p>fffffff</p>', NULL, NULL, NULL, '2023-04-29 02:27:29', '2023-04-29 02:27:29'),
(4, 'ka', 'ffffff', '<p>ffffffffff</p>', '<p>ffffffff</p>', NULL, NULL, NULL, '2023-04-29 02:44:54', '2023-04-29 02:44:54'),
(5, 'ru', 'ffffffff', '<p>ffffffffffff</p>', '<p>fffffffff</p>', NULL, NULL, NULL, '2023-04-29 02:44:54', '2023-04-29 02:44:54'),
(6, 'us', 'ffff', '<p>ffffff</p>', '<p>fffffff</p>', NULL, NULL, NULL, '2023-04-29 02:44:54', '2023-04-29 02:44:54'),
(7, 'ka', 'ჭაუხი', '<p>ჭაუხი არის კლდოვანი მასივი ჩრდილოეთ საქართველოში, მცხეთა - მთიანეთის მხარეში, დუშეთისა და ყაზბეგის მუნიციპალიტეტების საზღვარზე</p>', '<p>ჭაუხი არის კლდოვანი მასივი ჩრდილოეთ საქართველოში, მცხეთა - მთიანეთის მხარეში, დუშეთისა და ყაზბეგის მუნიციპალიტეტების საზღვარზე. მდებარეობს თუშეთ-ხევსურეთის კავკასიონის ჩრდილოეთ ნაწილში. მაქსიმალური სიმაღლე 3850მ.</p>\n\n<p>ჭაუხის მასივში არის 10 მწვერვალი, რომელთა სიმაღლე და სირთულე განსხვავებულია. ეს მასივი გამორჩეულია იმით, რომ აქ ნებისმიერი გამოცდილების ადამიანი შეძლებს, მისთვის შესაფერისი მარშრუტი იპოვოს. რეგიონში არის ყველა სირთულის მარშრუტი (E &ndash; D), რაც ყველა დონის ალპინისტს აძლევს შეარჩიოს თავისთვის სასურველი მარშრუტი.</p>\n\n<p>მასივი შედგება უმეტესად დიაბაზისგან. ხშირია დანალექი ქანები. რეგიონის მარჯვენა ნაწილი ( თიკანაძე, თაყაიშვილი, რჩეულიშვილი, მუხაძე, ბურსაჭირი) უმეტესად ნაშალია და მეტად მოსალოდნელია ქვათაცვენა. მტავარი ნაწილი ( წავახიშვილი, ლეონიძე, კამერუნი, ასათიანი) ნაკლებად შლადია და ქვათაცვენები ნაკლებადაა მოსალოდნელი.</p>\n\n<p><strong>ჭაუხის მასივის მწვერვალებია:&nbsp;</strong></p>\n\n<ul>\n	<li>\n	<p>&bdquo;<strong>ასათიანი</strong>&ldquo; - 3,850მ</p>\n	</li>\n	<li>\n	<p>&bdquo;<strong>კამერონი</strong>&ldquo; - 2,758მ</p>\n	</li>\n	<li>\n	<p>&bdquo;<strong>ლეონიძე</strong>&ldquo; - 3,751მ</p>\n	</li>\n	<li>\n	<p>&bdquo;<strong>ჯავახიშვილი</strong>&ldquo; - 3,741მ (N42˚32.660&#39;&nbsp;E044˚47.223&#39;)</p>\n	</li>\n	<li>\n	<p>&bdquo;<strong>რჩეულიშვილი</strong>&ldquo; - 3,642მ (N42˚32.111&#39;&nbsp;&nbsp;E044˚46.673&#39;)</p>\n	</li>\n	<li>\n	<p>&bdquo;<strong>თაყაიშვილი</strong>&ldquo; - 3,424მ;</p>\n	</li>\n	<li>\n	<p>&bdquo;<strong>თიკანაძე</strong>&ldquo; - 3,436 მ.</p>\n	</li>\n	<li>\n	<p>&quot;<strong>თსუ</strong>&quot; - 3,753მ (N42˚32.349&#39;&nbsp;E044˚47.483&#39;&nbsp;)</p>\n	</li>\n	<li>\n	<p>&quot;<strong>ფიროსმანი</strong>&quot; -&nbsp;3,858m&nbsp;(N42˚32.436&rsquo;&nbsp;E044˚47.617&#39;)</p>\n	</li>\n	<li>\n	<p><strong>აღმაშენებელი</strong> - 3,854m&nbsp;(N42˚32.473&#39;&nbsp;E044˚48.156&#39;)</p>\n	</li>\n</ul>\n\n<p>შენი გამოცდილების შესაფერის მარშრუტს სერტიფიცირებული გამყოლი შეგირჩევს.&nbsp;</p>', '<p>Camp</p>\n\n<p>სოფელ ჯუთადან (XXX2) მივემართებით &bdquo;ზეთა&ldquo; და &bdquo; მე - 5 -ე სეზონი&ldquo; -სკენ (XXXმ) მიმავალი ბილიკის ( 20 &ndash; 25 წთ). ჩავუვლით გვერდს ორივე კემპინგს და კვლავ ვაგრძელებთ ბილიკზე სიარულს. 15 &ndash; 20 წუთში მარჯვენა მხარეს გვხვდება ბარ - მაღაზია და 5 წუთში გვხვდება მდინარეზე გადასასვლელი. (გადასასვლელეზე ხიდი არ არის და გადასვლა გვიწევს ლოდიდან ლოდზე).</p>\n\n<p>მდინარის გადასვლის შემდეგ 35 &ndash; 45 წუტში ვხვდებით ტბასთან (XXXმ) აქვეა კაფე. ვაგრძელებთ გზას და 15-20 წუთში ვხვდებით გაშლილ მინდორში, რომელსაც ყოფს მდინარე. დაბანაკება შესაძლებელია მდინარის ორივე მხარეს. გაითვალისწინეთ, რომ ზოგ ადგილას საბანაკე ფასიანია? წყლის ავსება შესაძლებელია მდინარეში.</p>\n\n<p>ჯუთაში შესაძლებელია ცხენების ქირაობა, რაც ბევრი ბარგის შემთხვევაში გაგიმარტივებთ ასვლას.</p>\n\n<p>ადგილინკარგია, როგორც პატარა, აგრეთვე დიდი სპორტული ჯგუფების გასათავსებლად.</p>\n\n<p>საბანაკედან გასვლა შესაძლებელია ყველა მარშრუტზე, მაგრამ იმ მარშრუტებთან მისასვლელად, რომლებიც იწყება ჭაუხის ცირკიდან, გჭირდებათ 1,5 &ndash; 2 საათით მეტი, ვიდრე მეორე საბანაკედან. ამიტომაც მცირე ჯგუფების არსებობის შემთხვევაში და &bdquo;ცირკის მარშრუტების&ldquo; გავლის შემთხვევაში, გირჩევთ დაბანაკდეთ მე -2 -ე საბანაკეში.</p>\n\n<p><br />\n&nbsp;</p>\n\n<p>ჭაუხი camp 2</p>\n\n<p>პირველი საბანაკედან ვაგრძელებთ სიარულს. მორენას ვუვლით მარჯვნიდან და მივყვებით ბილიკს. 25 &ndash; 35 წუთში ვხვდებით გაშლილ ფერდზე. შევდივართ ოდნავ მარცხნივ და გავდივართ დიდი დახრილობის ვიწრო ქედზე. ქედს მიუყვება სერპანტინი. 30 &ndash; 40 წუთის შემდეგ ავდივართ ქედზე და ვაგრძლებეთ გზას და 10 &ndash; 15 წუთში მარჯვენა მხარეს გვხვდება საკარვე ადგილები. აქ დაბანაკება შესაძლებელია მხოლოდ პატარა ჯგუფებისთვის ( 4 &ndash; 5 კარავი). დიდი ჯგუფების დაბანაკება შესაძლებელია მხოლოდ პირველ საბანაკეში. წყლის ასავსებად მოგიწევთ სიარული 20 &ndash; 25 წუთი, ცირკის მიმართულებით, სადაც შეგხვდებათ პატარა მდინარე.</p>\n\n<p><br />\n&nbsp;</p>', '<p>ჭაუხის მასივი არ არის ძალიან მაღალი (3750მ) და ამიტომაც აქ შედარებით თბილი კლიმატია. ზაფხულში მარშრუტებზე ტემპერატურა დღე +2 +18◦, ღამე -3 -12 . წლის საუკეთესო პეიოდია, ივნისის შუა რიცხვებიდან, სექტემბრის ბოლომდე.</p>\n\n<p>ივნისის დასაწყისში ხშირია წვიმები, ასევე ზაფხულში შესაძლებელია წვიმიანი დღეები. ამიტომაც მარშრუტის წინ შეამოწმეტ ამინდის პროგნოზი.</p>', NULL, '2023-04-29 02:45:26', '2025-07-28 21:18:04'),
(8, 'ru', '.', '<p>.</p>', '<p>.</p>', '<p>.</p>', '<p>.</p>', NULL, '2023-04-29 02:45:26', '2023-05-28 01:48:23'),
(9, 'us', 'Chaukhi', '<p>Chaukhi</p>', '<p>Chaukhi is a rocky massif located in the northeastern part of Georgia, in the area of Mtskheta-Mtianeti, on the border of Dusheti and Kazbegi municipalities. It is situated in the northern section of the Tusheti-Khevsureti Caucasus range. The maximum elevation is 3,745 meters.</p>\n\n<p>There are 10 peaks on the rocky slopes and cliffs of the Chiukhi Massif, each with its height and difficulty. With the numerous options, beginner climbers can find the proper route. Within the region, there is a route for all difficulty levels (from E to D), which allows alpinists of every skill level to choose their desired route.</p>\n\n<p>The massif is predominantly composed of diabase. Steep cliffs are common, and the eastern part of the region (Tikanadze, Tayayishvili, Rchulishvili, Mukhadze, Bursachiri) is particularly rugged and offers more challenging rock climbing. The western section (Tsavakheishvili, Leonidze, Kameruni, Asatiani) is less steep and features fewer cliffs, making it more accessible for climbers.</p>\n\n<p><strong>The Chiukhi Massif peak heights:</strong></p>\n\n<ul>\n	<li>\n	<p><strong>Asatiani</strong> &ndash; 3,850 m</p>\n	</li>\n	<li>\n	<p><strong>Cameron</strong> &ndash; 2,758 m</p>\n	</li>\n	<li>\n	<p><strong>Leonidze</strong> &ndash; 3,751 m</p>\n	</li>\n	<li>\n	<p><strong>Javakhishvili</strong> &ndash; 3,741 m&nbsp;(N42&deg;32.660&#39; E044&deg;47.223&#39;)</p>\n	</li>\n	<li>\n	<p><strong>Rcheulishvili</strong> &ndash; 3,642 m (Coordinates: N42&deg;32.111&#39; E044&deg;46.673&#39;)</p>\n	</li>\n	<li>\n	<p><strong>Takaishvili</strong> &ndash; 3,424 m</p>\n	</li>\n	<li>\n	<p><strong>Tikanadze</strong> &ndash; 3,436 m</p>\n	</li>\n	<li>\n	<p><strong>TSU</strong> - 3,753 (N42˚32.349&#39;&nbsp;E044˚47.483&#39;)</p>\n	</li>\n	<li>\n	<p><strong>Pirosmani</strong> &ndash; 3,858 m (Coordinates: N42&deg;32.436&#39; E044&deg;47.617&#39;)</p>\n	</li>\n	<li>\n	<p><strong>Aghmashenebeli</strong> &ndash; 3,854 m (Coordinates: N42&deg;32.473&#39; E044&deg;48.156&#39;)</p>\n	</li>\n</ul>\n\n<p>The certified guide will decide on a route that best fits your experience level.</p>', '<p>From the village Jutadi (XXX2), we head towards the &quot;Zeta&quot; and &quot;5th Season&quot; scenic spots (XXXm) of the Biliki (20-25 minutes). We reach both campsites and continue enjoying the beauty of Biliki. After 15-20 minutes, we encounter a bar-store on the right side and a bridge crossing in 5 minutes (there is no fee for crossing, and it takes us from one side to another).</p>\n\n<p>After crossing the bridge, in 35-45 minutes, we arrive at the Tbatsana Caf&eacute; (XXXm) where we can take a break. We continue on the trail and after 15-20 minutes, we reach the split in the road, which leads to Mindori, where the source of the river is located. It is possible to swim in the river. It is possible to swim in the river.</p>\n\n<p>In Juta, it is possible to rent horses, which makes it easier to reach many parts of the Bargi area.</p>\n\n<p>It is an ideal place for both small and large sports groups.</p>\n\n<p>It is possible to exit from any campsite to all the routes, but to reach the routes starting from the Chaukhi Cirque, it requires an additional 1.5-2 hours compared to the second exit from the camp. Therefore, in the case of small groups and during the transition to the &quot;Cirque Routes,&quot; I suggest staying in the second camp.</p>\n\n<p>Chaukhi Camp 2: From the first campsite, we continue our journey to the Cirque. We cross the Moraine from the right side and follow the Biliki. In 25-35 minutes, we reach the divided horse and continue on the trail. We enter the dense forest from the left side and reach the steep slope. The Serpentine awaits us. After 30-40 minutes, we climb the slope and continue on the trail, and in 10-15 minutes, we reach the rocky part on the right side. Here, only small groups (4-5 tents) can camp. Large groups can camp only in the first campsite. You can enjoy the beauty of the river for about 20-25 minutes, according to the circulation, where you will find a small waterfall.</p>', '<p>The Chaukhi massif is not very high (3750m), and therefore the climate here is relatively mild. In summer, temperatures along the routes range from +2 to +18&deg;C during the day and -3 to -12&deg;C at night. The best time to visit is from mid-June to the end of September.</p>\n\n<p>At the beginning of June, rain showers are frequent, and there is a possibility of rainy days throughout the summer. That&#39;s why it is advisable to check the weather forecast before embarking on a route.</p>', NULL, '2023-04-29 02:45:26', '2025-07-28 21:18:04'),
(10, 'ka', 'მყინვარწვერი', '<p>მყინვარწვერი საქართველოში მდებარე ულამაზესი მწვერვალია, რომელსაც ყოველწლიურად ათასობით სპორტსმენი სტუმრობს.</p>', '<p>მყინვარწვერი კავკასიონის ქედზე მდებარე ჩამქრალი ვულკანია, რომლის უკანასკნელი ამოფრქვევა, ვარაუდობენ, რომ შუა პლეისტოცენში მოხდა &mdash; დაახლოებით 2,580,000-დან 11,700 წლის წინ.</p>\n\n<p>მყინვარწვერიდან ეშვება რამდენიმე მყინვარი, მათ შორის: სუათისი, მნა, ორწვერი, დევდარაკი და სხვა. აქვე იღებს სათავეს საქართველოს ერთ-ერთი ყველაზე სწრაფი მდინარე &mdash; თერგი.</p>\n\n<p>მყინვარწვერი განსაკუთრებით საინტერესოა მთამსვლელებისთვის. თუმცა, მასზე ასასვლელად აუცილებელი არ არის პროფესიონალი სპორტსმენი იყო. საჭირო იქნება კარგი ფიზიკური მომზადება, სწორად შერჩეული დრო, შესაბამისი აღჭურვილობა და რაც ყველაზე მთავარია &mdash; პროფესიონალი გიდის თანხმლება.</p>', '<p>მყინვარწვერი მდებარეობს ყაზბეგის რეგიონში, საქართველოსა და რუსეთის საზღვარზე, თბილისიდან (საქართველოს დედაქალაქიდან) ჩრდილოეთით დაახლოებით 150 კილომეტრში.</p>\n\n<p>მყინვარწვერზე ასასვლელად საჭიროა ბეთლემის ქოხში (მეტეოსადგურში) ასვლა, საიდანაც შესაძლებელია აღმასვლა სხვადასხვა მარშრუტით.</p>\n\n<p>ბეთლემის ქოხამდე მისასვლელი გზა იხილეთ რუკაზე.</p>', '<p>ასვლის სეზონი გრძელდება მაისის შუა რიცხვებიდან სექტემბრის ბოლომდე, თუმცა საუკეთესო თვეებია ივლისი და აგვისტო.</p>\n\n<p>ზამთარში ასვლა შესაძლებელია, თუმცა რეკომენდებულია მხოლოდ იმ შემთხვევაში, თუ გამოცდილი მთამსვლელი ხართ.</p>', NULL, '2023-05-02 02:45:32', '2025-07-04 18:55:44'),
(11, 'ru', 'მყინვარწვერი', '<p>მყინვარწვერი</p>', '<p>მყინვარწვერი</p>', NULL, NULL, NULL, '2023-05-02 02:45:32', '2023-05-02 02:45:32'),
(12, 'us', 'Mkinvartsveri', '<p>Mount Kazbek is one of the most beautiful peaks in Georgia, attracting thousands of climbers every year.</p>', '<p>Mount Kazbek is a dormant volcano located in the Caucasus, whose last eruption is believed to have occurred during the Middle Pleistocene, roughly between 2,580,000 and 11,700 years ago.</p>\n\n<p>Several glaciers descend from Kazbek, including Suatisi, Mna, Ortsveri, Devdaraki, and others. The mountain is also the source of Georgia&rsquo;s fastest river, the Tergi.</p>\n\n<p>Kazbek is particularly interesting for mountaineers. However, climbing it does not require being a professional athlete. What you will need is good physical fitness, the right timing, proper equipment, and, most importantly, a professional guide.</p>', '<p>Mount Kazbek is located in the Kazbegi region, on the border between Georgia and Russia, approximately 150 kilometers north of Tbilisi, the capital of Georgia.</p>\n\n<p>To climb Mount Kazbek, it is necessary to first reach the Bethlemi Hut (meteorological station), from where various ascent routes are accessible.</p>\n\n<p>See the map for the route to Bethlemi Hut.</p>', '<p>The climbing season lasts from mid-May until the end of September, with July and August being the best months.</p>\n\n<p>Winter ascents are possible but recommended only for experienced mountaineers.</p>', NULL, '2023-05-02 02:45:32', '2025-07-04 18:55:44'),
(13, 'ka', 'თეთნულდი', '<p>.</p>', '<p><strong>თეთნულდი</strong> &mdash; მწვერვალი საქართველოში, სამეგრელო-ზემო სვანეთის მხარეში, მესტიის მუნიციპალიტეტში. მდებარეობს სვანეთის კავკასიონის მთავარ წყალგამყოფ ქედზე, მდინარე ენგურის სათავეებთან. სიმაღლე ზღვის დონიდან &mdash; 4852 მ. აგებულია ძირითადად ძველი კრისტალური ქანებისაგან. 3000 მეტრის ზემოთ დაფარულია მუდმივი თოვლით. თეთნულდი გამყინვარების მნიშვნელოვანი ცენტრია. მის ფერდობებზე ეშვება წანერის მყინვარი, ადიშის მყინვარი და სხვა.</p>\n\n<p>მწვერვალზე პირველად ავიდნენ 1930 წელს, ალექსანდრე ჯაფარიძის ხელმძღვანელობით. სიმონ ჯაფარიძის დაღუპვასთან დაკავშირებით, მწვერვალის სამხრეთ-დასავლეთ კალთაზე მდებარე გაშიშვლებულ კლდეს &bdquo;ჯაფარიძის მოწმეები&ldquo; ეწოდა.</p>\n\n<p>თეთნულდის მიმდებარედ ფუნქციონირებს სამთო-სათხილამურო კურორტი <strong>თეთნულდი</strong>. კურორტის მშენებლობა დაიწყო 2014 წლის მაისში, ხოლო პირველი ფაზა დასრულდა 2016 წლის იანვარში. თეთნულდის სათხილამურო ტრასა ამიერკავკასიაში ყველაზე გრძელი (9.5 კმ) და ვერტიკალური ვარდნის თვალსაზრისით &mdash; ყველაზე დიდი (1.7 კმ) ტრასაა.</p>', '<p>.</p>', '<p>.</p>', NULL, '2024-02-07 22:37:02', '2025-06-01 23:49:05'),
(14, 'ru', 'Caukhi', '<p>.</p>', '<p>.</p>', '<p>.</p>', '<p>.o</p>', NULL, '2024-02-07 22:37:02', '2024-02-07 22:37:02'),
(15, 'us', 'Tetnuldi', '<p>.</p>', '<p><strong>Tetnuldi</strong> is a mountain summit in Georgia, located in the Samegrelo-Zemo Svaneti region, within the Mestia municipality. It lies on the main watershed ridge of the Svaneti Caucasus, at the headwaters of the Enguri River. Its elevation is 4,852 meters above sea level. The mountain is primarily composed of ancient crystalline rocks. Above 3,000 meters, it is covered by permanent snow. Tetnuldi is a major glaciation center, with glaciers such as the Tsaneri and Adishi glaciers descending from its slopes.</p>\n\n<p>The summit was first climbed in 1930 under the leadership of Alexander Japaridze. In memory of Simon Japaridze&rsquo;s death, a bare rock on the mountain&rsquo;s southwestern slope is called the &ldquo;Witnesses of Japaridze.&rdquo;</p>\n\n<p>Near Tetnuldi operates the Tetnuldi ski resort. Construction of the resort began in May 2014, and the first phase was completed in January 2016. The Tetnuldi ski trail is the longest in the South Caucasus (9.5 km) and has the greatest vertical drop (1.7 km).</p>', '<p>.</p>', '<p>.</p>', NULL, '2024-02-07 22:37:02', '2025-06-01 23:49:05'),
(16, 'ka', 'სამხრეთ უშბა', '<p>.</p>', '<p><strong>უშბა</strong> &mdash; ორ მწვერვალზე განლაგებული მთა საქართველოში, სამეგრელო-ზემო სვანეთის მხარეში, მესტიის მუნიციპალიტეტში. მდებარეობს სვანეთის კავკასიონის ქედზე, მწვერვალ იალბუზის სამხრეთ-აღმოსავლეთით, კავკასიონის მთავარი წყალგამყოფი ქედის პატარა განშტოებაზე. უშბას გააჩნია ორი მწვერვალი &mdash; სამხრეთი და ჩრდილოეთი. <strong>სამხრეთ უშბის</strong> სიმაღლეა <strong>4710 მ</strong>, ხოლო <strong>ჩრდილოეთ უშბისა</strong> &mdash; <strong>4690 მ</strong>. აგებულია პალეოზოური გრანიტებითა და კრისტალური ფიქლებით. ტერიტორიას ახასიათებს ნივალური (თოვლიან-მყინვარული) ლანდშაფტი. ლონდონში არსებობს ალპინისტთა კლუბი სახელწოდებით &bdquo;უშბა&ldquo;.</p>\n\n<p>უშბის სამხრეთ-აღმოსავლეთით, დაახლოებით 10 კმ-ში მდებარეობს ქალაქი <strong>მესტია</strong>. უშბას მწვერვალები, თავიანთი სილამაზითა და მიუდგომლობით, იზიდავს მრავალ ალპინისტსა და ტურისტს. უშბას ფერდობებიდან ეშვება ორი მნიშვნელოვანი მყინვარი: <strong>გულის მყინვარი</strong> და <strong>უშბის მყინვარი</strong>. რეგიონში განვითარებულია <strong>ალპინიზმი</strong>. ჩრდილოეთ მწვერვალი შედარებით უფრო ადვილად დასალაშქრავია, ვიდრე სამხრეთი.</p>\n\n<p>უშბაზე ასვლის პირველი მცდელობა 1868 წელს ინგლისელმა ალპინისტებმა, დაგლას ფრეშფილდის ხელმძღვანელობით, განახორციელეს, თუმცა მათი ყველა ცდა უშედეგოდ დასრულდა. მხოლოდ 1888 წელს მოახერხეს ინგლისელმა ალპინისტებმა &mdash; <strong>ჯონ კოკინმა</strong> და <strong>ულრიხ ალმერმა</strong>, მეოთხე მცდელობით, <strong>ჩრდილოეთის პიკის</strong> დაპყრობა <strong>გულის მყინვარის</strong> გავლით. ეს იყო პირველი წარმატებული ასვლა უშბაზე.</p>\n\n<p><strong>სამხრეთ უშბა</strong> მეთექვსმეტე ცდაზე პირველად დაპყრეს გერმანია-შვეიცარიის გაერთიანებული გუნდის წევრებმა &mdash; <strong>რ. გებლინგი, ა. ვებერი, ფ. რეინერტი</strong> და <strong>ა. შულიცე</strong>, <strong>ადოლფ შულიცეს</strong> ხელმძღვანელობით. იმ დროიდან მოყოლებული, მომდევნო 60 წლის განმავლობაში სამხრეთ უშბაზე განხორციელებული ასვლებიდან მხოლოდ ოთხი დასრულდა წარმატებით.</p>\n\n<p><strong>1934 წელს</strong> უშბაზე ავიდა პირველი ქართული ჯგუფი &mdash; <strong>და-ძმა ალექსანდრა და ალიოშა ჯაფარიძეები</strong>, <strong>გიო ნიგურიანი</strong> და <strong>იაგორ კაზალიკაშვილი</strong>. ამასთან, <strong>ალექსანდრა ჯაფარიძე</strong> იყო პირველი ქალი, რომელმაც ფეხი შედგა უშბის პიკზე.</p>\n\n<p><strong>1937 წელს</strong> სამხრეთ უშბაზე სამხრეთის ურთულესი კედლით პირველად ავიდნენ <strong>გაბრიელ, ბექნუ და ბესარიონ ხერგიანები</strong>, <strong>ჭიჭიკო ჩართოლანი</strong> და <strong>მაქსიმე გვარლიანი</strong>. ამით ჩაეყარა საფუძველი <strong>უშბაზე კლდოვან ასვლებს</strong>.</p>\n\n<p>მთლიანად, <strong>სამხრეთ უშბაზე</strong> გავლილია <strong>19 მარშრუტი</strong> (მათ შორის 7 &mdash; <strong>6A კატეგორიისა</strong>), ხოლო <strong>ჩრდილოეთ უშბაზე</strong> &mdash; <strong>13 მარშრუტი</strong> (მათგან 4 &mdash; ასევე <strong>6A კატეგორიისა</strong>).</p>\n\n<p><br />\n<br />\n<strong>რით არის განსაკუთრებული მწვერვალი უშბა?</strong><br />\nსვანურად <em>უშბა</em> ნიშნავს &bdquo;ქარიშხლიან მთას&ldquo;, რაც სიმბოლურად შეესაბამება მის ბუნებას &mdash; მწვერვალის ორ მწვერვალს შორის თითქმის მუდმივად ძლიერი ქარი უბერავს.</p>\n\n<p>უშბა შესულია მსოფლიოს ყველაზე რთულად დასალაშქრი 100 მწვერვალის სიაში. ციცაბო ფერდობებისა და უნიკალური მიკროკლიმატის გამო, მთამსვლელებისთვის ის კავკასიაში ერთ-ერთ ყველაზე ძნელად დასაძლევ მწვერვალად მიიჩნევა. თავისი იდუმალებითა და მიუდგომლობით იგი განსაკუთრებით იზიდავს ექსტრემის მოყვარულებს.</p>\n\n<p>უშბაზე ასვლის პირველი მცდელობა 1868 წელს ინგლისელმა ალპინისტებმა განახორციელეს, თუმცა უშედეგოდ. პირველი წარმატებული ასვლა 1888 წელს, მეოთხე ცდაზე, ასევე ინგლისელმა მთამსვლელებმა შეძლეს.<br />\n1934 წელს უშბაზე ავიდა პირველი ქართული ჯგუფი &mdash; და-ძმა ალექსანდრა და ალიოშა ჯაფარიძეები, გიო ნიგურიანი და იაგორ კაზალიკაშვილი. ამ ასვლით <strong>ალექსანდრა ჯაფარიძე</strong> გახდა პირველი ქალი, რომელმაც ფეხი დაადგა უშბის მწვერვალს.</p>\n\n<p>უშბა განსაკუთრებით ლამაზი ზამთარშია, როცა მარადიულ თოვლში გახვეული მწვერვალი მზის ჩასვლისას ალისფრად იღებება &mdash; მომნუსხველი სანახაობა, რომელიც დაუვიწყარ შთაბეჭდილებას ტოვებს.</p>', NULL, NULL, NULL, '2024-05-06 14:49:21', '2025-06-01 23:43:54'),
(17, 'us', 'South Ushba', '<p>.</p>', '<p><strong>Ushba</strong> is a mountain with two summits located in Georgia, in the Samegrelo-Zemo Svaneti region, Mestia Municipality. It is situated on the Svaneti section of the Greater Caucasus Range, southeast of Mount Elbrus, on a small branch of the main watershed ridge of the Caucasus. Ushba has two peaks &mdash; the southern and the northern. The elevation of the southern Ushba is 4,710 meters, and the northern Ushba is 4,690 meters. The mountain is composed of Paleozoic granites and crystalline schists. The area features a nivale (snow and glacial) landscape. There is also a mountaineering club named &quot;Ushba&quot; in London.</p>\n\n<p>About 10 km southeast of Ushba lies the town of Mestia. The mountain&rsquo;s peaks, due to their beauty and inaccessibility, attract many climbers and tourists. Two major glaciers descend from Ushba&rsquo;s slopes: the Gul (Guli) Glacier and the Ushba Glacier. The region has a developed mountaineering tradition. The northern peak is considered easier to climb than the southern one.</p>\n\n<p>The first attempt to ascend Ushba was made in 1868 by British mountaineers led by Douglas Freshfield, but all their efforts were unsuccessful. It was not until 1888 that British climbers John Cockin and Ulrich Almer, on their fourth attempt, successfully reached the northern peak via the Gul Glacier. This marked the first successful ascent of Ushba.</p>\n\n<p>The southern peak was conquered on the 16th attempt by a joint German-Swiss team &mdash; R. Helbling, A. Weber, F. Reinhardt, and A. Schulze &mdash; under the leadership of Adolf Schulze. From that point onward, over the next 60 years, only four of the ascents to the southern summit were successful.</p>\n\n<p>In 1934, the first Georgian group reached Ushba&rsquo;s summit: siblings Alexandra and Alyosha Japaridze, Gio Niguriani, and Iagor Kazalikashvili. Notably, Alexandra Japaridze became the first woman to set foot on Ushba&#39;s peak.</p>\n\n<p>In 1937, the first ascent of Ushba&rsquo;s southern summit via its most difficult southern face was made by Gabriel, Beknu, and Besarion Khergiani, Chichiko Chartolani, and Maxime Gvarliani. This marked the beginning of technical rock climbing routes on Ushba.</p>\n\n<p>In total, there are 19 routes on the southern summit of Ushba (7 of which are graded 6A), and 13 routes on the northern summit (4 of which are graded 6A).</p>\n\n<hr />\n<h3><strong>What makes Ushba special?</strong></h3>\n\n<p>In Svan (the local language), <em>Ushba</em> means &ldquo;the stormy mountain,&rdquo; which symbolically reflects its nature &mdash; a strong wind almost always blows between its twin peaks.</p>\n\n<p>Ushba is listed among the world&rsquo;s 100 most difficult mountains to climb. Due to its steep slopes and unique microclimate, climbers consider it one of the most challenging peaks in the Caucasus. Its mystique and inaccessibility make it especially attractive to adventure seekers and extreme sports enthusiasts.</p>\n\n<p>The first attempt to climb Ushba was made in 1868 by British alpinists, but it ended in failure. The first successful ascent took place in 1888, on the fourth attempt, by another group of British climbers.</p>\n\n<p>In 1934, the first Georgian expedition &mdash; Alexandra and Alyosha Japaridze, Gio Niguriani, and Iagor Kazalikashvili &mdash; reached the summit. Alexandra Japaridze became the first woman to set foot on Ushba&#39;s peak.</p>\n\n<p>Ushba is especially stunning in winter, when its eternally snow-covered summit turns crimson at sunset &mdash; a breathtaking sight that leaves an unforgettable impression.</p>', NULL, NULL, NULL, '2024-05-06 14:49:21', '2025-06-01 23:43:54'),
(18, 'ka', 'ჩრდილოეთ უშბა', '<p>.</p>', '<p><strong>უშბა</strong> &mdash; ორ მწვერვალზე განლაგებული მთა საქართველოში, სამეგრელო-ზემო სვანეთის მხარეში, მესტიის მუნიციპალიტეტში. მდებარეობს სვანეთის კავკასიონის ქედზე, მწვერვალ იალბუზის სამხრეთ-აღმოსავლეთით, კავკასიონის მთავარი წყალგამყოფი ქედის პატარა განშტოებაზე. უშბას გააჩნია ორი მწვერვალი &mdash; სამხრეთი და ჩრდილოეთი. <strong>სამხრეთ უშბის</strong> სიმაღლეა <strong>4710 მ</strong>, ხოლო <strong>ჩრდილოეთ უშბისა</strong> &mdash; <strong>4690 მ</strong>. აგებულია პალეოზოური გრანიტებითა და კრისტალური ფიქლებით. ტერიტორიას ახასიათებს ნივალური (თოვლიან-მყინვარული) ლანდშაფტი. ლონდონში არსებობს ალპინისტთა კლუბი სახელწოდებით &bdquo;უშბა&ldquo;.</p>\n\n<p>უშბის სამხრეთ-აღმოსავლეთით, დაახლოებით 10 კმ-ში მდებარეობს ქალაქი <strong>მესტია</strong>. უშბას მწვერვალები, თავიანთი სილამაზითა და მიუდგომლობით, იზიდავს მრავალ ალპინისტსა და ტურისტს. უშბას ფერდობებიდან ეშვება ორი მნიშვნელოვანი მყინვარი: <strong>გულის მყინვარი</strong> და <strong>უშბის მყინვარი</strong>. რეგიონში განვითარებულია <strong>ალპინიზმი</strong>. ჩრდილოეთ მწვერვალი შედარებით უფრო ადვილად დასალაშქრავია, ვიდრე სამხრეთი.</p>\n\n<p>უშბაზე ასვლის პირველი მცდელობა 1868 წელს ინგლისელმა ალპინისტებმა, დაგლას ფრეშფილდის ხელმძღვანელობით, განახორციელეს, თუმცა მათი ყველა ცდა უშედეგოდ დასრულდა. მხოლოდ 1888 წელს მოახერხეს ინგლისელმა ალპინისტებმა &mdash; <strong>ჯონ კოკინმა</strong> და <strong>ულრიხ ალმერმა</strong>, მეოთხე მცდელობით, <strong>ჩრდილოეთის პიკის</strong> დაპყრობა <strong>გულის მყინვარის</strong> გავლით. ეს იყო პირველი წარმატებული ასვლა უშბაზე.</p>\n\n<p><strong>სამხრეთ უშბა</strong> მეთექვსმეტე ცდაზე პირველად დაპყრეს გერმანია-შვეიცარიის გაერთიანებული გუნდის წევრებმა &mdash; <strong>რ. გებლინგი, ა. ვებერი, ფ. რეინერტი</strong> და <strong>ა. შულიცე</strong>, <strong>ადოლფ შულიცეს</strong> ხელმძღვანელობით. იმ დროიდან მოყოლებული, მომდევნო 60 წლის განმავლობაში სამხრეთ უშბაზე განხორციელებული ასვლებიდან მხოლოდ ოთხი დასრულდა წარმატებით.</p>\n\n<p><strong>1934 წელს</strong> უშბაზე ავიდა პირველი ქართული ჯგუფი &mdash; <strong>და-ძმა ალექსანდრა და ალიოშა ჯაფარიძეები</strong>, <strong>გიო ნიგურიანი</strong> და <strong>იაგორ კაზალიკაშვილი</strong>. ამასთან, <strong>ალექსანდრა ჯაფარიძე</strong> იყო პირველი ქალი, რომელმაც ფეხი შედგა უშბის პიკზე.</p>\n\n<p><strong>1937 წელს</strong> სამხრეთ უშბაზე სამხრეთის ურთულესი კედლით პირველად ავიდნენ <strong>გაბრიელ, ბექნუ და ბესარიონ ხერგიანები</strong>, <strong>ჭიჭიკო ჩართოლანი</strong> და <strong>მაქსიმე გვარლიანი</strong>. ამით ჩაეყარა საფუძველი <strong>უშბაზე კლდოვან ასვლებს</strong>.</p>\n\n<p>მთლიანად, <strong>სამხრეთ უშბაზე</strong> გავლილია <strong>19 მარშრუტი</strong> (მათ შორის 7 &mdash; <strong>6A კატეგორიისა</strong>), ხოლო <strong>ჩრდილოეთ უშბაზე</strong> &mdash; <strong>13 მარშრუტი</strong> (მათგან 4 &mdash; ასევე <strong>6A კატეგორიისა</strong>).</p>\n\n<p>&nbsp;</p>\n\n<p><strong>რით არის განსაკუთრებული მწვერვალი უშბა?</strong><br />\nსვანურად <em>უშბა</em> ნიშნავს &bdquo;ქარიშხლიან მთას&ldquo;, რაც სიმბოლურად შეესაბამება მის ბუნებას &mdash; მწვერვალის ორ მწვერვალს შორის თითქმის მუდმივად ძლიერი ქარი უბერავს.</p>\n\n<p>უშბა შესულია მსოფლიოს ყველაზე რთულად დასალაშქრი 100 მწვერვალის სიაში. ციცაბო ფერდობებისა და უნიკალური მიკროკლიმატის გამო, მთამსვლელებისთვის ის კავკასიაში ერთ-ერთ ყველაზე ძნელად დასაძლევ მწვერვალად მიიჩნევა. თავისი იდუმალებითა და მიუდგომლობით იგი განსაკუთრებით იზიდავს ექსტრემის მოყვარულებს.</p>\n\n<p>უშბაზე ასვლის პირველი მცდელობა 1868 წელს ინგლისელმა ალპინისტებმა განახორციელეს, თუმცა უშედეგოდ. პირველი წარმატებული ასვლა 1888 წელს, მეოთხე ცდაზე, ასევე ინგლისელმა მთამსვლელებმა შეძლეს.<br />\n1934 წელს უშბაზე ავიდა პირველი ქართული ჯგუფი &mdash; და-ძმა ალექსანდრა და ალიოშა ჯაფარიძეები, გიო ნიგურიანი და იაგორ კაზალიკაშვილი. ამ ასვლით <strong>ალექსანდრა ჯაფარიძე</strong> გახდა პირველი ქალი, რომელმაც ფეხი დაადგა უშბის მწვერვალს.</p>\n\n<p>უშბა განსაკუთრებით ლამაზი ზამთარშია, როცა მარადიულ თოვლში გახვეული მწვერვალი მზის ჩასვლისას ალისფრად იღებება &mdash; მომნუსხველი სანახაობა, რომელიც დაუვიწყარ შთაბეჭდილებას ტოვებს.</p>', NULL, NULL, NULL, '2024-05-06 14:51:58', '2025-06-01 23:42:15'),
(19, 'us', 'North Ushba', '<p>.</p>', '<p><strong>Ushba</strong> is a mountain with two summits located in Georgia, in the Samegrelo-Zemo Svaneti region, Mestia Municipality. It is situated on the Svaneti section of the Greater Caucasus Range, southeast of Mount Elbrus, on a small branch of the main watershed ridge of the Caucasus. Ushba has two peaks &mdash; the southern and the northern. The elevation of the southern Ushba is 4,710 meters, and the northern Ushba is 4,690 meters. The mountain is composed of Paleozoic granites and crystalline schists. The area features a nivale (snow and glacial) landscape. There is also a mountaineering club named &quot;Ushba&quot; in London.</p>\n\n<p>About 10 km southeast of Ushba lies the town of Mestia. The mountain&rsquo;s peaks, due to their beauty and inaccessibility, attract many climbers and tourists. Two major glaciers descend from Ushba&rsquo;s slopes: the Gul (Guli) Glacier and the Ushba Glacier. The region has a developed mountaineering tradition. The northern peak is considered easier to climb than the southern one.</p>\n\n<p>The first attempt to ascend Ushba was made in 1868 by British mountaineers led by Douglas Freshfield, but all their efforts were unsuccessful. It was not until 1888 that British climbers John Cockin and Ulrich Almer, on their fourth attempt, successfully reached the northern peak via the Gul Glacier. This marked the first successful ascent of Ushba.</p>\n\n<p>The southern peak was conquered on the 16th attempt by a joint German-Swiss team &mdash; R. Helbling, A. Weber, F. Reinhardt, and A. Schulze &mdash; under the leadership of Adolf Schulze. From that point onward, over the next 60 years, only four of the ascents to the southern summit were successful.</p>\n\n<p>In 1934, the first Georgian group reached Ushba&rsquo;s summit: siblings Alexandra and Alyosha Japaridze, Gio Niguriani, and Iagor Kazalikashvili. Notably, Alexandra Japaridze became the first woman to set foot on Ushba&#39;s peak.</p>\n\n<p>In 1937, the first ascent of Ushba&rsquo;s southern summit via its most difficult southern face was made by Gabriel, Beknu, and Besarion Khergiani, Chichiko Chartolani, and Maxime Gvarliani. This marked the beginning of technical rock climbing routes on Ushba.</p>\n\n<p>In total, there are 19 routes on the southern summit of Ushba (7 of which are graded 6A), and 13 routes on the northern summit (4 of which are graded 6A).</p>\n\n<p>&nbsp;</p>\n\n<h3><strong>What makes Ushba special?</strong></h3>\n\n<p>In Svan (the local language), <em>Ushba</em> means &ldquo;the stormy mountain,&rdquo; which symbolically reflects its nature &mdash; a strong wind almost always blows between its twin peaks.</p>\n\n<p>Ushba is listed among the world&rsquo;s 100 most difficult mountains to climb. Due to its steep slopes and unique microclimate, climbers consider it one of the most challenging peaks in the Caucasus. Its mystique and inaccessibility make it especially attractive to adventure seekers and extreme sports enthusiasts.</p>\n\n<p>The first attempt to climb Ushba was made in 1868 by British alpinists, but it ended in failure. The first successful ascent took place in 1888, on the fourth attempt, by another group of British climbers.</p>\n\n<p>In 1934, the first Georgian expedition &mdash; Alexandra and Alyosha Japaridze, Gio Niguriani, and Iagor Kazalikashvili &mdash; reached the summit. Alexandra Japaridze became the first woman to set foot on Ushba&#39;s peak.</p>\n\n<p>Ushba is especially stunning in winter, when its eternally snow-covered summit turns crimson at sunset &mdash; a breathtaking sight that leaves an unforgettable impression.</p>', NULL, NULL, NULL, '2024-05-06 14:51:58', '2025-06-01 23:42:15'),
(20, 'ka', 'ორწვერი', '<p>.</p>', '<p>ორწვერი არის მთა, რომელიც დგას მისი ბევრად უფრო მაღალი მეზობლის, მყინვარჭვერის ჩრდილში. იგი თითქმის 800 მ-ით დაბლა ყაზბეგზე, ამიტომაც იგი ნაკები პოპულარობით სარებლობს. თუმცა, ორწვერს ხშირად სტუმრობენ ყაზბეკზე ასვლის მსურველები,უკეთესი აკლიმატიზაციისთვის.</p>\n\n<p>ორწვერზე პირველად ავიდნენ&nbsp;1913&nbsp;წელს (მ. გალკინი და კ. ფიცხელაური). პირველი საბჭოთა ასვლა მოეწყო&nbsp;1930&nbsp;წელს (დ. მიქელაძე ჯგუფით). დღესდღეობით მწვერვალი პოპულარობით სარგებლობს, რაც ბარშრუტის სიმარტივის გათვალისწინებით გასაკვირი არ არიას. ნორმალური მარშრუტი შეფასებულია 2-ით (რუსული კლასი), მაგრამ ჩრდილო-დასავლეთის თოვლისა და ყინულის ზედაპირიდან შესაძლებელია სხვადასხვა მარშრუტები 4-მდე. ვულკანური ფსკერის არასტაბილურობის გამო კლდეზე ასვლა არ არის რეკომენდებული და საშიშიც კი</p>', '<p>გერგეთის სამებიდან კარგად მონიშნული ბილიკი მიდის &bdquo;ბეთლემის ქოხამდე&ldquo; (მეტეოსადგურამდე - ყოფილი საბჭოთა მეტეოროლოგიური სადამკვირვებლო სადგური). მიჰყევით ბილიკს მყინვარის წინ. შემდეგ გაიარეთ მყინვარი და გადაკვეთეთ იგი დიაგონალურად ყაზბეკის ძირამდე. ეს მიმართულება მიგიყვანთ ორ დიდ ნაპრალ ველს შორის. თუმცა, ამ დაბალ სიმაღლეზე ნაპრალების უმეტესობა ადვილად შესამჩნევია და არ უნდა შეუქმნას პრობლემა. ყაზბეკის სამხრეთ ძირში შეგიძლიათ იხილოთ ქოხი, რომელიც დევს თქვენს ზემოთ, რომელიც გადაჰყურებს მყინვარს. მყინვარიდან ქოხისკენ არის ბილიკი, რომელიც პირდაპირ მის ქვემოთ იწყება. ქოხის შესახებ დეტალებისთვის იხილეთ ქვემოთ. იქიდან შეგიძლიათ დაიწყოთ ასვლა მყინვარის შემდეგ მაილის ქვედა პლატოზე. მყინვარი ორწვერის ძირამდე ერთზე მეტ წერტილში შეგიძლიათ გადაკვეთოთ თოვლის დაფარვის ხარისხზე და დღის დროზე (მწვავე კლდეები დღისით, ამიტომ მზის ამოსვლის შემდეგ თავი აარიდეთ კლდეებს! განსაკუთრებით მზეს ქედებისკენ).</p>\n\n<p>კოორდინატები - 42.672474&nbsp;N&nbsp;&nbsp;44.511793&nbsp;E</p>\n\n<h2>დარჩენა / კემპინგი</h2>\n\n<p>დაბანაკება დასაშვებია ნებისმიერ ადგილას მაგრამ ჩვენი დაჟინებული რჩევაა გაჩერდეთ ბეთლემის ქოხის მიმდებარედ (გაითვალისწინეთ რომ დაბანაკება ფასიანია).&nbsp; ქოხის მიმდებარედ გაჩერების შემთხვევაში შეძლებთ გამოიყენეთ ქოხში არსებული ელექტროენერგია და სამზარეულო.&nbsp;</p>', '<p>ასვლის სეზონი გრძელდება გაზაფხულის შუა რიცხვებიდან შემოდგომის შუა რიცხვებამდე, მაგრამ ივლისი და აგვისტო საუკეთესო თვეებია. ზამთრის ასვლა შესაძლებელია, მაგრამ რეკომენდებულია მხოლოდ იმ შემთხვევაში, თუ გამოცდილი მთამსვლელი ხართ.</p>', NULL, '2024-12-16 18:08:35', '2024-12-22 20:04:56'),
(21, 'us', 'Ortsveri', '<p>.</p>', '<p>Ortsveri is a mountain standing in the shadow of its much higher neigbour, Mt Kazbek. Being almost 800 m lower than Kazbek, it seems not an obvious climbing goal. However. Ortsveri is frequenly visited as acclimatization climb by climbers who want to climb Kazbek.</p>\n\n<p><br />\nThe peak was first climbed in 1913 (M. Galkin and K. Pitskhelauri). The first Soviet ascent was organized in 1930 (with D. Mikeladze&#39;s group). nowadays the top is frequently visited which is, given the relative ease of the standard route, no surprise. The normal route is rated 2 (Russian grade), but a variety of routes from up to 4 are possible from the north west snow and ice face. Due to the instability of the the volcanic bedrock,&nbsp;<strong>rockclimbing is not recommended and even dangerous here</strong></p>', '<p>From the town of Gergeti Charch, a well marked trail leads up to the Trinity curch and beyond in the direction of the hut &quot;Betlemi hut&quot;, (a former Sovjet meteorological observation station). Folow the trail to the front of the glacier. Next, trek the glacier and cross it diagonally (direction WNW) to the foot of the Kazbek. This direction will lead you between two large crevasse fields. However, at this low altitude most crevasses are easily spotted and should pose no problems. At the south foot of the Kazbek, you can see the hut lying above you overlooking the glacier. There is a trail from the glacier to the hut that starts directly below it. For details concerning the hut look below. From there you can start your climb following the glacier to the lower Maili Plateau. You can traverse the Glacier to the foot of Ortsveri at more than one point, depending on the degree of snow covering and the time of the day (severe rockfall during daylight, so stay away from the cliffs after sunrise! esspecially the sun facing ridges).</p>\n\n<p>Coordinats -&nbsp;42.672474&nbsp;N&nbsp;&nbsp;44.511793&nbsp;E</p>\n\n<h2>Camping</h2>\n\n<p>Camping is allowed anywhere, but our strong recommendation is to camp near the Bethlehem Hut (note that camping is paid). If you camp near the hut, you will be able to use the electricity and kitchen in the hut.</p>', '<p>The climbing season runs from mid-spring to mid-autumn, but july and august are the best months. Winter climbs are possible but only recommended if you are an experienced climber.</p>', NULL, '2024-12-16 18:08:35', '2024-12-22 20:33:44'),
(22, 'ka', 'შხარა', '<p>.</p>', '<p>შხარა &mdash; საქართველოს უმაღლესი მწვერვალი. ზემო სვანეთში, საქართველოსა და რუსეთის (ყაბარდო-ბალყარეთი) საზღვარზე.</p>\n\n<p>სვანურ ენაზე შხარა &bdquo;ცხრას&ldquo; ნიშნავს და მის ქედზე არსებულ მრავალ მწვერვალზე მიუთითებს. იგი წარმოადგენს კავკასიონის მთავარი წყალგამყოფი ქედის უმაღლეს წერტილს და კავკასიონის მთათა სისტემაში სიმაღლით მეორე ადგილს იყოფს მწვერვალ დიხთაუსთან, იალბუზის შემდეგ.</p>\n\n<p>&nbsp;</p>\n\n<p>მთავარი შხარის სიმაღლე ზღვის დონიდან 5203 მეტრია, იგი აგებულია გრანიტისა და კრისტალოვანი ფიქალისაგან. ჩრდილოეთის მხრიდან მყინვარი ბეზენგი, სამხრეთიდან &mdash; შხარის მყინვარი. საზღვარი საქართველოსა და ყაბარდო-ბალყარეთს შორის გადის მის ქედზე.</p>\n\n<p>&nbsp;</p>\n\n<p>ზოგიერთი წყაროს ცნობით, შხარას სიმაღლე 5208 მეტრია.[1] მისი დასავლეთი და ცენტრალური მწვერვალები აგრეთვე 5000 მეტრს ზემოთ მდებარეობენ. სამხრეთი მხარე კავკასიონის და ევროპის ერთ-ერთ უმაღლეს კედლად ითვლება და ის 2300 მეტრს აღწევს მთის ძირიდან მწვერვალამდე. შხარაზე არ არსებობს დაბალი და საშუალო კატეგორიის მარშრუტი ასასვლელად და დასაშვებად. კავკასიური შეფასების შკალით საშუალოდ 5ა - 6ა კატეგორიის გზები გვხვდება, რაც მის განსაკუთრებულ სირთულეზე მიუთითებს.</p>\n\n<p>&nbsp;</p>\n\n<p>ასვლების ისტორია</p>\n\n<ul>\n	<li>1888 წელი: პირველი ასვლა შხარის მთავარ მწვერვალზე განახორციელეს შვეიცარელმა ულრიხ ალმერმა, ქრისტიან როთმა და ბრიტანელმა ჯონ კოკინმა ჩრდილო კავკასიის მხრიდან, ჩრდილო-აღმოსავლეთ ქედით, ყაბარდო-ბალყარეთის მხრიდან.</li>\n	<li>&nbsp;</li>\n	<li>1940 წელი: კავკასიონის მთავარი ქედის 20-მდე მწვერვალის გრანდიოზული, იმ დროისთვის უპრეცედენტო ტრავერსი (მაჩხაპარადან აილამას, ნამყვამის და შხარის ქედების გავლით, სანდროს უღელტეხილამდე) გაიარეს ალიოშა და ალექსანდრა ჯაფარიძეებმა, გოჯი ზურებიანმა, გაბრიელ და ბექნუ ხერგიანებმა.</li>\n	<li>&nbsp;</li>\n	<li>1950 წელს: სამხრეთ ფერდის პირველ-გავლა მთავარ მწვერვალამდე განახორციელეს ბექნუ და ბესარიონ ხერგიანები, ილია გაბლიანი, მაქსიმე გვარლიანი და ჭიჭიკო ჩართოლანი. ეს მარშრუტი ითვლება სამხრეთ ფერდის &bdquo;კლასიკურ&ldquo; გზად, მისი სირთულე კავკასიური შეფასების შკალით დღემდე &bdquo;5ბ&ldquo; არის.</li>\n	<li>&nbsp;</li>\n	<li>იმავე პერიოდში და მის შემდეგ არაერთი ტრავერსი განხორციელდა შხარის გავლით, რომლებიც საბჭოთა ჩემპიონატებში, ტრავერსის კლასში საპრიზო ადგილებზე გადიოდა. ერთ-ერთი ასეთი ასვლაა წურუნგალა-შხარის ტრავერსი, რომელიც ალექსანდრე ნემსვიწერიძემ, გრიგოლ გულბანმა, რამინ კვიციანმა და ლევან ახვლედიანმა გაიარეს.</li>\n	<li>&nbsp;</li>\n	<li>1963 წელს შხარის მთავარი მწვერვალიდან დაშვებისას ტრაგიკულად დაიღუპა გამორჩეული ქართველი ფოტოგრაფი და მთამსვლელი გურამ თიკანაძე.</li>\n	<li>&nbsp;</li>\n	<li>1960 წლებიდან მოყოლებული შხარაზე საქართველოს მხრიდან შოთა მირიანაშვილის გუნდი აქტიურობდა. გიორი აგი აბაშიძემ, დიმიტრი დანგაძემ, ოთარ ხაზარაძემ და სხვებმა, სხვადასხვა შემადგენლობით დასაბამი დაუდეს რამდენიმე ახალ გზას შხარის დასავლეთ და ცენტრალურ მწვერვალებზე.</li>\n	<li>&nbsp;</li>\n	<li>1986 წელს განხორციელდა პირველი ზამთრის ასვლა შხარაზე ჩრდილოეთის მხრიდან, ორი გუნდის მიერ. ასვლა კატასტროფით დასრულდა ერთ-ერთი გუნდის მთელი შემადგენლობა მწვერვალიდან დაშვებისას გაუჩინარდა. ამ ასვლას მალე მოჰყვა კიდევ ერთი ზამთრის გავლა ჩრდილოეთ კედლიდან, შემდეგ კი ბეზინგის ტრავერსის მცდელობა 2007 წელს მოსკოვის გუნდის მიერ, რომლის დროსაც გუნდის ლიდერი დაიღუპა, ხოლო გადარჩენილი ორი წევრის ევაკუაცია მხოლოდ დიდი ხნის შემდეგ, ვერტმფრენებით ოპერაციის შედეგად მოხერხდა.</li>\n	<li>&nbsp;</li>\n	<li>2014 წელს ბეზინგის გრანდიოზული ტრავერსი ლალვერიდან შხარამდე ზამთარში საბოლოოდ სანქტ-პეტერბურგის გუნდმა, ნიკოლაი ტოტმიანინის ხელმძღვანელობით, წარმატებით გაიარა და ეს ტრავერსი შეფასდა უმაღლეს &bdquo;6ბ&ldquo; სირთულის კატეგორიად.</li>\n	<li>&nbsp;</li>\n	<li>2018 წლის 10 თებერვალს განხორციელდა პირველი ზამთრის ასვლა მთის უმაღლეს, სამხრეთ კედელზე, რომელიც კავკასიონის ერთ-ერთ უდიდეს გამოწვევად რჩებოდა. იგი საბოლოოდ ქართველმა მთამსვლელებმა არჩილ ბადრიაშვილისა და გიორგი ტეფნაძის ჩაბმამ ამოსხნა. ახალი გზა შეფასდა უმაღლეს, &bdquo;6ბ&ldquo; სირთულის კატეგორიად, მის გავლას და მთიდან დაშვებას დასჭირდა 13 დღე. ასვლის შესახებ გადაღებულია მოკლემეტრაჟიანი დოკუმენტური ფილმი &bdquo;შხარა - ზამთრის პირველ-გავლა&ldquo;.</li>\n</ul>', NULL, '<p>საუკეთესო დრო შხარაზე ასასვლელად: ივლისის დასაწყისიდან სექტემბრის შუა რიცხვებამდეა</p>', NULL, '2024-12-16 18:26:28', '2025-06-01 23:28:34'),
(23, 'us', 'Shkhara', '<p>.</p>', '<p><strong>Shkhara</strong></p>\n\n<p>Shkhara is the highest peak in Georgia, located in Upper Svaneti on the border between Georgia and Russia (Kabardino-Balkaria).</p>\n\n<p>In the Svan language, &quot;Shkhara&quot; means &quot;nine,&quot; referring to the many summits along its ridge. It is the highest point of the main watershed ridge of the Greater Caucasus and shares the title of the second-highest peak in the Caucasus mountain system, after Mount Elbrus, alongside Mount Dykh-Tau.</p>\n\n<p>The main peak of Shkhara rises to 5,203 meters (17,070 feet) above sea level and is composed of granite and crystalline schist. It is bordered by the Bezengi Glacier to the north and the Shkhara Glacier to the south. The Georgia&ndash;Kabardino-Balkaria border runs along its ridge.</p>\n\n<p>According to some sources, Shkhara&rsquo;s height is 5,208 meters. Its western and central peaks also exceed 5,000 meters. The southern face is considered one of the highest mountain walls in both the Caucasus and Europe, rising 2,300 meters from the base to the summit. There are no low- or medium-grade routes to the summit. Routes range in difficulty from 5A to 6A on the Caucasian grading scale, indicating a very high level of difficulty.</p>\n\n<hr />\n<p><strong>Climbing History</strong></p>\n\n<ul>\n	<li>\n	<p><strong>1888</strong>: The first successful ascent of the main summit was made from the north (Kabardino-Balkaria side) via the northeast ridge by Swiss climbers Ulrich Almer and Christian Roth, and British climber John Cockin.</p>\n	</li>\n	<li>\n	<p><strong>1940</strong>: A grand and unprecedented traverse of about 20 peaks along the Greater Caucasus main ridge&mdash;from Machkhapara to Ailama, including the Namqvami and Shkhara ridges&mdash;was completed by Alyosha and Alexandra Japaridze, Goji Zurabiani, and Gabriel and Beknu Khergiani.</p>\n	</li>\n	<li>\n	<p><strong>1950</strong>: The first ascent of the southern face to the main summit was accomplished by Beknu and Besarion Khergiani, Ilia Gabliani, Maxime Gvarliani, and Chichiko Chartolani. This route became the &ldquo;classic&rdquo; route on the southern face and is still rated 5B in difficulty.</p>\n	</li>\n	<li>\n	<p>In subsequent years, numerous traverses were made across Shkhara, many of which won prizes in Soviet mountaineering competitions. One notable route was the Tsrunghala&ndash;Shkhara traverse, completed by Alexander Nemsitsveridze, Grigol Gulban, Ramin Kvitsiani, and Levan Akhvlediani.</p>\n	</li>\n	<li>\n	<p><strong>1963</strong>: Renowned Georgian photographer and mountaineer Guram Tikanadze tragically died descending from the main summit of Shkhara.</p>\n	</li>\n	<li>\n	<p>From the 1960s onward, Georgian climbers, including Shota Mirianashvili&rsquo;s team&mdash;Giorgi &quot;Agi&quot; Abashidze, Dimitri Dangadze, Otar Khazaradze, and others&mdash;actively pioneered new routes on Shkhara&rsquo;s western and central peaks.</p>\n	</li>\n	<li>\n	<p><strong>1986</strong>: The first winter ascent of Shkhara from the north was carried out by two teams. One of the teams disappeared while descending from the summit. This was followed by another winter climb from the northern wall, and later an attempt at the Bezengi traverse in 2007 by a Moscow team. The team leader died, and the two surviving members were evacuated much later via helicopter.</p>\n	</li>\n	<li>\n	<p><strong>2014</strong>: A team from Saint Petersburg, led by Nikolai Totmyanin, successfully completed the grand winter traverse from Lalver to Shkhara. The route was rated with the highest difficulty, 6B.</p>\n	</li>\n	<li>\n	<p><strong>February 10, 2018</strong>: The first winter ascent of the highest southern face of the mountain&mdash;long considered one of the greatest challenges in the Caucasus&mdash;was finally achieved by Georgian climbers Archil Badriashvili and Giorgi Tepnadze. The new route was rated 6B in difficulty, and the ascent and descent took 13 days. A short documentary film titled <em>&quot;Shkhara &ndash; The First Winter Ascent&quot;</em> was made about this climb.</p>\n	</li>\n</ul>', NULL, '<p><strong>The Best Time to Climb Shkhara:</strong><br />\nFrom early <strong>July</strong> to mid-<strong>September</strong>.</p>', NULL, '2024-12-16 18:26:28', '2025-06-01 23:28:34'),
(24, 'ka', 'აილამა', '<p>ailama</p>', '<p><strong>აილამა (ასევე ცნობილი როგორც აჰლამა; რუს. Айлама)</strong> &mdash; მწვერვალი, მდებარეობს საქართველოსა და რუსეთის (ყაბარდო-ბალყარეთი) საზღვარზე, რაჭა-ლეჩხუმისა და ქვემო სვანეთის მხარეში, ლენტეხის მუნიციპალიტეტში. იგი განლაგებულია ცენტრალურ კავკასიონზე, მდინარე ზესხოს მარჯვენა შენაკადის &mdash; ყორულდაშის სათავეში. სიმაღლე ზღვის დონიდან &mdash; <strong>4547 მ</strong>. აგებულია იურული პერიოდის ფიქლებით.</p>\n\n<p>აილამის ქვედა ფერდობებზე გავრცელებულია სუბალპური და ალპური მდელოები, ხოლო ზედა ფერდობებზე &mdash; სუბნივალური და ნივალური ლანდშაფტები. მწვერვალის სამხრეთ ფერდობის ძირას მდებარეობს ალპინისტური ბანაკი &bdquo;აილამა&ldquo;. მწვერვალზე პირველი ასვლა განხორციელდა 1937 წელს.</p>\n\n<p><strong>კოორდინატები:</strong> 42&deg;57&prime;26&Prime; ჩ. გ. / 43&deg;10&prime;46&Prime; ა. გ.</p>', NULL, NULL, NULL, '2025-05-31 22:54:31', '2025-06-06 18:03:42'),
(25, 'us', 'Ailama', '<p>Ailama</p>', '<p><strong>Ailama</strong> (also known as <strong>Ahlama</strong>; Russian: <em>Айлама</em>) is a mountain peak located on the border between Georgia and Russia (Kabardino-Balkaria), in the Racha-Lechkhumi and Kvemo Svaneti region, Lentekhi Municipality. It is situated in the central part of the Greater Caucasus, at the source of the Koruldashi River, a right tributary of the Zeskho River. The elevation is <strong>4,547 meters</strong> above sea level. The mountain is composed of Jurassic-period schists.</p>\n\n<p>The lower slopes of Ailama are covered with subalpine and alpine meadows, while the upper slopes feature subnival and nival landscapes. At the base of the southern slope lies the mountaineering camp &ldquo;Ailama.&rdquo; The first recorded ascent of the peak took place in <strong>1937</strong>.</p>\n\n<p><strong>Coordinates:</strong> 42&deg;57&prime;26&Prime; N / 43&deg;10&prime;46&Prime; E.</p>', NULL, NULL, NULL, '2025-05-31 22:54:31', '2025-06-06 18:03:42'),
(26, 'ka', 'შხელდა', '<p>შხელდა</p>', '<p><strong>შხელდა</strong> (რუს. <em>Шхельда</em>) &mdash; კლდოვანი მასივი საქართველოსა და რუსეთის (ყაბარდო-ბალყარეთი) საზღვარზე, სამეგრელო-ზემო სვანეთის მხარეში, მესტიის მუნიციპალიტეტში. მდებარეობს სვანეთის კავკასიონის მთავარ ქედზე, იალბუზის სამხრეთ-აღმოსავლეთით, მდინარეების დოლრაჭალის (ენგურის მარჯვენა შენაკადი) და ადილსუს (ბაქსანის მარჯვენა შენაკადი) აუზში, უშბის მყინვარის სათავეებში.</p>\n\n<p>შხელდას აქვს ხუთი მწვერვალი:</p>\n\n<ul>\n	<li>\n	<p>აღმოსავლეთის &mdash; 4322 მ (უმაღლესი),</p>\n	</li>\n	<li>\n	<p>ცენტრალური &mdash; 4310 მ,</p>\n	</li>\n	<li>\n	<p>დასავლეთის მე-3 &mdash; 4280 მ,</p>\n	</li>\n	<li>\n	<p>დასავლეთის მე-2 &mdash; 4300 მ,</p>\n	</li>\n	<li>\n	<p>დასავლეთის &mdash; 4129 მ.</p>\n	</li>\n</ul>\n\n<p>შხელდის დასავლეთით მდებარეობს შხელდის უღელტეხილი (3950 მ). მასივი აგებულია პალეოზოური გრანიტებითა და კრისტალური ფიქლებით. გააჩნია შვეული ქარაფები; კალთები ნაწილობრივ დაფარულია დაკიდებული მყინვარებით. ჩრდილოეთ ფერდობზე ეშვება შხელდის მყინვარი.</p>\n\n<p>საბჭოთა ალპინისტები შხელდაზე პირველად ავიდნენ 1936 წელს. 1977 წელს ცენტრალურ შხელდაზე ასვლისას ლენინგრადელი ალპინისტების ჯგუფი ტრაგიკულად დაიღუპა.</p>', NULL, NULL, NULL, '2025-05-31 22:56:57', '2025-06-01 23:33:09'),
(27, 'us', 'Shkhelda', '<p>Shkhelda</p>', '<p><strong>Shkhelda</strong> (Russian: Шхельда) is a rugged mountain massif located on the border between <strong>Georgia</strong> and <strong>Russia</strong> (Kabardino-Balkaria), within the <strong>Samegrelo-Zemo Svaneti</strong> region, <strong>Mestia Municipality</strong>. It lies along the main ridge of the Svaneti Caucasus, southeast of Mount Elbrus, at the headwaters of the <strong>Dolrachala</strong> River (a right tributary of the Enguri) and the <strong>Adylsu</strong> River (a right tributary of the Baksan), near the source of the <strong>Ushba Glacier</strong>.</p>\n\n<p>Shkhelda has five distinct peaks:</p>\n\n<ul>\n	<li>\n	<p><strong>Eastern Shkhelda</strong> &ndash; 4,322 m (highest point)</p>\n	</li>\n	<li>\n	<p><strong>Central Shkhelda</strong> &ndash; 4,310 m</p>\n	</li>\n	<li>\n	<p><strong>Western Shkhelda III</strong> &ndash; 4,280 m</p>\n	</li>\n	<li>\n	<p><strong>Western Shkhelda II</strong> &ndash; 4,300 m</p>\n	</li>\n	<li>\n	<p><strong>Western Shkhelda</strong> &ndash; 4,129 m</p>\n	</li>\n</ul>\n\n<p>To the west lies the <strong>Shkhelda Pass</strong> at an elevation of 3,950 meters.</p>\n\n<p>The massif is composed of <strong>Paleozoic granites</strong> and <strong>crystalline schists</strong>. It features steep cliffs and slopes, many of which are partially covered by hanging glaciers. The <strong>Shkhelda Glacier</strong> descends from the northern slope.</p>\n\n<p>The first ascent of Shkhelda was made by <strong>Soviet alpinists in 1936</strong>. In <strong>1977</strong>, a group of climbers from Leningrad tragically died while ascending <strong>Central Shkhelda</strong>.</p>', NULL, NULL, NULL, '2025-05-31 22:56:57', '2025-06-01 23:33:09');
INSERT INTO `locale_mounts` (`id`, `locale`, `title`, `short_description`, `text`, `how_get`, `best_time`, `what_need`, `created_at`, `updated_at`) VALUES
(28, 'ka', 'ლაილა', '<p>.</p>', '<p>ლაჰილი, ლაჰლა, ლაილა &mdash; მწვერვალი საქართველოში, სამეგრელო-ზემო სვანეთის მხარის მესტიისა და რაჭა-ლეჩხუმისა და ქვემო სვანეთის მხარის ლენტეხის მუნიციპალიტეტების ადმინისტრაციულ საზღვარზე. მდებარეობს სვანეთის ქედზე, მდინარე ენგურის მარცხენა შენაკადის &mdash; ლაილჭალის სათავეებში. წარმოადგენს სვანეთის ქედის უმაღლეს წერტილს. სიმაღლე ზღვის დონიდან 4008 მ. აგებულია ზედაპალეოზოურ-ტრიასული კვარციტებით, მეტამორფული ფიქლებითა და ქვიშაქვებით. დაფარულია თოვლ-ყინულით. მწვერვალის ჩრდილოეთ კალთაზე ხეობის ტიპის მყინვარებია.[1] ლაჰილის კალთებიდან ჩამონადენი მყინვარული ნაკადებით საზრდოობს ლაჰილის მყინვარი.[2] პირველად მწვერვალი დაიპყრო ჯონ კოკინმა 1887 წელს.[3]</p>', NULL, NULL, NULL, '2025-09-07 12:39:16', '2025-09-07 12:39:16'),
(29, 'us', 'Laila', '<p>.</p>', '<p>.</p>', NULL, NULL, NULL, '2025-09-07 12:39:16', '2025-09-07 12:39:16'),
(30, 'ka', 'ყურო', '<p>.</p>', '<p>.</p>', NULL, NULL, NULL, '2025-09-07 12:43:27', '2025-09-07 12:43:27'),
(31, 'us', 'Kuro', '<p>.</p>', '<p>.</p>', NULL, NULL, NULL, '2025-09-07 12:43:27', '2025-09-07 12:43:27'),
(32, 'ka', 'დედაენას მწვერვალი (გოგებაშვილი)', '<p>დედაენას მწვერვალი (გოგებაშვილი)- მდებარეობს მცხეთა-მთიანეთში, სტეფანწმინდის მუნიციპალიტეტში (ყაზბეგი), ზღვის დონიდან 3493 მეტრში.</p>', '<p>დედაენას მწვერვალი (გოგებაშვილი)- მდებარეობს მცხეთა-მთიანეთში, სტეფანწმინდის მუნიციპალიტეტში (ყაზბეგი), ზღვის დონიდან 3493 მეტრში. მწვერვალზე მისასვლელად სპეციალური აღჭურვილობა არ არის საჭირო. ამ მწვერვალზე მისასვლელად ყველაზე მარტივი გზა ჯვრის უღელტეხილიდან იწყება.</p>\n\n<p>&nbsp;დანიშნულების ადგილი საკმაოდ მოკლეა, ამიტომ ადვილია, განსაკუთრებით ზაფხულში, იმავე დღეს ასვლა-ჩამოსვლა</p>', NULL, NULL, NULL, '2025-09-22 16:31:57', '2025-09-23 14:23:04'),
(33, 'us', 'Dedaena Peak (Gogebashvili)', '<p>Dedaena Peak (Gogebashvili)- is located in Mtskheta-Mtianeti, In the municipality of Stephantsminda (Kazbegi), 3493 meters from sea level.</p>\n\n<p>&lt;</p>', '<p>Dedaena Peak (Gogebashvili)- is located in Mtskheta-Mtianeti, In the municipality of Stephantsminda (Kazbegi), 3493 meters from sea level. There is no need for special equipment to get to the summit. The easiest way to reach this peak starts from the Jvari mountain pass.</p>\n\n<p>The destination is quite short, so it is easily possible, especially during summer, to come up and get down on the same day.</p>', '<p>Dedaena Peak (Gogebashvili)- is located in Mtskheta-Mtianeti, In the municipality of Stephantsminda (Kazbegi),</p>', NULL, NULL, '2025-09-22 16:31:57', '2025-09-23 14:23:17'),
(34, 'ka', 'თებულოსმთა', '<p>.</p>', '<p>თებულოსმთა, დაქუეხი &mdash; მწვერვალი საქართველოში, კახეთის მხარეში, ახმეტის მუნიციპალიტეტში. წარმოადგენს აღმოსავლეთ კავკასიონის უმაღლეს წერტილს. მდებარეობს თუშეთ-ხევსურეთის კავკასიონზე, მდინარეების ანდის ყოისუსა და ხომისწყლის სათავეებს შორის, საქართველოსა და რუსეთის ჩეჩნეთის საზღვარზე. სიმაღლე ზღვის დონიდან 4498 მ. აგებულია იურული თიხაფიქლებითა და ქვიშაქვებით.</p>\n\n<p>კოორდინატები: 42&deg;34&prime;24&Prime; ჩ. გ. 45&deg;18&prime;43&Prime; ა. გ.﻿ / ﻿42.57333&deg; ჩ. გ. 45.31194&deg; ა. გ.</p>\n\n<p>სიმაღლე 4498 მ</p>\n\n<p>მის ფერდობზე ეშვება მყინვარები 3 კმ&sup2; საერთო ფართობით. თებულოსმთა წარმოადგენს პირამიდისებურ მწვერვალს, ეგრეთ წოდებულ კარლინგს. თებულოსმთის მძლავრი საკვანძო მასივი, რომლის ტოტებიც სამხრეთისაკენ, ჩრდილო-დასავლეთისაკენ, ჩრდილო-აღმოსავლეთისაკენ და სამხრეთ-აღმოსავლეთისაკენ არიან გაწვდილი, ხეობის ტიპის გამყინვარების განმარტოებულ კერას წარმოადგენს.</p>\n\n<p>მისი თოვლის საბურველი ასაზრდოებს საკმაოდ მსხვილ მყინვარებს, რომლებიდანაც გამოედინებიან არღუნის მარჯვენა შემდინარე მდინარე ტუღო და ანდის ყოისუს მთავარი მდგენელი მდინარე ქვახიდისწყალი. თებულოსმთის მასივი მთავარ ქედთან შეერთებულია ბორბალოსმთის მასივთან, აწუნთის ქედის საშუალებით.</p>', '<p>.</p>', '<p>.</p>', NULL, '2025-10-28 04:22:48', '2025-10-28 04:30:58'),
(35, 'us', 'Tebulosmta', '<p>.</p>', '<p>**Mount Tebulosmta** &mdash; a mountain peak in Georgia, located in the Kakheti region, Akhmeta Municipality. It is the highest point of the Eastern Caucasus. The mountain lies on the Tusheti&ndash;Khevsureti section of the Greater Caucasus Range, between the headwaters of the Andi Koysu and the Khonistskali rivers, on the border between Georgia and Russia (Chechnya). Its elevation is **4,498 meters above sea level**. The mountain is composed of Jurassic shales and sandstones.</p>\n\n<p>&nbsp;</p>\n\n<p>**Coordinates:** 42&deg;34&prime;24&Prime; N, 45&deg;18&prime;43&Prime; E / 42.57333&deg; N, 45.31194&deg; E</p>\n\n<p>&nbsp;</p>\n\n<p>**Elevation:** 4,498 m</p>\n\n<p>&nbsp;</p>\n\n<p>Glaciers with a total area of about 3 km&sup2; descend along its slopes. Tebulosmta is a **pyramidal peak**, also known as a **horn peak (carling)**. Its massive, branching ridge&mdash;extending southward, northwestward, northeastward, and southeastward&mdash;forms an isolated center of valley-type glaciation.</p>\n\n<p>&nbsp;</p>\n\n<p>The mountain&rsquo;s snow cover feeds several large glaciers, from which originate the **Tugho River**, a right tributary of the Argun, and the **Kvakhidis Tskali River**, the main headwater of the Andi Koysu. The Tebulosmta massif is connected to the **Borbalomta massif** of the **Atsunta</p>\n\n<p>Range**.</p>', NULL, NULL, NULL, '2025-10-28 04:22:48', '2025-10-28 04:33:22'),
(36, 'ka', 'მცირე უშბა', '<p>პატარა უშბა არის გამორჩეული და ტექნიკური მწვერვალი დიდი კავკასიონის მთებში, საქართველო&ndash;რუსეთის საზღვართან.<br />\n&nbsp;</p>', '<p>პატარა უშბა არის გამორჩეული და ტექნიკური მწვერვალი დიდი კავკასიონის მთებში, საქართველო&ndash;რუსეთის საზღვართან.</p>', NULL, NULL, NULL, '2026-01-23 19:19:53', '2026-01-23 19:19:53'),
(37, 'us', 'Little Ushba', '<p>Little Ushba is a prominent, technical peak in the Greater Caucasus mountains on the Georgia-Russia border,</p>', '<p>Little Ushba is a prominent, technical peak in the Greater Caucasus mountains on the Georgia-Russia border, often overshadowed by its higher &quot;two-headed&quot; neighbor, Mount Ushba. Known as part of the challenging Svaneti region, it is frequented by climbers for technical alpine, rock, and snow ascents, requiring significant expertise.&nbsp;</p>', NULL, NULL, NULL, '2026-01-23 19:19:53', '2026-01-23 19:19:53'),
(38, 'ka', 'მცირე უშბა', '<p>პატარა უშბა არის გამორჩეული და ტექნიკური მწვერვალი დიდი კავკასიონის მთებში, საქართველო&ndash;რუსეთის საზღვართან.<br />\n&nbsp;</p>', '<p>პატარა უშბა არის გამორჩეული და ტექნიკური მწვერვალი დიდი კავკასიონის მთებში, საქართველო&ndash;რუსეთის საზღვართან.</p>', NULL, NULL, NULL, '2026-01-23 19:20:13', '2026-01-23 19:20:13'),
(39, 'us', 'Little Ushba', '<p>Little Ushba is a prominent, technical peak in the Greater Caucasus mountains on the Georgia-Russia border,</p>', '<p>Little Ushba is a prominent, technical peak in the Greater Caucasus mountains on the Georgia-Russia border, often overshadowed by its higher &quot;two-headed&quot; neighbor, Mount Ushba. Known as part of the challenging Svaneti region, it is frequented by climbers for technical alpine, rock, and snow ascents, requiring significant expertise.&nbsp;</p>', NULL, NULL, NULL, '2026-01-23 19:20:13', '2026-01-23 19:20:13');

-- --------------------------------------------------------

--
-- Table structure for table `locale_posts`
--

CREATE TABLE `locale_posts` (
  `id` bigint UNSIGNED NOT NULL,
  `locale` varchar(191) COLLATE utf8mb4_unicode_ci DEFAULT NULL,
  `title` varchar(191) COLLATE utf8mb4_unicode_ci DEFAULT NULL,
  `short_description` varchar(191) COLLATE utf8mb4_unicode_ci DEFAULT NULL,
  `text` text COLLATE utf8mb4_unicode_ci,
  `created_at` timestamp NULL DEFAULT NULL,
  `updated_at` timestamp NULL DEFAULT NULL
) ENGINE=InnoDB DEFAULT CHARSET=utf8mb4 COLLATE=utf8mb4_unicode_ci;

-- --------------------------------------------------------

--
-- Table structure for table `locale_products`
--

CREATE TABLE `locale_products` (
  `id` bigint UNSIGNED NOT NULL,
  `locale` varchar(191) CHARACTER SET utf8mb4 COLLATE utf8mb4_unicode_ci DEFAULT NULL,
  `title` varchar(191) CHARACTER SET utf8mb4 COLLATE utf8mb4_unicode_ci DEFAULT NULL,
  `short_description` varchar(191) CHARACTER SET utf8mb4 COLLATE utf8mb4_unicode_ci DEFAULT NULL,
  `text` text CHARACTER SET utf8mb4 COLLATE utf8mb4_unicode_ci,
  `material` varchar(191) CHARACTER SET utf8mb4 COLLATE utf8mb4_unicode_ci DEFAULT NULL,
  `created_at` timestamp NULL DEFAULT NULL,
  `updated_at` timestamp NULL DEFAULT NULL
) ENGINE=InnoDB DEFAULT CHARSET=utf8mb4 COLLATE=utf8mb4_unicode_ci;

--
-- Dumping data for table `locale_products`
--

INSERT INTO `locale_products` (`id`, `locale`, `title`, `short_description`, `text`, `material`, `created_at`, `updated_at`) VALUES
(1, 'ka', 'Handboard', '<p>.</p>\n', '<p><strong>HANGBOARD</strong>- თითების სავარჯიშო, სამი სხვადასხვა ზომის ჭრილის მქონე ჰენგბორდი. ანვითარებს თითების, წინამხრის მომხრელ კუნთებს, ბიცეფსს, აძლიერებს მაჯებს და ამყარებს მაჯის მყესებს.</p>\n\n<p>მასალა: ხე.</p>\n\n<p>ზომები: 120X150 მმ (ჭრილების სიღრმეები 18მმ, 25მმ, 30მმ</p>\n', NULL, '2021-03-02 21:05:28', '2024-12-17 01:44:04'),
(2, 'ka', 'Mono hengboard', '<p>.</p>\n', '<p><strong>MICRO HANGBOARD</strong> - ეს ტრენაჟორი განკუთვნილია ცალი თითების ვარჯიშებისთვის. ის დაგეხმარებათ ხელის მტევნის ცალკეული თითების ვარჯიშებში და მყესების გამაგრებაში. საუკეთესო საშუალებაა ცალ თითებზე აზიდვებში სავარჯიშოდ.</p>\n\n<p>მასალ : ხე.</p>\n\n<p>ზომები: 80X50მმ (ნახვრეტის დიამეტრი 25მმ)</p>\n', NULL, '2021-03-04 20:58:51', '2025-10-01 23:03:45'),
(3, 'ka', 'Climbing Power Pistons', '<p>.</p>', '<p><strong>POWER PISTONS</strong> &ndash; დაგეხმარებათ მაჯების, წინამხრის მომხრელი კუნთების და ბიცეფსის ვარჯიშში.</p>\n\n<p>მასალა:&nbsp; ხე.</p>\n\n<p>ზომები : 200X55მმ</p>\n\n<p>მზადდება შეკვეთით</p>', NULL, '2021-03-04 21:03:30', '2022-05-06 14:28:35'),
(4, 'ka', 'Climbing Brush', '<p>გამძლე საჭდის ჯაგრისი ანატომიური სახელურით, იდეალურია საჭდების გასაწმენდად და ცარცის ზედმეტობის მოსაშორებლად.</p>\n', '<p>საჭდის ჯაგრისი შექმნილია იმისათვის, რომ ეფექტურად გაწმინდოს საჭდები ზედმეტი ცარცისა და ნარჩენებისგან. ანატომიური სახელური უზრუნველყოფს კომფორტულ დაჭერას გამოყენებისას, ხოლო გამძლე ჯაგრები უზრუნველყოფს thorough წმენდას, არ აზიანებს საჭდებს. დამწყები თუ გამოცდილი კლაიმბერი იყოთ, ეს ჯაგრისი აუცილებელი ინსტრუმენტია ოპტიმალური წებოვნებისა და შესრულების შენარჩუნებისთვის.</p>\n', NULL, '2021-03-04 21:07:14', '2025-06-20 18:18:03'),
(5, 'ka', 'Liquid Chalk For Climbing', '<p>თხევადი მაგნეზია, რომელიც აუმჯობესებს წებოვნებას და ამცირებს ოფლიანობას.</p>\n', '<p>ეს თხევადი მაგნეზია შექმნილია იმისათვის, რომ გააუმჯობესოს მოჭიდება ცოცვისას და შეამციროს ხელების ოფლიანობა ცოცვის დროს.<br />\nიდეალურია როგორც დარბაზის, ისე ღია ცოცვისთვის, მცირე მტვრიანობით და განსაკუთრებით სასარგებლოა დარბაზებისთვის, სადაც ჩვეულებრივი ცარცის გამოყენებაა შეზღუდული.</p>\n\n<p><strong>მთავარი მახასიათებლები:</strong></p>\n\n<ul>\n	<li>\n	<p><strong>აუმჯობესებს მოჭიდებას:</strong> უკეთესი კონტროლი&nbsp;საჭდებზე.</p>\n	</li>\n	<li>\n	<p><strong>სწრაფი შრობის:</strong> უზრუნველყოფს დაუყოვნებელ ეფექტს.</p>\n	</li>\n	<li>\n	<p><strong>მტვრიანობის შემცირება:</strong> ამცირებს ცარცის მტვერსა და ნარჩენებს.</p>\n	</li>\n	<li>\n	<p><strong>ჰიგიენური:</strong> ალკოჰოლის შემცველობა ხელს უწყობს ხელების დეზინფექციას.</p>\n	</li>\n	<li>\n	<p><strong>ეკოლოგიურად სუფთა:</strong> შედარებით ტრადიციულ ცარცის პროდუქტებთან ნაკლები ზიანი გარემოსთვის.</p>\n	</li>\n</ul>\n\n<p>არ აქვს მნიშვნელობა, დამწყები ხარ თუ გამოცდილი კლაიმბერი &mdash; ეს სითხე ცარცი არის მოსახერხებელი და ეფექტური საშუალება უკეთესი ცოცვისთვის.</p>\n', NULL, '2021-03-04 21:11:24', '2025-06-20 18:16:04'),
(6, 'ka', 'სახლის სავარჯიშო ზონა', '<p>მოდულური ცოცვის სავარჯიშო სახლისთვის, განკუთვნილი სხვადასხვა დონის სპორცმენებისთვის.</p>\n', '<p>სავარჯიშო ზონა სახლისთვის არის მრავალფუნქციური ცოცვის სავარჯიშო, რომელიც შექმნილია სახლის შიდა გამოყენებისთვის და საშუალებას გაძლევთ შექმნათ პერსონალური ვარჯიშის სივრცე. იდეალურია ბოულდერინგისთვის და ძალისმიერი ვარჯიშებისთვის.</p>\n\n<p><strong>მთავარი მახასიათებლები:</strong></p>\n\n<ul>\n	<li>\n	<p><strong>მოდულური დიზაინი:</strong> მორგებადი მონტაჟი სივრცისა და საჭიროებების მიხედვით.</p>\n	</li>\n	<li>\n	<p><strong>მაღალი ხარისხის მასალები:</strong> გამძლე ვარჯიშისთვის.</p>\n	</li>\n	<li>\n	<p><strong>კომპაქტური ზომა:</strong> ეფექტური ვარჯიში მცირე სივრცეში.</p>\n	</li>\n</ul>\n\n<p>არა აქვს მნიშვნელობა, ხარ დამწყები თუ გმოცდილი სპორცმენი, ეს მოგცემს მოქნილ და ეფექტურ საშუალებებს სახლის პირობებში ვარჯიშისთვის.</p>\n', NULL, '2021-03-20 09:04:41', '2025-06-20 18:10:06'),
(7, 'ka', 'საჭიდი 1', '<p>.</p>\n', '<p>.</p>\n', 'პლასტმასი', '2021-05-07 18:48:43', '2026-03-30 20:28:40'),
(8, 'ka', 'საჭიდი 1', '<p>პატარა საცოცი საჭიდი</p>\n', '<p>პატარა საცოცი საჭიდი</p>\n', NULL, '2021-05-07 18:52:56', '2024-04-07 00:37:22'),
(9, 'ka', 'საჭიდი 3', '<p>დიდი საჭიდი</p>\n', '<p>დიდი საცოცი საჭიდი</p>\n', NULL, '2021-05-19 19:38:24', '2024-04-07 00:38:36'),
(10, 'ka', 'საჭიდი 4', '<p>საცოცი საჭიდი</p>\n', '<p>დიდი საცოცი საჭიდი</p>\n', 'პლასტმასი', '2021-05-19 19:42:11', '2026-03-30 21:49:41'),
(11, 'ka', 'საჭიდი 5', '<p>.</p>\n', '<p>.</p>\n', 'პლასტმასი', '2021-05-19 19:44:19', '2026-03-30 21:54:41'),
(12, 'ka', 'საჭიდი 6', '<p>.</p>\n', '<p>.</p>\n', 'პლასტმასი', '2021-05-19 19:47:15', '2026-03-30 22:00:29'),
(13, 'ka', 'საჭიდი 7', '<p>საცოცი საჭიდი&nbsp;</p>\n', '<p>საცოცი საჭიდი</p>\n', NULL, '2021-05-19 19:50:19', '2024-04-07 00:43:41'),
(14, 'ka', 'საჭიდების კომპლექტი 1', '<p>საჭიდების კომპლექტი</p>', '<p>საჭიდების კომპლექტი</p>', NULL, '2021-05-19 19:52:39', '2021-05-19 19:55:57'),
(15, 'ka', 'საჭიდი 8', '<p>საცოცი საჭიდი</p>\n', '<p>საცოცი საჭიდი</p>\n', NULL, '2021-05-19 20:06:29', '2024-04-08 20:25:16'),
(16, 'ka', 'საჭიდი 9', '<p>საცოცი საჭიდი</p>\n', '<p>საცოცი საჭიდი</p>\n', NULL, '2021-05-19 20:09:14', '2024-04-08 20:26:31'),
(17, 'ka', 'საჭიდი 10', '<p>საცოცი საჭიდი</p>\n', '<p>საცოცი საჭიდი</p>\n', NULL, '2021-05-26 10:35:52', '2024-04-08 20:27:09'),
(18, 'ka', 'საჭიდი 11', '<p>საჭიდი 11</p>\n', '<p>საჭიდი 11</p>\n', NULL, '2021-08-26 05:20:20', '2024-04-08 20:27:26'),
(19, 'ka', 'საჭიდი 12', '<p>საჭიდი 12</p>\n', '<p>საჭიდი 12</p>\n', NULL, '2021-08-26 05:23:03', '2024-04-08 20:30:07'),
(20, 'ka', 'საჭიდი 13', '<p>საჭიდი 13</p>\n', '<p>საჭიდი 13</p>\n', NULL, '2021-08-26 05:25:37', '2024-04-08 20:30:55'),
(21, 'ka', 'საჭიდიs kit 2', '<p>საჭიდიs kit 2</p>', '<p>საჭიდიs kit 2</p>', NULL, '2021-08-26 05:27:10', '2021-08-26 05:29:13'),
(22, 'ka', 'საჭიდი 14', '<p>საჭიდი 14</p>\n', '<p>საჭიდი 14</p>\n', NULL, '2021-08-26 05:29:26', '2024-04-08 20:31:59'),
(23, 'ka', '1 საჭიდიანი ფინგერბორდი', '<p>.</p>\n', '<p>.</p>\n', 'ხე', '2021-08-26 05:31:39', '2025-10-01 23:15:41'),
(24, 'ka', 'საჭიდის ბოლტი', '<p>გამძლე ფოლადის, ხელოვნურ საცოც კედელზე საჭიდების მისაყენებელი ბოლტი ექსსფოთის თავით.</p>\n', '<p>გამძლე ფოლადის, ხელოვნურ საცოც კედელზე საჭიდების მისაყენებელი ბოლტი ექსსფოთის თავით, რაც მონტაჟსა და მოხსნას მარტივს ხდის<br />\nბოლტი იდეალურია T-Nuts-ებთან ერთად ხის დაფებზე გამოყენებისთვის და უზრუნველყოფს საიმედო დამაგრებას.</p>\n\n<p><strong>მთავარი მახასიათებლები:</strong></p>\n\n<ul>\n	<li>\n	<p><strong>მასალა:</strong> მაღალი გამძლეობის ფოლადი.</p>\n	</li>\n	<li>\n	<p><strong>დიზაინი:</strong> ექსსფოთის თავიანი ბოლტი მარტივი მონტაჟისა და მოხსნისთვის.</p>\n	</li>\n	<li>\n	<p><strong>თავსებადობა:</strong> შექმნილია T-Nuts-ებთან ხის დაფებზე.</p>\n	</li>\n	<li>\n	<p><strong>ფინიში:</strong> კოროზიისგან დამცავი ფენით.</p>\n	</li>\n</ul>\n\n<p>თუ აწყობ კლდეზე კედელს ან განაახლებ უკვე არსებულს, ეს ბოლტი გთავაზობს სანდოობას და შესანიშნავ შესრულებას.</p>\n', NULL, '2021-08-26 15:19:14', '2025-06-20 18:03:19'),
(25, 'ka', 'საჭიდი 15', '<p>საჭიდი 15</p>', '<p>საჭიდი 15</p>', NULL, '2021-08-26 15:27:18', '2021-08-26 15:30:29'),
(26, 'ka', 'საჭიდი 16', '<p>საჭიდი 16</p>\n', '<p>საჭიდი 16</p>\n', NULL, '2021-08-26 15:30:50', '2024-04-08 20:33:51'),
(27, 'ka', 'საჭიდი 17', '<p>საჭიდი 17</p>\n', '<p>საჭიდი 17</p>\n', NULL, '2021-08-26 15:37:50', '2024-04-08 20:35:02'),
(28, 'ka', 'ხის ხრახნი (პაუკი)', '<p>ცინკით დაფარული 4-კბილიანი ხის ხრახნი (პაუკი), ხელოვნურ საცოც კედელზე საჭდების მყარად დასამაგრებლად.</p>\n', '<p>ხელოვნურ საცოც კედელზე საჭდების მყარად დასამაგრებლად&nbsp;ხის ხრახნი (პაუკი). დამზადებულია ცინკით დაფარული ფოლადისგან და მათ აქვთ 4 კბილიანი დიზაინი, რომელიც მყარად ებჯინება ხის დაფას, უშლის მათ შემობრუნებას და უზრუნველყოფს სტაბილურ დაჭერას.</p>\n\n<p><strong>მთავარი მახასიათებლები:</strong></p>\n\n<ul>\n	<li>\n	<p><strong>მასალა:</strong> ზინკით დაფარული ფოლადი, რომელიც ასუსტებს კოროზიას და ამაღლებს გამძლეობას.</p>\n	</li>\n	<li>\n	<p><strong>დიზაინი:</strong> 4-კბილიანი კონფიგურაცია უზრუნველყოფს მყარ დასაჭერად ხის დაფაში.</p>\n	</li>\n	<li>\n	<p><strong>თავსებადობა:</strong> შექმნილია სტანდარტული კლდეზე საჭდების ბოლტებისთვის.</p>\n	</li>\n	<li>\n	<p><strong>მონტაჟი:</strong> მარტივად იწვება წინასწარ ჭრილ ხვრელში სწრაფი დამონტაჟებისთვის.</p>\n	</li>\n</ul>\n', NULL, '2021-08-26 15:41:06', '2025-06-20 17:52:26'),
(30, 'ka', 'საჭიდი 18', '<p>.</p>\n', '<p>.</p>\n', NULL, '2021-12-15 21:04:05', '2024-04-08 20:35:54'),
(31, 'ka', 'საჭიდი 19', '<p>.</p>', '<p>.</p>', NULL, '2021-12-15 21:15:11', '2021-12-15 21:20:34'),
(32, 'ka', 'საჭიდი 20', '<p>.</p>', '<p>.საშუალო ზომის ხელოვნური საჭიდები</p>\n\n<p>გამოიყენება საცოც დარბაზებში, ხელოვნურ კლდეებზე და სახლში ხელოვნურ კედელზე დასამაგრებლად და სავარჯიშოდ.</p>', NULL, '2021-12-15 21:20:52', '2022-05-06 14:48:01'),
(33, 'ka', 'საჭიდი 21', '<p>.</p>', '<p>ხელოვნური საჭიდები, საშუალო ზომის, ჩანაჭდევებით.</p>\n\n<p>გამოიყენება ხელოვნურ კლდეებზე, საცოც&nbsp;დარბაზებში, სახლში საცოც კედელზე დასამაგრებლად და სავარჯიშოდ.</p>', NULL, '2021-12-15 21:29:54', '2022-05-06 14:44:50'),
(34, 'ka', 'საჭიდების კომპლექტი 1', '<p>.</p>', '<p>ხელოვნური, ფერადი საჭიდების სეტი, დიდი &nbsp;ზომის, ღრმა&nbsp;&nbsp;ჯიბეებით. გამოიყენება ხელოვნურ კლდეზე დასამაგრებლად (საცოც დარბაზებში, ბაღებში, სკვერებში განთავსებულ ხელოვნურ კლდებზე, ასევე სახლში გაკეთებულ საცოც კედელზე).</p>', NULL, '2021-12-15 21:31:53', '2022-05-06 11:54:01'),
(35, 'ka', 'საჭიდების კომპლექტი 2', '<p>.</p>', '<p>ხელოვნური, ფერადი საჭიდების სეტი, პატარა ზომის. გამოიყენება ხელოვნურ კლდეზე დასამაგრებლად (საცოც დარბაზებში, ბაღებში, სკვერებში განთავსებულ ხელოვნურ კლდებზე, ასევე სახლში გაკეთებულ საცოც კედელზე).</p>', NULL, '2021-12-15 21:35:38', '2022-05-06 11:52:55'),
(36, 'ka', 'საჭიდების კომპლექტი 3', '<p>.</p>', '<p>ხელოვნური, ფერადი საჭიდების სეტი, დიდი და საშუალო ზომის და სიღრმის ჯიბეებით. გამოიყენება ხელოვნურ კლდეზე, საცოც დარბაზებში, ბაღებში, სკვერებში განთავსებულ ხელოვნურ კლდეებზე, ასევე სახლში გაკეთებულ საცოც კედელზე დასამაგრებლად და სავარჯიშოდ.</p>', NULL, '2021-12-16 20:39:23', '2022-05-06 11:50:07'),
(37, 'ka', 'საჭიდი 22', '<p>.</p>', '<p>წითელი ფერის, მოგრძო ფორმის, დიდი ზომის ხელოვნური საჭიდი.</p>\n\n<p>გამოიყენება დარბაზებში, ხელოვნურ კლდეებზე და სახლში გაკეთებულ საცოც კედლებზე დასამაგრებლად.</p>\n\n<p>მზადდება შეკვეთით</p>', NULL, '2021-12-16 20:41:51', '2022-05-06 11:48:18'),
(38, 'ka', 'საჭიდი 23', '<p>.</p>', '<p>მრგვალი ფორმის, პატარა ზომის ხელოვნური საჭიდი.</p>\n\n<p>გამოიყენება დარბაზებში, ხელოვნურ კლდეებზე და სახლში გაკეთებულ საცოც კედლებზე დასამაგრებლად.</p>\n\n<p>მზადდება შეკვეთით</p>', NULL, '2021-12-16 20:44:49', '2022-05-06 11:47:14'),
(39, 'ka', 'საჭიდი 24', '<p>.</p>\n', '<p>ლურჯი ფერის ხელოვნური საჭიდი, მცირედი ჩანაჭდევებით.</p>\n\n<p>გამოიყენება დარბაზებში, ხელოვნურ კლდეებზე და სახლში გაკეთებულ საცოც კედლებზე დასამაგრებლად.</p>\n\n<p>მზადდება შეკვეთით</p>\n', NULL, '2021-12-16 20:46:44', '2026-01-19 00:55:00'),
(40, 'ka', 'ძალიან პატარა საჭიდები 1', '<p>1 საჭიდის ღირებულება 2.5 ლარი</p>', '<p>პატარა ზომის ხელოვნური, ფერადი&nbsp; საჭიდები. გამოიყენება, ხელოვნურ კლდეზე დასამაგრებლად და საცოცად. ასეთ მცირე ზომის საჭიდებზე ვარჯიშისას კარგად ვითარდება თითების მომხრელი და გამშლელი კუნთები.</p>\n\n<p>მზადდება შეკვეთით</p>\n\n<p>&nbsp;</p>\n\n<p>1 საჭიდის ღირებულება 2.5 ლარი</p>', NULL, '2021-12-16 20:52:41', '2022-05-06 11:41:19'),
(41, 'ka', 'მაგნეზიის ტომარა', '<p>გამძლე და პრაქტიკული მაგნეზიის ჩანთა, ფართო ღიობით და კომფორტული ქამრით.</p>\n', '<p>მაგნმეზიის ჩანთა აუცილებელი აღჭურვილობაა კლდეზე ცოცვისთვის, რომელიც უზრუნველყოფს ხელების სიმშრალეს და უკეთეს მოჭერას. ჩანთა დამზადებულია გამძლე მასალისგან და აღჭურვილია ფართო ღიობით. რეგულირებადი ქამარი უზრუნველყოფს კომფორტულ და მყარ მორგებას. ზოგიერთი მოდელი შეიძლება შეიცავდეს დამატებით ჯიბეებს პირადი ნივთების შესანახად.</p>\n', NULL, '2022-02-07 21:09:14', '2025-06-20 17:47:18'),
(42, 'ka', 'თოკის ჩანთა', '<p>გამძლე და ფართო თოკის ჩანთა ზურგზე გადასაკიდი ქამრით და დამატებითი განყოფილებით.</p>\n', '<p>მოაწესრიგე და დაიცავი შენი თოკი და აღჭურვილობა ამ გამძლე თოკის ჩანთით. დამზადებულია მტკიცე, რიფსტოპ ნეილონისგან და გააჩნია ფართო ელვაშესაკრავი ღიობი, რაც ამარტივებს თოკის ჩალაგებასა და ამოღებას.</p>\n\n<p>ჩანთას აქვს რბილი ზურგზე გადასაკიდი ქამარი და გამაგრებული სახელური &mdash; კომფორტული ტრანსპორტირებისთვის, იქნება ეს დარბაზში წასვლა თუ კლდეზე გასვლა. შიგნით განთავსებულია ცალკე სექცია აღჭურვილობისთვის (მაგ. ქვიქდროები, ცარცი, პირადი ნივთები), ხოლო ბადის გვერდითი ჯიბეები წყლის ბოთლის ან საჭმლისათვისაა განკუთვნილი.</p>\n\n<p>წყალგაუმტარი ძირი იცავს შიგთავსს ტენიანი ზედაპირებისგან, იქნება ეს კლდის შელესილი პლატო თუ დარბაზის იატაკი.</p>\n\n<p>მცირე წონის მიუხედავად, ჩანთა შექმნილია ხანგრძლივი და მრავალმხრივი გამოყენებისთვის &mdash; იდეალურია ნებისმიერი კლაიმბერისთვის, ვინც აფასებს ორგანიზებულობას, გამძლეობასა და მოხერხებულობას.</p>\n\n<p>&nbsp;</p>\n', NULL, '2022-02-07 21:13:35', '2025-06-20 17:43:29'),
(43, 'ka', 'დაზღვევის სათვალე', '<p>პრიზმული ბილეის სათვალე &mdash; ამცირებს კისრის დაძაბვას და შეიცავს ქეისს და სამაგრს.</p>\n', '<p>იზრუნე შენს კომფორტზე დაცვაზე დგომის დროს ამ პრიზმული სათვალეებით. სამკუთხა პრიზმების მეშვეობით, ისინი გაძლევენ საშუალებას მაღლა იყურო ისე, რომ თავი ჩვეულად გეჭიროს &mdash; შენ იზოგავ კისერს და უფრო კონცენტრირებული ხარ ცოცვის პროცესზე.</p>\n\n<ul>\n	<li>\n	<p><strong>ერგონომიული კომფორტი</strong>: რბილი რეზინის ან პოლიკარბონატის ჩარჩოები მარტივად ერგება ცხვირს და ამცირებს წნევას ხანგრძლივი ბილეის დროს.</p>\n	</li>\n	<li>\n	<p><strong>მდგრადი პრიზმები</strong>: მაღალი ხარისხის BK7 ან მინის პრიზმები უზრუნველყოფს მკაფიო და არადამახინჯებულ ხედვას, თუნდაც მრავალჯერადი გამოყენების შემდეგ.</p>\n	</li>\n	<li>\n	<p><strong>სრული ხილვადობა</strong>: ცენტრალური ხედვის ზონა მუდმივად ფოკუსში ამყოფებს მძლავრელს, ხოლო გვერდითი ხედვა შენარჩუნებულია უსაფრთხოებისა და თოკის კონტროლისთვის.</p>\n	</li>\n	<li>\n	<p><strong>სრული კომპლექტი</strong>: შეიცავს მყარ ქეისს (ხშირად კარაბინით), რბილ ჩანთას, სამაგრსა და საწმენდ ჩვრებს &mdash; კომფორტული ტრანსპორტირებისა და მოვლისთვის.</p>\n	</li>\n	<li>\n	<p><strong>უფრო უსაფრთხო ბილეი</strong>: კისრის დაძაბვის გარეშე შენ უფრო ყურადღებიანი ხარ, რაც ზრდის ცოცვის უსაფრთხოებას და ეფექტურობას.</p>\n	</li>\n</ul>\n\n<p>იდეალურია დარბაზში ხანგრძლივი დაცვაზ დგომისას, ლიდზე მუშაობისთვის ან მულტი-პიჩ მარშრუტებისთვის. მცირედი მიჩვევის შემდეგ, ბევრი კლაიმბერი ამბობს, რომ ვეღარ ბილავენ სათვალის გარეშე.</p>\n', NULL, '2022-02-07 21:34:23', '2025-06-20 17:41:09'),
(44, 'ka', 'სახლში სავარჯიშო სტენდი', '<p>სახლში სავარჯიშო სტენდი</p>', '<p>სახლში სავარჯიშო ხის &nbsp;სტენდი &bdquo;ტურნიკით&ldquo;, რომელზეც მაგრედება როგორც&nbsp; სხვადასხვა ზომის ხელოვნური საჭიდები, ასევე &bdquo; ჰენგბორდი&rdquo;</p>\n\n<p>დაფის ზომა: 80x40x40 სმ</p>\n\n<p>&quot;ტურნიკის&quot; ზომა 80 სმ</p>\n\n<p>მზადდება შეკვეთით</p>\n\n<p>&nbsp;</p>', NULL, '2022-03-01 20:33:31', '2022-05-06 11:37:48'),
(45, 'ka', 'რელიეფები', '<p>საცოცი რელიეფების დამზადება</p>', '<p>საცოცი რელიეფების დამზადება შეკვეთით</p>', NULL, '2022-06-17 06:47:58', '2022-06-17 06:55:57'),
(101, 'ru', 'Birtvisi 2', '<p>dd</p>', '<pre>\nHANGBOARD - Упражнение для пальцев, доска с тремя надрезами разного размера. Развивает мышцы пальцев, предплечий, бицепсы, укрепляет запястья и укрепляет лучезапястные сухожилия.\nМатериал: дерево.\nРазмеры: 120X150 мм (глубина насечек 18 мм, 25 мм, 30 мм</pre>', NULL, '2021-03-02 21:05:28', '2022-05-06 14:36:29'),
(102, 'ru', 'Mono hengboard', '<p>.</p>', '<pre>\nMICRO HANGBOARD - Этот тренажер предназначен для упражнений одним пальцем. Это поможет вам тренировать отдельные пальцы рук и укреплять сухожилия. Лучший способ &mdash; тренироваться на отдельных пальцах.\nМатериал: дерево.\nРазмеры: 80X50 мм (диаметр отверстия 25 мм)</pre>', NULL, '2021-03-04 20:58:51', '2022-05-06 14:31:07'),
(103, 'ru', 'Climbing Power Pistons', '<p>.</p>', '<p>POWER PISTONS - Помогает тренировать запястья, предплечья и бицепсы.</p>\n\n<p>Материал: дерево.</p>\n\n<p>Размеры: 200X55 мм На заказ</p>', NULL, '2021-03-04 21:03:30', '2022-05-06 14:33:49'),
(104, 'ru', 'Climbing Brush', '<p>.</p>', '<p>Щетка для чистых зацепок</p>', NULL, '2021-03-04 21:07:14', '2021-03-04 21:10:47'),
(105, 'ru', 'Liquid Chalk For Climbing', '<p>.</p>', '<p>Что такое жидкий магнезия? Жидкий магнезия для лазания - это стандартный магнезия для лазания, смешанный с жидкостью - обычно в форме спирта - которая испаряется при контакте с воздухом. ... Как только это будет сделано, вы получите блестящий и ровный слой магнезии, который очень хорошо проникает в щели на ваших пальцах.</p>', NULL, '2021-03-04 21:11:24', '2021-03-04 21:15:25'),
(106, 'ru', 'Домашняя тренировочная зона', '<p>.</p>', '<p>Отдельно стоящая конструкция, к которой можно прикрепить фингерборд и другие аксессуары и с их помощью выполнять упражнения.</p>\n\n<p>Высота 240см.</p>', NULL, '2021-03-20 09:04:41', '2021-03-20 09:12:23'),
(107, 'ru', 'Зацепка 1', '<p>Малый зацеп для лазанья</p>\n', '<p>Малый зацеп для лазанья</p>\n', NULL, '2021-05-07 18:48:43', '2024-04-07 00:14:59'),
(108, 'ru', 'Зацепка 1', '<p>Малый зацепка&nbsp;для лазанья</p>\n', '<p>Малый зацепка&nbsp;для лазанья</p>\n', NULL, '2021-05-07 18:52:56', '2024-04-07 00:37:22'),
(109, 'ru', 'зацепка 3', '<p>зацепка&nbsp;для лазанья</p>\n', '<p>зацепка&nbsp;для лазанья</p>\n', NULL, '2021-05-19 19:38:24', '2024-04-07 00:38:36'),
(110, 'ru', 'Зацепка 4', '<p>зацепка&nbsp;для лазанья</p>\n', '<p>зацепка&nbsp;для лазанья</p>\n', NULL, '2021-05-19 19:42:11', '2024-04-07 00:40:01'),
(111, 'ru', 'Зацепка 1', '<p>зацепка&nbsp;для лазанья</p>\n', '<p>зацепка&nbsp;для лазанья</p>\n', NULL, '2021-05-19 19:44:19', '2024-04-07 00:42:20'),
(112, 'ru', 'Зацепка 6', '<p>Малый зацепка&nbsp;для лазанья</p>\n', '<p>Малый зацепка&nbsp;для лазанья</p>\n', NULL, '2021-05-19 19:47:15', '2024-04-07 00:41:33'),
(113, 'ru', 'Зацепка 7', '<p>зацепка&nbsp;для лазанья</p>\n', '<p>зацепка&nbsp;для лазанья</p>\n', NULL, '2021-05-19 19:50:19', '2024-04-07 00:43:41'),
(114, 'ru', 'Комплект зацепок 1', '<p>Комплект зацепок для скалолазания</p>', '<p>Комплект зацепок для скалолазания</p>', NULL, '2021-05-19 19:52:39', '2021-05-19 19:55:57'),
(115, 'ru', 'Зацепка 8', '<p>зацепка&nbsp;для лазанья</p>\n', '<p>зацепка&nbsp;для лазанья</p>\n', NULL, '2021-05-19 20:06:29', '2024-04-08 20:25:16'),
(116, 'ru', 'Зацепка 9', '<p>зацепка&nbsp;для лазанья</p>\n', '<p>зацепка&nbsp;для лазанья</p>\n', NULL, '2021-05-19 20:09:14', '2024-04-08 20:26:31'),
(117, 'ru', 'Зацепка 10', '<p>зацепка&nbsp;для лазанья</p>\n', '<p>зацепка&nbsp;для лазанья</p>\n', NULL, '2021-05-26 10:35:52', '2024-04-08 20:27:09'),
(118, 'ru', 'Зацепка11', '<p>Зацепка11</p>\n', '<p>Зацепка11</p>\n', NULL, '2021-08-26 05:20:20', '2024-04-08 20:27:26'),
(119, 'ru', 'Зацепка12', '<p>Зацепка12</p>\n', '<p>Зацепка12</p>\n', NULL, '2021-08-26 05:23:03', '2024-04-08 20:30:07'),
(120, 'ru', 'Зацепка13', '<p>Зацепка13</p>\n', '<p>Зацепка13</p>\n', NULL, '2021-08-26 05:25:37', '2024-04-08 20:30:55'),
(121, 'ru', 'Комплект зацепок 2', '<p>Комплект зацепок 2</p>', '<p>Holds kit 2</p>', NULL, '2021-08-26 05:27:10', '2021-08-26 05:29:13'),
(122, 'ru', 'Зацепка14', '<p>Зацепка14</p>\n', '<p>Зацепка14</p>\n', NULL, '2021-08-26 05:29:26', '2024-04-08 20:31:59'),
(123, 'ru', 'Climbing Holds bolt (4cm)', '<p>Climbing Holds bolt (4cm)</p>', '<p>Climbing Holds bolt (4cm)</p>', NULL, '2021-08-26 05:31:39', '2021-08-26 05:34:53'),
(124, 'ru', 'Climbing Зацепкаbolt (8cm)', '<p>Climbing Зацепкаbolt</p>\n\n<p>80mm X 10mm</p>', '<p>Climbing Зацепкаbolt</p>\n\n<p>80mm X 10mm</p>', NULL, '2021-08-26 15:19:14', '2021-08-26 15:22:21'),
(125, 'ru', 'Зацепка15', '<p>Зацепка15</p>', '<p>Зацепка15</p>', NULL, '2021-08-26 15:27:18', '2021-08-26 15:30:29'),
(126, 'ru', 'Зацепка16', '<p>Зацепка16</p>\n', '<p>Зацепка16</p>\n', NULL, '2021-08-26 15:30:50', '2024-04-08 20:33:51'),
(127, 'ru', 'Зацепка17', '<p>Зацепка17</p>\n', '<p>Зацепка17</p>\n', NULL, '2021-08-26 15:37:50', '2024-04-08 20:35:02'),
(128, 'ru', 'Паук', '<p>Паук 10mm</p>\n', '<p>Паук 10mm</p>\n', NULL, '2021-08-26 15:41:06', '2024-04-08 20:38:49'),
(130, 'ru', 'Зацепка18', '<p>.</p>\n', '<p>.</p>\n', NULL, '2021-12-15 21:04:05', '2024-04-08 20:35:54'),
(131, 'ru', 'Зацепка19', '<p>.</p>', '<p>.</p>', NULL, '2021-12-15 21:15:11', '2021-12-15 21:20:34'),
(132, 'ru', 'Зацепка20', '<p>.</p>', '<p>.</p>', NULL, '2021-12-15 21:20:52', '2021-12-15 21:26:19'),
(133, 'ru', 'Зацепка21', '<p>.</p>', '<p>.</p>', NULL, '2021-12-15 21:29:54', '2021-12-15 21:31:11'),
(134, 'ru', 'Комплект зацепок  1', '<p>.</p>', '<p>.</p>', NULL, '2021-12-15 21:31:53', '2021-12-15 21:34:44'),
(135, 'ru', 'Комплект зацепок  2', '<p>.</p>', '<p>.</p>', NULL, '2021-12-15 21:35:38', '2021-12-15 21:37:44'),
(136, 'ru', 'Комплект зацепок  3', '<p>.</p>', '<p>.</p>', NULL, '2021-12-16 20:39:23', '2021-12-16 20:41:07'),
(137, 'ru', 'Зацепка22', '<p>.</p>', '<p>.</p>', NULL, '2021-12-16 20:41:51', '2021-12-16 20:43:57'),
(138, 'ru', 'Зацепка23', '<p>.</p>', '<p>.</p>', NULL, '2021-12-16 20:44:49', '2021-12-16 20:46:36'),
(139, 'ru', 'Зацепка24', '<p>.</p>', '<p>.</p>', NULL, '2021-12-16 20:46:44', '2021-12-16 20:50:32'),
(140, 'ru', 'Micro holds 1', '<p>1 Зацепкаprice 2.5 GEL</p>', '<p>1 Зацепкаprice 2.5 GEL</p>', NULL, '2021-12-16 20:52:41', '2021-12-16 20:54:49'),
(141, 'ru', 'Мешочек для магнезии', '<p>Мешочек для магнезии</p>', '<p>Мешочек для магнезии</p>', NULL, '2022-02-07 21:09:14', '2022-02-07 21:13:28'),
(142, 'ru', 'Сумка для верёвки', '<p>Сумка для скалолазной верёвки</p>', '<p>Сумка для скалолазной верёвки</p>', NULL, '2022-02-07 21:13:35', '2022-02-07 21:18:45'),
(143, 'ru', 'Вязаные шапки', '<p>Шапки ручной вязки</p>', '<p>Шапки ручной вязки - пошив на заказ индивидуального выборочного цвета.</p>', NULL, '2022-02-07 21:34:23', '2022-02-07 21:40:30'),
(144, 'ru', 'Стенд для домашних упражнений', '<p>Стенд для домашних упражнений&nbsp;</p>', '<p>Стенд для домашних упражнений&nbsp;изготавливается на заказ. Для подробной информации, пожалуйста, свяжитесь с нами</p>', NULL, '2022-03-01 20:33:31', '2022-03-01 20:47:26'),
(145, 'ru', 'Рельефы', '<p>Изготовление рельефов</p>', '<p>Изготовление рельефов на заказ</p>', NULL, '2022-06-17 06:47:58', '2022-06-17 06:55:57'),
(201, 'us', 'Handboard', '<p>.</p>\n', '<p>HANGBOARD- A finger exercise, a hangboard with three different sized incisions. Develops the muscles of the fingers, forearms, biceps, strengthens the wrists and strengthens the wrist tendons.<br />\nMaterial: wood.<br />\nDimensions: 120X150 mm (depth of incisions 18 mm, 25 mm, 30 mm</p>\n', NULL, '2021-03-02 21:05:28', '2024-12-17 01:44:04'),
(202, 'us', 'Mono hengboard', '<p>.</p>\n', '<p>MICRO HANGBOARD - This simulator is designed for one-finger exercises. It will help you to exercise the individual fingers of the hand and strengthen the tendons. The best way is to practice lifting on individual fingers.<br />\nMaterial: wood.<br />\nDimensions: 80X50 mm (hole diameter 25 mm)</p>\n', NULL, '2021-03-04 20:58:51', '2025-10-01 23:03:45'),
(203, 'us', 'Climbing Power Pistons', '<p>.</p>', '<p>POWER PISTONS - Helps you train your wrists, forearms and biceps.</p>\n\n<p>Material: wood.</p>\n\n<p>Dimensions: 200X55 mm</p>\n\n<p>Made to order</p>', NULL, '2021-03-04 21:03:30', '2022-05-06 14:28:35'),
(204, 'us', 'Climbing Brush', '<p>Durable climbing brush with ergonomic handle, ideal for cleaning holds and removing excess chalk.</p>\n', '<p>The Climbing Brush is designed to effectively clean climbing holds by removing excess chalk and debris. Its ergonomic handle ensures a comfortable grip during use, while the durable bristles provide thorough cleaning without damaging the holds. Whether you&#39;re training indoors or tackling outdoor routes, this brush is an essential tool for maintaining optimal grip and performance.</p>\n', NULL, '2021-03-04 21:07:14', '2025-06-20 18:18:03'),
(205, 'us', 'Liquid Chalk For Climbing', '<p>Alcohol-based liquid chalk that enhances grip and reduces mess during climbing sessions</p>\n', '<p>This liquid chalk is designed to improve grip and reduce hand moisture during climbing. Its alcohol-based formula dries quickly, leaving a thin layer of chalk that enhances friction between your hands and climbing holds. Ideal for both indoor and outdoor climbing, it minimizes mess and is particularly beneficial for gyms that have restrictions on loose chalk.</p>\n\n<p><strong>Key Features:</strong></p>\n\n<ul>\n	<li>\n	<p><strong>Enhanced Grip:</strong> Improves friction for better control on climbing holds.</p>\n	</li>\n	<li>\n	<p><strong>Quick Drying:</strong> Dries rapidly to provide immediate benefits.</p>\n	</li>\n	<li>\n	<p><strong>Mess Reduction:</strong> Minimizes chalk dust and residue.</p>\n	</li>\n	<li>\n	<p><strong>Hygienic:</strong> Alcohol content helps in sanitizing hands.</p>\n	</li>\n	<li>\n	<p><strong>Eco-Friendly:</strong> Reduces environmental impact compared to traditional chalk.</p>\n	</li>\n</ul>\n\n<p>Whether you&#39;re a beginner or an experienced climber, this liquid chalk offers a convenient and effective solution to enhance your climbing experience.</p>\n', NULL, '2021-03-04 21:11:24', '2025-06-20 18:16:04'),
(206, 'us', 'Home training zone', '<p>Modular climbing wall system for personalized home training, adaptable to various skill levels.</p>\n', '<p>The Home Training Zone is a versatile climbing wall system designed for indoor use.</p>\n\n<p><strong>Key Features:</strong></p>\n\n<ul>\n	<li>\n	<p><strong>Modular Design:</strong> Allows for customizable setups to fit available space and training needs.</p>\n	</li>\n	<li>\n	<p><strong>High-Quality Materials:</strong> Constructed with durable materials to withstand rigorous training sessions.</p>\n	</li>\n	<li>\n	<p><strong>Compact Footprint:</strong> Designed to maximize training space without occupying excessive room.</p>\n	</li>\n</ul>\n\n<p>Whether you&#39;re a beginner aiming to build foundational strength or an advanced climber seeking to refine techniques, the Home Training Zone provides a flexible and effective solution for indoor climbing training.</p>\n', NULL, '2021-03-20 09:04:41', '2025-06-20 18:10:06'),
(207, 'us', 'Hold 1', '<p>.</p>\n', '<p>.</p>\n', 'Plastic', '2021-05-07 18:48:43', '2026-03-30 20:28:40'),
(208, 'us', 'Hold 2', '<p>Small climbing hold</p>\n', '<p>Small climbing hold</p>\n', NULL, '2021-05-07 18:52:56', '2024-04-07 00:37:23'),
(209, 'us', 'Hold 3', '<p>Big climbing hold</p>\n', '<p>Big climbing hold</p>\n', NULL, '2021-05-19 19:38:24', '2024-04-07 00:38:36'),
(210, 'us', 'Hold 4', '<p>Climbing hold</p>\n', '<p>Big climbing hold</p>\n', 'Plastic', '2021-05-19 19:42:11', '2026-03-30 21:49:41'),
(211, 'us', 'Hold 5', '<p>.</p>\n', '<p>.</p>\n', 'Plastic', '2021-05-19 19:44:19', '2026-03-30 21:54:41'),
(212, 'us', 'Hold 6', '<p>.</p>\n', '<p>.</p>\n', 'Plastic', '2021-05-19 19:47:15', '2026-03-30 22:00:29'),
(213, 'us', 'Hold 7', '<p>Climbing hold</p>\n', '<p>Climbing hold</p>\n', NULL, '2021-05-19 19:50:19', '2024-04-07 00:43:41'),
(214, 'us', 'Holds kit 1', '<p>Climbing holds kit</p>', '<p>Climbing holds kit</p>', NULL, '2021-05-19 19:52:39', '2021-05-19 19:55:57'),
(215, 'us', 'Hold 8', '<p>Climbing hold</p>\n', '<p>Climbing hold</p>\n', NULL, '2021-05-19 20:06:29', '2024-04-08 20:25:16'),
(216, 'us', 'Hold 9', '<p>Climbing hold</p>\n', '<p>Climbing hold</p>\n', NULL, '2021-05-19 20:09:14', '2024-04-08 20:26:31'),
(217, 'us', 'Hold 10', '<p>Climbing holds with screws</p>\n', '<p>Climbing holds with screws</p>\n', NULL, '2021-05-26 10:35:52', '2024-04-08 20:27:09'),
(218, 'us', 'Hold 11', '<p>Hold 11</p>\n', '<p>Hold 11</p>\n', NULL, '2021-08-26 05:20:20', '2024-04-08 20:27:26'),
(219, 'us', 'Hold 12', '<p>Hold 12</p>\n', '<p>Hold 12</p>\n', NULL, '2021-08-26 05:23:03', '2024-04-08 20:30:07'),
(220, 'us', 'Hold 13', '<p>Hold 13</p>\n', '<p>Hold 13</p>\n', NULL, '2021-08-26 05:25:37', '2024-04-08 20:30:55'),
(221, 'us', 'Holds kit 2', '<p>Holds kit 2</p>', '<p>Holds kit 2</p>', NULL, '2021-08-26 05:27:10', '2021-08-26 05:29:13'),
(222, 'us', 'Hold 14', '<p>Hold 14</p>\n', '<p>Hold 14</p>\n', NULL, '2021-08-26 05:29:26', '2024-04-08 20:31:59'),
(223, 'us', 'One pocket fingerboard', '<p>.</p>\n', '<p>.</p>\n', 'Wood', '2021-08-26 05:31:39', '2025-10-01 23:15:41'),
(224, 'us', 'Climbing hold bolt', '<p>Durable steel climbing hold bolt with hex socket, suitable for indoor climbing wall installations.</p>\n', '<p>Ensure secure and stable attachment of climbing holds with this high-quality climbing hold bolt. Crafted from durable steel, it features a hex socket design, allowing for easy installation and removal using an Allen wrench. This bolt is ideal for use with T-nuts in wooden panels, providing a reliable fastening solution for both indoor and outdoor climbing walls.</p>\n\n<p><strong>Key Features:</strong></p>\n\n<ul>\n	<li>\n	<p><strong>Material:</strong> High-strength steel for enhanced durability.</p>\n	</li>\n	<li>\n	<p><strong>Design:</strong> Hex socket head for easy tightening and loosening.</p>\n	</li>\n	<li>\n	<p><strong>Compatibility:</strong> Designed for use with T-nuts in wooden climbing panels.</p>\n	</li>\n	<li>\n	<p><strong>Finish:</strong> Corrosion-resistant coating to withstand various environmental conditions.</p>\n	</li>\n</ul>\n\n<p>Whether you&#39;re setting up a new climbing wall or upgrading an existing one, this climbing hold bolt offers the reliability and performance you need.</p>\n', NULL, '2021-08-26 15:19:14', '2025-06-20 18:03:19'),
(225, 'us', 'Hold 15', '<p>Hold 15</p>', '<p>Hold 15</p>', NULL, '2021-08-26 15:27:18', '2021-08-26 15:30:29'),
(226, 'us', 'Hold 16', '<p>Hold 16</p>\n', '<p>Hold 16</p>\n', NULL, '2021-08-26 15:30:50', '2024-04-08 20:33:51'),
(227, 'us', 'Hold 17', '<p>Hold 17</p>\n', '<p>Hold 17</p>\n', NULL, '2021-08-26 15:37:50', '2024-04-08 20:35:02'),
(228, 'us', 'T-nuts', '<p>Zinc-plated 4-prong T-Nuts for secure attachment of climbing holds on wooden panels.</p>\n', '<p>Ensure a stable and durable climbing wall setup with these high-quality T-Nuts. Crafted from zinc-plated steel, they feature a 4-prong design that securely anchors into wooden panels, preventing rotation and providing a reliable base for your climbing holds.</p>\n\n<p><strong>Key Features:</strong></p>\n\n<ul>\n	<li>\n	<p><strong>Material:</strong> Zinc-plated steel for enhanced durability and corrosion resistance.</p>\n	</li>\n	<li>\n	<p><strong>Design:</strong> 4-prong configuration ensures a firm grip in wood panels.</p>\n	</li>\n	<li>\n	<p><strong>Compatibility:</strong> Designed for use with standard climbing hold bolts.</p>\n	</li>\n	<li>\n	<p><strong>Installation:</strong> Easily hammered into pre-drilled holes for quick setup.</p>\n	</li>\n</ul>\n\n<p>Ideal for both indoor and outdoor climbing walls, these T-Nuts are a must-have for route setters and climbing enthusiasts looking to build or upgrade their climbing setups.</p>\n', NULL, '2021-08-26 15:41:06', '2025-06-20 17:52:26'),
(230, 'us', 'hold 18', '<p>.</p>\n', '<p>.</p>\n', NULL, '2021-12-15 21:04:05', '2024-04-08 20:35:54'),
(231, 'us', 'Hold 19', '<p>.</p>', '<p>.</p>', NULL, '2021-12-15 21:15:11', '2021-12-15 21:20:34'),
(232, 'us', 'Hold 20', '<p>.</p>', '<p>.</p>', NULL, '2021-12-15 21:20:52', '2021-12-15 21:26:19'),
(233, 'us', 'Hold 21', '<p>.</p>', '<p>.</p>', NULL, '2021-12-15 21:29:54', '2021-12-15 21:31:11'),
(234, 'us', 'Holds set 1', '<p>.</p>', '<p>.</p>', NULL, '2021-12-15 21:31:53', '2021-12-15 21:34:44'),
(235, 'us', 'Holds set 2', '<p>.</p>', '<p>.</p>', NULL, '2021-12-15 21:35:38', '2021-12-15 21:37:44'),
(236, 'us', 'Holds set 3', '<p>.</p>', '<p>.</p>', NULL, '2021-12-16 20:39:23', '2021-12-16 20:41:07'),
(237, 'us', 'Hold 22', '<p>.</p>', '<p>.</p>', NULL, '2021-12-16 20:41:51', '2021-12-16 20:43:57'),
(238, 'us', 'Hold 23', '<p>.</p>', '<p>.</p>', NULL, '2021-12-16 20:44:49', '2021-12-16 20:46:36'),
(239, 'us', 'Wooden holds for kids', '<p>.</p>\n', '<p>.</p>\n', NULL, '2021-12-16 20:46:44', '2026-01-19 00:55:00'),
(240, 'us', 'Micro holds 1', '<p>1 hold price 2.5 GEL</p>', '<p>1 hold price 2.5 GEL</p>', NULL, '2021-12-16 20:52:41', '2021-12-16 20:54:49'),
(241, 'us', 'Chalk bag', '<p>Durable and practical chalk bag with a wide opening and comfortable strap.</p>\n', '<p>A chalk bag is an essential accessory for climbers, keeping hands dry and improving grip.<br />\nThe bag is made from durable material and features a wide opening for easy chalk access.<br />\nAn adjustable strap ensures a comfortable and secure fit.<br />\nSome models may include extra pockets for storing personal items.</p>\n', NULL, '2022-02-07 21:09:14', '2025-06-20 17:47:18'),
(242, 'us', 'Climbing rope bag', '<p>Spacious, durable rope bag with shoulder strap and separate gear compartment&mdash;ideal for climb organization.</p>\n', '<p>Keep your climbing ropes and gear neatly organized and protected with this rugged rope bag. Made from tough ripstop nylon, it features a wide zippered opening for easy rope packing and retrieval. A padded shoulder strap and reinforced grab handle make transport effortless, whether you&#39;re heading to the gym or crag.</p>\n\n<p>Inside, a dedicated compartment lets you separate quickdraws, chalk, or personal items, while mesh side pockets keep snacks or water within reach. The water-resistant base helps guard contents from damp surfaces on rock ledges or gym floors.</p>\n\n<p>Lightweight yet built to last, this rope bag is a versatile must‑have for climbers seeking organization, convenience, and durability on every climb.</p>\n', NULL, '2022-02-07 21:13:35', '2025-06-20 17:43:29'),
(243, 'us', 'Belay Glasses', '<p>Prismatic belay glasses&mdash;relieve neck strain, widen view, include case and strap for climbers.</p>\n', '<p>Take care of your neck while belaying with these prismatic belay glasses. Featuring triangular prisms that redirect your view, they let you look straight ahead while watching your climber above&mdash;keeping you comfortable and focused.</p>\n\n<ul>\n	<li>\n	<p><strong>Ergonomic comfort</strong>: Soft rubber or polycarbonate frames rest gently on the nose, reducing pressure during long belays .</p>\n	</li>\n	<li>\n	<p><strong>Durable prisms</strong>: High-quality BK7 or glass prisms resist impact, ensuring sharp, undistorted vision even after repeated use.</p>\n	</li>\n	<li>\n	<p><strong>Full visibility</strong>: Central prism view keeps climber in sight; peripheral vision ensures awareness of surroundings and rope position&nbsp;</p>\n	</li>\n	<li>\n	<p><strong>Complete kit</strong>: Includes hard case (often with carabiner), soft pouch, safety strap, and cleaning cloth for on-the-go protection and maintenance&nbsp;</p>\n	</li>\n	<li>\n	<p><strong>Better belaying = better climbing</strong>: By eliminating &quot;belayer&rsquo;s neck,&quot; you stay attentive and responsive&mdash;improving safety and focus during climbs&nbsp;</p>\n	</li>\n</ul>\n\n<p>Ideal for long gym sessions, lead belays, or multi-pitch routes, these belay glasses are a smart investment in comfort and safety. After a short adjustment period, many climbers say they&rsquo;ll never belay without them</p>\n', NULL, '2022-02-07 21:34:23', '2025-06-20 17:41:09'),
(244, 'us', 'Home exercise stand', '<p>Home exercise stand</p>', '<p>The home exercise stand is made to order. For details please contact us.</p>', NULL, '2022-03-01 20:33:31', '2022-03-01 20:47:26'),
(245, 'us', 'Climbing volumes', '<p>Climbing volumes</p>', '<p>Production of climbing volumes to order</p>', NULL, '2022-06-17 06:47:58', '2022-06-17 06:55:57'),
(246, 'ka', 'ქართული ანბანი', '<p>.</p>\n', '<p>.</p>\n', '', NULL, NULL),
(247, 'us', 'Georgian alphabet', '<p>.</p>\n', '<p>.</p>\n', '', NULL, NULL),
(248, 'ka', 'ინგლისური ანბანი', '<p>.</p>\n', '<p>.</p>\n', '', NULL, NULL),
(249, 'us', 'English alphabet', '<p>.</p>\n', '<p>.</p>\n', '', NULL, NULL),
(250, 'ka', 'დინამიური თოკი (RGRD9.7)', '<p>წყალგაუმტარი საცოცი თოკი</p>\n', '<p>ტიპი: წყალგაუმტარი დინამიური თოკი</p>\n\n<p>სისქე: 9.7 მმ</p>\n\n<p>დანიშნულება: იდეალურია როგორც სპორტული ცოცვისთვის, ასევე ალპინიზმისთვის.</p>\n\n<p>პროდუქტის დეტალები: დამატებითი ტექნიკური მახასიათებლების სანახავად ეწვიეთ&nbsp;<a href=\"https://ridgegear.com/product/9-7mm-dynamic-rope/\">ოფიციალურ საიტს</a></p>\n', '', NULL, '2026-01-28 03:31:32'),
(251, 'us', 'Dynamic Rope (RGRD9.7)', '<p>Waterproof Dynamic Rope</p>\n', '<p>Type: Waterproof Dynamic Rope</p>\n\n<p>Diameter: 9.7 mm</p>\n\n<p>Best For: Ideal for both sport climbing and mountaineering.</p>\n\n<p>Product Details: For more technical specifications, visit the&nbsp;<a href=\"https://ridgegear.com/product/9-7mm-dynamic-rope/\">official website</a>.</p>\n', '', NULL, '2026-01-28 03:31:32'),
(252, 'ka', 'თავისუფლად მდგომი საცოცი კედელი (4.5x4.5 მეტრი, 35 გრადუსი)', '<p>.</p>\n', '<p>.</p>\n', '', NULL, '2026-05-14 16:29:34'),
(253, 'us', 'Stand free climbing wall (4.5x4.5 Meters, 35 Degree )', '<p>.</p>\n', '<p>.</p>\n', '', NULL, '2026-05-14 16:29:34'),
(254, 'ka', 'სადგომი', '<p>.</p>\n', '<p><strong>Handstand Push-Up Stand &ndash; ტრიპოდის სტენდი</strong></p>\n\n<p>მტკიცე და სტაბილური სტენდი, რომელიც შექმნილია <strong>handstand push-up-ისა და tripod პოზიციის სავარჯიშოდ</strong>. ეს მოწყობილობა სპორტსმენებს ეხმარება სწორ პოზიციაში ვარჯიშის დროს, რაც აუმჯობესებს ბალანსს, ძალას და კონტროლს.</p>\n\n<p>ტრიპოდის კონსტრუქცია ქმნის სტაბილურ სამკუთხედს თავსა და ხელებს შორის, რაც უზრუნველყოფს უსაფრთხო ვარჯიშს <strong>handstand push-up პოზიციაში</strong>. Handstand push-up არის რთული სხეულის წონაზე დაფუძნებული ვარჯიში, რომელიც ამაგრებს მხრებს, ხელებსა და კორს.</p>\n\n<p>ეს სტენდი იდეალურია <strong>კალისთენიქსის, ტანვარჯიშის, CrossFit-ის და handstand ვარჯიშებისთვის</strong>. ის საშუალებას გაძლევთ უსაფრთხოდ განავითაროთ მხრების სტაბილურობა და ზედა სხეულის ძალა.</p>\n\n<h3>მახასიათებლები</h3>\n\n<ul>\n	<li>\n	<p>სტაბილური ტრიპოდის დიზაინი უსაფრთხო ვარჯიშისთვის</p>\n	</li>\n	<li>\n	<p>უზრუნველყოფს ხელებისა და თავის სწორ პოზიციას</p>\n	</li>\n	<li>\n	<p>აუმჯობესებს ბალანსს, ძალას და კონტროლს</p>\n	</li>\n	<li>\n	<p>იდეალურია კალისთენიქსისა და ძალოვანი ვარჯიშისთვის</p>\n	</li>\n	<li>\n	<p>გამძლე და მტკიცე კონსტრუქცია</p>\n	</li>\n</ul>\n\n<h3>გამოყენება</h3>\n\n<ul>\n	<li>\n	<p>Handstand push-up ვარჯიში</p>\n	</li>\n	<li>\n	<p>Tripod headstand პოზიციის ვარჯიში</p>\n	</li>\n	<li>\n	<p>ბალანსისა და კონტროლის გაუმჯობესება</p>\n	</li>\n	<li>\n	<p>მხრებისა და ზედა სხეულის გაძლიერება</p>\n	</li>\n</ul>\n', '', NULL, '2026-03-10 22:56:03'),
(255, 'us', 'Handstand Push-Up Stand Tripod Holder', '<p>Handstand Push-Up Stand Tripod Holder</p>\n', '<p><strong>Handstand Push-Up Stand &ndash; Tripod Holder</strong></p>\n\n<p>A strong and stable stand designed for practicing <strong>handstand push-ups and tripod training</strong>. This holder helps athletes maintain proper positioning while performing inverted exercises, improving balance, strength, and control.</p>\n\n<p>The tripod structure creates a stable base for the head and hands, helping athletes safely train the <strong>handstand push-up position</strong>. Handstand push-ups are an advanced bodyweight exercise that builds powerful shoulders, arms, and core strength.</p>\n\n<p>This stand is perfect for <strong>calisthenics athletes, gymnasts, CrossFit practitioners, and handstand training</strong>. It allows you to train safely while developing shoulder stability and upper-body power.</p>\n\n<h3>Features</h3>\n\n<ul>\n	<li>\n	<p>Stable tripod design for safe handstand push-up training</p>\n	</li>\n	<li>\n	<p>Supports correct head and hand positioning</p>\n	</li>\n	<li>\n	<p>Helps improve balance, strength, and control</p>\n	</li>\n	<li>\n	<p>Ideal for calisthenics, gymnastics, and strength training</p>\n	</li>\n	<li>\n	<p>Durable and stable construction</p>\n	</li>\n</ul>\n\n<h3>Use For</h3>\n\n<ul>\n	<li>\n	<p>Handstand push-ups</p>\n	</li>\n	<li>\n	<p>Tripod headstand training</p>\n	</li>\n	<li>\n	<p>Balance and control exercises</p>\n	</li>\n	<li>\n	<p>Shoulder and upper-body strength training</p>\n	</li>\n</ul>\n', '', NULL, '2026-03-10 22:56:03'),
(256, 'ka', 'თეიფი', '<p>თეიფი</p>\n', '<p>თეიფი</p>\n', '', NULL, '2025-10-10 15:12:51'),
(257, 'us', 'Climbing Tape', '<p>Climbing Tape</p>\n', '<p>Climbing Tape</p>\n', '', NULL, '2025-10-15 14:35:27'),
(258, 'ka', 'ფინგერბორდი \"ერთი\"', '<p>.</p>\n', '<p>Fingerboard &quot;one&quot; &ndash; მეკლდეურის სავარჯიშო დაფა</p>\n\n<p>გააუმჯობესეთ თქვენი ცოცვის შედეგები Fingerboard &quot;one&quot;-ის დახმარებით. ეს არის პროფესიონალური სავარჯიშო ინსტრუმენტი, რომელიც სპეციალურად შექმნილია თითების სიძლიერის, ჩაჭიდების გამძლეობისა და ზედა ტანის კუნთების გასავითარებლად. იგი იდეალურია როგორც სახლში სავარჯიშოდ, ასევე კლდეზე გასვლის წინ მოსახურებლად.</p>\n\n<p>ძირითადი მახასიათებლები:</p>\n\n<p>მიზნობრივი ვარჯიში: შექმნილია თითების მყესებისა და წინამხრის კუნთების იზოლირებული ვარჯიშისთვის, რაც დაგეხმარებათ რთული მარშრუტების დაძლევაში.</p>\n\n<p>მაღალი ხარისხის მასალა: დამზადებულია გამძლე და კანისთვის სასიამოვნო ხისგან, რომელიც უზრუნველყოფს ბუნებრივ მოჭიდებას და ამცირებს კანის გაღიზიანებას ხანგრძლივი ვარჯიშისას.</p>\n\n<p>კომპაქტური და პორტაბელური: დახვეწილი დიზაინის წყალობით, მისი დამონტაჟება მარტივია სახლის პირობებში, ხოლო კომპაქტურობა საშუალებას გაძლევთ თან ატაროთ ნებისმიერ ადგილას.</p>\n\n<p>მრავალფეროვანი ჩაჭიდებები: მოიცავს სხვადასხვა სიღრმის კიდეებსა და ზედაპირებს, რაც მას შესაფერისს ხდის როგორც დამწყები, ისე პროფესიონალი მეკლდეურებისთვის.</p>\n\n<p>ადგილობრივი წარმოება: წარმოადგენს Climbing In Georgia-ს პროექტის ნაწილს და შექმნილია საქართველოში, ადგილობრივი მეკლდეურების გამოცდილების გათვალისწინებით.<br />\n<br />\nზომა 50 სმ X 15 სმ</p>\n\n<ul>\n	<li>\n	<p>სამი <strong>4-თითიანი ჯიბე</strong>: 16 მმ, 20 მმ, 25 მმ, 35მმ</p>\n	</li>\n	<li>\n	<p>ორი <strong>3-თითიანი ჯიბე</strong>: 20 მმ, 25 მმ</p>\n	</li>\n	<li>\n	<p>ერთი <strong>2-თითიანი ჯიბე</strong>: 20 მმ</p>\n	</li>\n	<li>\n	<p>ერთი <strong>მონო ჯიბე (1 თითი)</strong>: 20 მმ</p>\n	</li>\n</ul>\n', 'ხე', NULL, '2026-03-10 22:33:16'),
(259, 'us', 'Fingerboard \"one\"', '<p>.</p>\n', '<p>Fingerboard &quot;one&quot; &ndash; Essential Climbing Training Tool</p>\n\n<p>Elevate your climbing performance with the Fingerboard &quot;one&quot;, a professional-grade training tool designed specifically for climbers looking to improve finger strength, grip endurance, and upper body power. Whether you are warming up at the crag or training at home, this compact and versatile hangboard is an essential addition to any climber&#39;s routine.</p>\n\n<p>Key Features:</p>\n\n<p>Targeted Training: Designed to isolate and strengthen finger tendons and forearm muscles, helping you conquer more challenging routes.</p>\n\n<p>High-Quality Material: Crafted from durable, skin-friendly wood that provides a natural grip and reduces the risk of skin irritation during long sessions.</p>\n\n<p>Compact &amp; Portable: Its sleek design makes it easy to mount at home or carry in your gym bag for on-the-go training.</p>\n\n<p>Versatile Holds: Features a variety of edge depths and grip types to accommodate all skill levels, from beginners to advanced athletes.</p>\n\n<p>Locally Crafted: Proudly part of the Climbing In Georgia project, supporting the local climbing community.</p>\n\n<p>Size 50 cm X 15 cm</p>\n\n<ul>\n	<li>\n	<p>Three <strong>4-finger pockets</strong>: 16 mm, 20 mm, 25 mm, 35 mm</p>\n	</li>\n	<li>\n	<p>Two <strong>3-finger pockets</strong>: 20 mm, 25 mm</p>\n	</li>\n	<li>\n	<p>One <strong>2-finger pocket</strong>: 20 mm</p>\n	</li>\n	<li>\n	<p>One <strong>mono pocket (1 finger)</strong>: 20 mm</p>\n	</li>\n</ul>\n\n<p>&nbsp;</p>\n', 'Wood', NULL, '2026-03-10 22:33:16'),
(260, 'ka', 'სამოგზაურო ფინგერბორდი', '<p>.</p>\n', '<p><strong>სამოგზაურო ფინგერბორდი</strong></p>\n\n<p>კომპაქტური და მსუბუქი სამოგზაურო ფინგერბორდი, რომელიც იდეალურია ცოცვამდე თითების გასახურებლად ან თითების ძალის სავარჯიშოდ. შეგიძლიათ გამოიყენოთ კლდეზე, დარბაზში ან სახლში.</p>\n\n<p>ფინგერბორდს აქვს სხვადასხვა სიღრმის ჯიბეები, რაც საშუალებას გაძლევთ ავარჯიშოთ სხვადასხვა ტიპის გრიფები და გააძლიეროთ თითების და წინამხრის კუნთები. მისი პორტატული დიზაინი საშუალებას იძლევა მარტივად დაკიდოთ ტურნიკზე, ხის ტოტზე, ბოლტზე ან სხვა მყარ საყრდენზე.</p>\n\n<p>იდეალურია ცოცვის წინ გასახურებლად და რეგულარული სავარჯიშოებისთვის.</p>\n\n<h3>ჯიბეების სიღრმე</h3>\n\n<ul>\n	<li>\n	<p>2 &times; 25 მმ ჯიბე</p>\n	</li>\n	<li>\n	<p>2 &times; 16 მმ ჯიბე</p>\n	</li>\n	<li>\n	<p>1 &times; შუა ჯიბე &ndash; 25 მმ</p>\n	</li>\n</ul>\n\n<h3>მახასიათებლები</h3>\n\n<ul>\n	<li>\n	<p>პორტატული და მსუბუქი დიზაინი</p>\n	</li>\n	<li>\n	<p>იდეალურია გასახურებლად და თითების ძალის გასაძლიერებლად</p>\n	</li>\n	<li>\n	<p>სხვადასხვა სიღრმის ჯიბეები სხვადასხვა გრიფისთვის</p>\n	</li>\n	<li>\n	<p>შესაფერისია დამწყები და გამოცდილი კლაიმბერებისთვის</p>\n	</li>\n	<li>\n	<p>შესაძლებელია გამოყენება როგორც შიგნით, ასევე გარეთ</p>\n	</li>\n</ul>\n', 'ხე', NULL, '2026-03-10 22:48:59'),
(261, 'us', 'Fingerboard For Traveling', '<p>.</p>\n', '<p><strong>Travel Fingerboard &ndash; Portable Climbing Training Board</strong></p>\n\n<p>A compact and lightweight travel fingerboard designed for climbers who want to warm up or train anywhere. Perfect for use at the crag, gym, or at home, this board helps develop finger strength, grip power, and forearm endurance.</p>\n\n<p>The board features several pocket depths for different difficulty levels, allowing climbers to train multiple grip types and improve finger control. Its portable design makes it easy to hang on a pull-up bar, tree branch, bolt, or any strong anchor point.</p>\n\n<p>Ideal for warming up before climbing or for regular finger training sessions.</p>\n\n<h3>Pocket Depths</h3>\n\n<ul>\n	<li>\n	<p>2 &times; 25 mm pockets</p>\n	</li>\n	<li>\n	<p>2 &times; 16 mm pockets</p>\n	</li>\n	<li>\n	<p>1 &times; middle pocket &ndash; 25 mm</p>\n	</li>\n</ul>\n\n<h3>Features</h3>\n\n<ul>\n	<li>\n	<p>Portable and lightweight design</p>\n	</li>\n	<li>\n	<p>Perfect for warm-ups and finger strength training</p>\n	</li>\n	<li>\n	<p>Multiple pocket depths for different grip styles</p>\n	</li>\n	<li>\n	<p>Suitable for beginners and advanced climbers</p>\n	</li>\n	<li>\n	<p>Can be used indoors or outdoors</p>\n	</li>\n</ul>\n', 'Wood', NULL, '2026-03-10 22:48:59'),
(262, 'ka', 'მაგნეზია', '<p>პრემიუმ კლასის 55 გრამიანი მაგნეზიის კუბიკი&mdash; იდეალურია მოჭიდების გასაუმჯობესებლად და ტენიანობის შესამცირებლად.</p>\n', '<p>აიმაღლე მოჭიდების დონე ჩვენი 55 გრამიანი პრემიუმ მაგნეზიით. სპეციალურად შექმნილია ტენიანობის შესაწოვად და ცურების თავიდან ასაცილებლად &mdash; ინარჩუნებს ხელებს მშრალად და დაცულად ნებისმიერი მოძრაობისას. შესაფერისია როგორც დამწყებისთვის, ისე პროფესიონალი კლაიმბერებისთვის. კომპაქტური ფორმა უზრუნველყოფს მარტივ ტრანსპორტირებას და ხანგრძლივ მოხმარებას.</p>\n\n<ul>\n	<li>\n	<p><strong>ოპტიმალური ზომა და წონა</strong>: თითოეული ბლოკი 55 გრამს იწონის &mdash; საკმარისად მსუბუქი ჩანთისთვის, მაგრამ გამძლე ხანგრძლივი გამოყენებისთვის.</p>\n	</li>\n	<li>\n	<p><strong>ტენიანობის ეფექტური კონტროლი</strong>: ეფექტურად შთანთქავს ოფლს, აუმჯობესებს მოჭიდებას და ამცირებს ხელახლა წასმის საჭიროებას.</p>\n	</li>\n	<li>\n	<p><strong>უნივერსალური გამოყენება</strong>: შესაძლებელია როგორც ცალკე, ასევე თხევად ცარცთან ერთად გამოყენება მაქსიმალური სიმშრალის მისაღებად.</p>\n	</li>\n	<li>\n	<p><strong>ეკონომიური არჩევანი</strong>: ფასი მერყეობს 10&ndash;დან 75 ლარამდე &mdash; შეარჩიე მოცულობა შენი ვარჯიშის სტილზე მორგებით.</p>\n	</li>\n</ul>\n\n<p>იქნება ეს დარბაზში ვარჯიში თუ ღია სივრცეში კლდეზე ცოცვა &mdash; ეს ცარცი შენს ხელებს ყოველთვის საიმედოდ დაგიჭერს.</p>\n', '', NULL, '2025-06-20 17:21:06'),
(263, 'us', 'Chalk', '<p>Premium 55 g climbing chalk&mdash;perfect for improving grip and reducing moisture during your sessions. Compact, reliable, and ready to boost your climbing performance.</p>\n', '<p>Take your grip to the next level with our 55 g premium climbing chalk. Specifically formulated to absorb moisture and prevent slips, it keeps your hands dry and secure from the first hold to the last. Ideal for all levels of climbers, this compact chalk is easy to carry and lasts through intense sessions.</p>\n\n<ul>\n	<li>\n	<p><strong>Optimal size &amp; weight</strong>: Each block is 55 g&mdash;lightweight enough for your chalk bag.</p>\n	</li>\n	<li>\n	<p><strong>Superior moisture control</strong>: Effectively wicks away sweat, enhancing friction and reducing the need for reapplication.</p>\n	</li>\n	<li>\n	<p><strong>Universal compatibility</strong>: Use standalone or combine with liquid chalk for maximum dryness.</p>\n	</li>\n	<li>\n	<p><strong>Economical</strong>: Priced between 10 ₾ and 75 ₾ depending on quantity&mdash;choose the size that fits your climbing routine <a href=\"https://shop.climbing.ge/products?utm_source=chatgpt.com\" target=\"_blank\">shop.climbing.ge+1shop.climbing.ge+1</a>.</p>\n	</li>\n</ul>\n\n<p>Whether you&#39;re training indoors or tackling a rocky crag, this chalk delivers consistent reliability when your hands matter most.</p>\n', '', NULL, '2025-12-14 17:21:39'),
(266, 'ka', 'მაგნეზიის ტომარა', '<p>საცოცი ტომარა მაგნეზიისთვის</p>\n', '<p>საცოცი ტომარა მაგნეზიის ჩასაყრელად</p>\n', '', NULL, NULL),
(267, 'us', 'Chalk Bag ', '<p>Climbing Chalk Bag&nbsp;</p>\n', '<p>Climbing Chalk Bag</p>\n', '', NULL, NULL),
(268, 'ka', 'მაგნეზიის ტომარა', '<p>საცოცი ტომარა მაგნეზიისთვის</p>\n', '<p>საცოცი ტომარა მაგნეზიის ჩასაყრელად</p>\n', '', NULL, NULL),
(269, 'us', 'Chalk Bag ', '<p>Climbing Chalk Bag&nbsp;</p>\n', '<p>Climbing Chalk Bag</p>\n', '', NULL, NULL),
(272, 'ka', 'თოკის ჩანთა', '<p>საცოცი თოკის ჩანთა</p>\n', '<p>ჩანთა საცოცი თოკისთვის</p>\n', '', NULL, NULL),
(273, 'us', 'Climbing Rope Bag', '<p>Climbing Rope Bag</p>\n', '<p>Bag For&nbsp;Climbing Rope</p>\n', '', NULL, NULL);
INSERT INTO `locale_products` (`id`, `locale`, `title`, `short_description`, `text`, `material`, `created_at`, `updated_at`) VALUES
(274, 'ka', 'ზვიგენი მაგნეზიის ჩანთა', '<p>ზვიგენის ფორმის მაგნეზიის ჩანთა ფართო ღიობით, ჯაგრისის დამჭერით და ქამრით.</p>\n', '<p>ზვიგენის ფორმის მაგნეზიის ჩანთა &mdash; სტილური და ფუნქციური აქსესუარი მეკლდეურობისთვის, რომელიც გათვლილია როგორც დარბაზში, ისე გარეთ საცოცად. ჩანთა დამზადებულია გამძლე პოლიესტერისგან და გამოირჩევა playful დიზაინით &mdash; ლამაზად ფორმირებული ზვიგენის სახით და მიმზიდველი ცისფერი ტონალობით, რაც კლაიმბერებს ყველა ასაკში იზიდავს.</p>\n\n<ul>\n	<li>\n	<p><strong>ფართო 12 სმ-იანი ღიობი</strong> უზრუნველყოფს ცარცზე სწრაფ და მარტივ წვდომას მოძრაობებს შორის.</p>\n	</li>\n	<li>\n	<p><strong>ელასტიური შემკვრელი თოკი</strong> იცავს ცარცს დაყრისგან, მოძრაობისასაც კი.</p>\n	</li>\n	<li>\n	<p><strong>ჩაშენებული ჯაგრისის დამჭერი</strong> გაძლევს საშუალებას გაწმინდო ბლოკი სწრაფად და მარტივად.</p>\n	</li>\n	<li>\n	<p><strong>რეგულირებადი ქამარი</strong> უზრუნველყოფს კომფორტულ და მყარ მორგებას სრული თავისუფალი მოძრაობით.</p>\n	</li>\n	<li>\n	<p><strong>გამძლე პოლიესტერის კონსტრუქცია</strong>, დაახლოებით 120 გრამი წონა, მორგებული ხანგრძლივ გამოყენებაზე სხვადასხვა გარემოში.</p>\n	</li>\n</ul>\n', '', NULL, '2025-06-20 17:35:01'),
(275, 'us', 'Shark Climbing Chalk Bag', '<p>Striking shark‑shaped chalk bag with wide opening, brush holder, drawstring, and adjustable waist strap.</p>\n', '<p>Dive into adventure with the Shark Climbing Chalk Bag&mdash;a stylish, functional gear piece designed for both gym and outdoor climbs. Crafted from durable polyester, this bag stands out with its playful shark silhouette and bold blue hue that appeals to climbers of all ages&nbsp;</p>\n\n<ul>\n	<li>\n	<p><strong>Wide 12 cm opening</strong> ensures swift chalk access, even between tough moves&nbsp;</p>\n	</li>\n	<li>\n	<p><strong>Elastic drawstring closure</strong> keeps chalk securely inside, preventing spills during movement&nbsp;</p>\n	</li>\n	<li>\n	<p><strong>Integrated brush holder</strong> allows you to clean holds mid-route without fumbling&nbsp;</p>\n	</li>\n	<li>\n	<p><strong>Adjustable waist belt</strong> offers a comfortable fit and full freedom of movement&nbsp;</p>\n	</li>\n	<li>\n	<p><strong>Robust polyester construction</strong>, weighing only around 120 g, built to endure repeated use in varied environments&nbsp;</p>\n	</li>\n</ul>\n\n<p>Whether you&#39;re scaling indoor walls or tackling cliffs, this Shark Chalk Bag blends personality and practicality&mdash;bringing both fun and function to every climb.</p>\n', '', NULL, '2025-06-20 17:36:27'),
(276, 'ka', 'დათვი მაგნეზიის ტომარა', '<p>მხიარული და ფუნქციური დათუნიას ფორმის მაგნეზიის ჩანთა &mdash; იდეალურია როგორც დარბაზში, ისე კლდეზე ცოცვისას.</p>\n', '<p>გაათავისუფლე შენი შინაგანი ძალა Bear Climbing Chalk Bag-ით &mdash; შენი სანდო კომპანიონი, რომელიც აერთიანებს playful დიზაინს და პროფესიონალურ ფუნქციურობას. ჩანთა დაახლოებით 12 სმ სიმაღლისაა და დამზადებულია გამძლე პოლიესტერისგან, რათა გაუძლოს ხშირი გამოყენებისას როგორც დარბაზში, ასევე კლდეზე. ფართო &mdash; 12 სმ დიამეტრის &mdash; ღიობით ცარცზე წვდომა ადვილი და სწრაფია, ხოლო მჭიდრო შესაკრავი ხელს უშლის ცარცის დაქუცმაცებას ან დაყრას. ჩაშენებული ჯაგრისის დამჭერი გაძლევს საშუალებას გაწმინდო ბლოკი ნებისმიერ მომენტში, ხოლო რეგულირებადი ქამარი უზრუნველყოფს კომფორტულ და მყარ მოთავსებას.</p>\n\n<p>იდეალურია ნებისმიერი დონის კლაიმბერებისთვის, ვისაც სურს გამორჩეული და ეფექტური აღჭურვილობა. იქნება ეს დარბაზში ტექნიკური ბლოკის გადალახვა თუ ღია სივრცეში გამბედავი მარშრუტების გაგზავნა &mdash; ეს ცარცის ჩანთა დაგეხმარება სტილში და საიმედოდ!</p>\n', '', NULL, '2025-06-20 17:28:50'),
(277, 'us', 'Bear Climbing Chalk Bag', '<p>A charming and functional Bear-themed chalk bag &mdash; perfect for boosting performance on both indoor and outdoor climbs</p>\n', '<p>Unleash your inner strength with the Bear Climbing Chalk Bag&mdash;a faithful companion that combines playful design with serious climbing functionality. Standing around 12 cm tall, this bag is crafted from robust polyester to withstand frequent use in gyms or at crags. Its spacious 12 cm‑diameter opening ensures easy chalk access, while a secure drawstring keeps spills at bay. An integrated brush-holder lets you tidy your holds mid‑route, and an adjustable waist strap ensures a snug, comfortable fit.</p>\n\n<p>Ideal for climbers of all levels who appreciate gear that stands out, this chalk bag brings both style and practicality to your climbing kit. Whether you&#39;re tackling technical indoor problems or sending bold outdoor lines, it offers reliable performance and a cute companion you&rsquo;ll love.</p>\n', '', NULL, '2025-06-20 17:28:51'),
(278, 'ka', 'LED პორტატული სპორტული ფარანი', '<p>LED პორტატული სპორტული ფარანი</p>\n', '<p>LED პორტატული სპორტული ფარანი</p>\n', '', NULL, NULL),
(279, 'us', 'LED Portable Outdoor Sports Headlamp', '<p>LED Portable Outdoor Sports Headlamp</p>\n', '<p>LED Portable Outdoor Sports Headlamp</p>\n', '', NULL, NULL),
(280, 'ka', 'LED პორტატული სპორტული ფარანი', '<p>LED პორტატული სპორტული ფარანი</p>\n', '<p>LED პორტატული სპორტული ფარანი</p>\n', '', NULL, NULL),
(281, 'us', 'LED Portable Outdoor Sports Headlamp', '<p>LED Portable Outdoor Sports Headlamp</p>\n', '<p>LED Portable Outdoor Sports Headlamp</p>\n', '', NULL, NULL),
(282, 'ka', 'LED პორტატული სპორტული ფარანი', '<p>LED პორტატული სპორტული ფარანი</p>\n', '<p>LED პორტატული სპორტული ფარანი</p>\n', '', NULL, NULL),
(283, 'us', 'LED Portable Outdoor Sports Headlamp', '<p>LED Portable Outdoor Sports Headlamp</p>\n', '<p>LED Portable Outdoor Sports Headlamp</p>\n', '', NULL, NULL),
(284, 'ka', 'მინი თერმომეტრი + კომპასი', '<p>მინი თერმომეტრი + კომპასი</p>\n', '<p>მინი თერმომეტრი + კომპასი</p>\n', '', NULL, NULL),
(285, 'us', 'Mini Thermometer + Compass', '<p>Mini Thermometer + Compass</p>\n', '<p>Mini Thermometer + Compass</p>\n', '', NULL, NULL),
(286, 'ka', 'ხელთათმანები', '<p>ხელთათმანები</p>\n', '<p>ხელთათმანები</p>\n', '', NULL, NULL),
(287, 'us', 'Gloves', '<p>Gloves</p>\n', '<p>Gloves</p>\n', '', NULL, NULL),
(288, 'ka', 'თოკის ჯაგრისი ', '<p>.</p>\n', '<p>.</p>\n', '', NULL, NULL),
(289, 'us', 'Climbing Rope Brush ', '<p>.</p>\n', '<p>.</p>\n', '', NULL, NULL),
(290, 'ka', 'საცოცი ფეხსაცმელი', '<p>.</p>\n', '<p>.</p>\n', '', NULL, NULL),
(291, 'us', 'Climbing shoes', '<p>.</p>\n', '<p>.</p>\n', '', NULL, '2026-04-22 21:32:42'),
(292, 'ka', 'თხევადი მაგნეზია', '<p>.</p>\n', '<p>.</p>\n', '', NULL, NULL),
(293, 'us', 'Liquid chalk', '<p>.</p>\n', '<p>.</p>\n', '', NULL, '2026-04-23 21:49:33'),
(294, 'ka', 'საჭიდი & ფინგერბორდი', '<p>.</p>\n', '<p>.</p>\n', 'პლასტმასი', NULL, '2026-05-07 12:10:45'),
(295, 'us', 'Hold & Fingrtboard', '<p>.</p>\n', '<p>.</p>\n', 'Plastic', NULL, '2026-05-07 12:10:45'),
(296, 'ka', 'ფერადი თეიფი', '<p>ფერადი თეიფი</p>\n', '<p>ფერადი თეიფი</p>\n', '', NULL, NULL),
(297, 'us', 'Colorful Climbing Tape', '<p>Colorful Climbing Tape</p>\n', '<p>Colorful Climbing Tape</p>\n', '', NULL, NULL);

-- --------------------------------------------------------

--
-- Table structure for table `locale_services`
--

CREATE TABLE `locale_services` (
  `id` bigint UNSIGNED NOT NULL,
  `locale` varchar(191) CHARACTER SET utf8mb4 COLLATE utf8mb4_unicode_ci DEFAULT NULL,
  `title` varchar(191) CHARACTER SET utf8mb4 COLLATE utf8mb4_unicode_ci DEFAULT NULL,
  `short_description` varchar(191) CHARACTER SET utf8mb4 COLLATE utf8mb4_unicode_ci DEFAULT NULL,
  `text` text CHARACTER SET utf8mb4 COLLATE utf8mb4_unicode_ci,
  `created_at` timestamp NULL DEFAULT NULL,
  `updated_at` timestamp NULL DEFAULT NULL
) ENGINE=InnoDB DEFAULT CHARSET=utf8mb4 COLLATE=utf8mb4_unicode_ci;

--
-- Dumping data for table `locale_services`
--

INSERT INTO `locale_services` (`id`, `locale`, `title`, `short_description`, `text`, `created_at`, `updated_at`) VALUES
(1, 'ka', 'სასიმაღლო სამუშაოები', '<p>სიმაღლეზე სამუშაოები მთელი საქართველოს მაშტაბით</p>\n', '<p>&nbsp;სასომაღლო სმუშაოები მაღალი საფრთხის შემცველი სამუშაოა. ამიტომაც მისი შესრულება განსაკუთრებული გამოცდილების ადამიანს უნდა დაევალოს.</p>\n\n<p>ჩვენი გუნდი და მისი წევრები უკვე 10 წელიწადზე მეტია დაკავებულია მსგავსი ტიპის სამუშაოებით.&nbsp; ჩვენ ვასრულებთ ყველა ტიპის სამუშაოებს სიმაღლეზე (სამონტაჭო და სადემონტაჭო სამუშაოები, შესადუღებელი სამუშაოები, მინის ფასადის წმენდა და მრავალი სხვა).&nbsp;</p>\n\n<p>ჩვენ ვბაზირებთ თბილისთი მაგრამ, ვმუშაობთ მთელი საქართველოს მაშტაბით.</p>\n\n<p>სამონტაჟო სამუშაოები სიმაღლეზე. კონსტრუქციის მონტაჟი/დემონტაჟი, შესადუღებელი სამუშაოები, სანიაღვრე მილების ჩამოყვანა, სარეკლამო ბანერების მონტაჟი, გამწოვი მილების მონტაჟი (არა ლესვა, ღებვა და შუშების წმენდა). ვმუშაობთ მთელ საქართველოში.</p>\n\n<p>ჩვენი <strong>თოკზე წვდომის (Rope Access)</strong> სერვისი იყენებს ინდუსტრიულ ცოცვის ტექნიკებს რთულად მისადგომი ადგილების მისასვლელად, სკაფოლდებისა და ამწეების გარეშე.<br />\nIRATA-სა და SPRAT-ის სერტიფიცირებული ტექნიკოსები იყენებენ ორმაგი თოკის უსაფრთხოების სისტემებს, რაც გამორიცხავს ვარდნის რისკს და უზრუნველყოფს სამაშველო სარეზერვო გეგმას.</p>\n\n<p>ეს მეთოდი იდეალურია ფასადების გაწმენდისთვის, ქარის ტურბინების მოვლისთვის, ხიდების ინსპექციისთვის, მზის პანელებზე მუშაობისთვის და შეზღუდულ სივრცეებში შესასვლელად.<br />\nთოკზე წვდომა უზრუნველყოფს სწრაფ მონტაჟს, დაბალ ეკოლოგიურ ზემოქმედებას და გაცილებით ეკონომიურია ტრადიციულ მეთოდებთან შედარებით.</p>\n\n<hr />\n<h3>რატომ უნდა აირჩიო თოკზე წვდომა?</h3>\n\n<ul>\n	<li>\n	<p><strong>უნივერსალურობა:</strong> ეფექტურია ინდუსტრიულ, კომერციულ და არქიტექტურულ გარემოში &ndash; იქ, სადაც სიმაღლე ან სირთულე გამორიცხავს სტანდარტულ წვდომას.</p>\n	</li>\n	<li>\n	<p><strong>ეფექტიანობა და ეკონომიურობა:</strong> მინიმალური მომზადება, მცირე ჯგუფი და დაბალი ხარჯები &ndash; სწრაფი და ნაკლებად დამღლელი შესრულება.</p>\n	</li>\n	<li>\n	<p><strong>უსაფრთხოება:</strong> ორმაგი თოკის სისტემა, რეზერვული ანკერები და სერტიფიცირებული სპეციალისტები.</p>\n	</li>\n	<li>\n	<p><strong>ეკო-მეგობრული:</strong> მსუბუქი აღჭურვილობა ამცირებს სტრუქტურულ ზიანს და გარემოზე ზემოქმედებას.</p>\n	</li>\n</ul>\n\n<hr />\n<h3>გამოყენების სფეროები:</h3>\n\n<ul>\n	<li>\n	<p>ფასადების გაწმენდა და რემონტი</p>\n	</li>\n	<li>\n	<p>კოშკების, ხიდების, კაშხლებისა და სილოსების მოვლა</p>\n	</li>\n	<li>\n	<p>ქარის ტურბინებისა და მზის პანელების მონტაჟი</p>\n	</li>\n	<li>\n	<p>შეზღუდულ სივრცეებში წვდომა და ტექნიკური მომსახურება</p>\n	</li>\n</ul>\n\n<p>ყველა სამუშაო სრულდება გამოცდილი სპეციალისტების მიერ, საერთაშორისო უსაფრთხოების სტანდარტების დაცვით &ndash; ვუზრუნველყოფთ სწრაფ, ზუსტ და საიმედო სერვისს, როგორც ერთჯერადი პროექტებისთვის, ისე რეგულარული მოვლის გრაფიკისთვის.</p>\n\n<div data-oembed-url=\"https://youtu.be/35cDepjJPsc\">\n<div>\n<div style=\"left: 0; width: 100%; height: 0; position: relative; padding-bottom: 56.25%;\"><iframe allow=\"accelerometer *; clipboard-write *; encrypted-media *; gyroscope *; picture-in-picture *; web-share *;\" allowfullscreen=\"\" scrolling=\"no\" src=\"//if-cdn.com/tp17QcN\" style=\"top: 0; left: 0; width: 100%; height: 100%; position: absolute; border: 0;\" tabindex=\"-1\"></iframe></div>\n</div>\n</div>\n\n<p>&nbsp;</p>\n\n<div data-oembed-url=\"https://www.youtube.com/watch?v=YBXwXEIHnwQ&amp;t=26s&amp;ab_channel=TemoSamsonadze\">\n<div>\n<div style=\"left: 0; width: 100%; height: 0; position: relative; padding-bottom: 56.25%;\"><iframe allow=\"accelerometer *; clipboard-write *; encrypted-media *; gyroscope *; picture-in-picture *; web-share *;\" allowfullscreen=\"\" scrolling=\"no\" src=\"//if-cdn.com/qich8xa\" style=\"top: 0; left: 0; width: 100%; height: 100%; position: absolute; border: 0;\" tabindex=\"-1\"></iframe></div>\n</div>\n</div>\n\n<p>&nbsp;</p>\n\n<div data-oembed-url=\"https://www.youtube.com/watch?v=xjIfSMfyRHw&amp;ab_channel=TemoSamsonadze\">\n<div>\n<div style=\"left: 0; width: 100%; height: 0; position: relative; padding-bottom: 56.25%;\"><iframe allow=\"accelerometer *; clipboard-write *; encrypted-media *; gyroscope *; picture-in-picture *; web-share *;\" allowfullscreen=\"\" scrolling=\"no\" src=\"//if-cdn.com/5wcD9vk\" style=\"top: 0; left: 0; width: 100%; height: 100%; position: absolute; border: 0;\" tabindex=\"-1\"></iframe></div>\n</div>\n</div>\n\n<p>&nbsp;</p>\n\n<p>დაგვიკავშირდით ტელეფონის ნომერზე - (+995) 598 45 70 47</p>\n\n<p>ელექტრონული ფოსტა - samsonadze.temo9@gmail.com</p>\n', '2023-05-29 14:13:16', '2025-06-20 18:40:00'),
(2, 'ru', '.', '<p>.</p>\n', '<p>.</p>\n', '2023-05-29 14:13:16', '2024-04-07 17:21:30'),
(3, 'us', 'Rope Acces', '<p>Certified rope-access solutions&mdash;safe, efficient maintenance, inspection, and installation at height.</p>\n', '<p>Job vacancies require a high level of security clearance. Therefore, its completion should be entrusted to a qualified individual who has passed the required tests.</p>\n\n<p>Our team and its members have over 10 years of experience in similar types of work. We perform all types of jobs at high altitudes (rope access and abseiling works, hazardous jobs, confined space works, mini excavator work, and many others).</p>\n\n<p>We are based in Tbilisi but operate throughout Georgia.</p>\n\n<p>Our <strong>Rope Access</strong> service uses industrial climbing techniques to reach hard-to-access structures without scaffolding or lifts. IRATA- and SPRAT-certified technicians ascend, descend, and traverse ropes using dual-rope safety systems&mdash;ensuring zero fall risk and full rescue redundancy.</p>\n\n<p>Perfect for tasks like fa&ccedil;ade cleaning, wind-turbine maintenance, bridge inspections, solar‑panel work, and confined‑space projects, rope access offers fast setup, low environmental impact, and cost-effective operations compared to traditional methods.</p>\n\n<h3>Why Choose Rope Access?</h3>\n\n<ul>\n	<li>\n	<p><strong>Versatility:</strong> Ideal for industrial, commercial, and architectural environments&mdash;anywhere height or complexity hinders conventional access .</p>\n	</li>\n	<li>\n	<p><strong>Efficient &amp; Economical:</strong> Minimal setup time, smaller teams, and lower overhead translate to faster jobs and fewer disruptions .</p>\n	</li>\n	<li>\n	<p><strong>Safety First:</strong> Dual-rope systems, redundant anchoring, and certified technicians ensure top-tier safety protocols.</p>\n	</li>\n	<li>\n	<p><strong>Eco-Friendly:</strong> Lightweight equipment reduces structural damage and environmental impact .</p>\n	</li>\n</ul>\n\n<h3>Applications</h3>\n\n<ul>\n	<li>\n	<p>Building fa&ccedil;ade cleaning and repairs</p>\n	</li>\n	<li>\n	<p>Maintenance of towers, bridges, dams, and silos</p>\n	</li>\n	<li>\n	<p>Wind turbine and solar installation services</p>\n	</li>\n	<li>\n	<p>Confined-space access and industrial facility upkeep&nbsp;</p>\n	</li>\n</ul>\n\n<p>All work is performed by trained professionals following global safety standards to deliver fast, precise, and reliable solutions&mdash;whether for one-off projects or ongoing maintenance programs.</p>\n\n<div data-oembed-url=\"https://youtu.be/35cDepjJPsc\">\n<div>\n<div style=\"left: 0; width: 100%; height: 0; position: relative; padding-bottom: 56.25%;\"><iframe allow=\"accelerometer *; clipboard-write *; encrypted-media *; gyroscope *; picture-in-picture *; web-share *;\" allowfullscreen=\"\" scrolling=\"no\" src=\"//if-cdn.com/tp17QcN\" style=\"top: 0; left: 0; width: 100%; height: 100%; position: absolute; border: 0;\" tabindex=\"-1\"></iframe></div>\n</div>\n</div>\n\n<p>&nbsp;</p>\n\n<div data-oembed-url=\"https://www.youtube.com/watch?v=YBXwXEIHnwQ&amp;t=26s&amp;ab_channel=TemoSamsonadze\">\n<div>\n<div style=\"left: 0; width: 100%; height: 0; position: relative; padding-bottom: 56.25%;\"><iframe allow=\"accelerometer *; clipboard-write *; encrypted-media *; gyroscope *; picture-in-picture *; web-share *;\" allowfullscreen=\"\" scrolling=\"no\" src=\"//if-cdn.com/qich8xa\" style=\"top: 0; left: 0; width: 100%; height: 100%; position: absolute; border: 0;\" tabindex=\"-1\"></iframe></div>\n</div>\n</div>\n\n<p>&nbsp;</p>\n\n<div data-oembed-url=\"https://www.youtube.com/watch?v=xjIfSMfyRHw&amp;ab_channel=TemoSamsonadze\">\n<div>\n<div style=\"left: 0; width: 100%; height: 0; position: relative; padding-bottom: 56.25%;\"><iframe allow=\"accelerometer *; clipboard-write *; encrypted-media *; gyroscope *; picture-in-picture *; web-share *;\" allowfullscreen=\"\" scrolling=\"no\" src=\"//if-cdn.com/5wcD9vk\" style=\"top: 0; left: 0; width: 100%; height: 100%; position: absolute; border: 0;\" tabindex=\"-1\"></iframe></div>\n</div>\n</div>\n\n<p>Please contact us by phone at (+995) 598 45 70 47</p>\n\n<p>or by email at <a href=\"mailto:samsonadze.temo9@gmail.com\" target=\"_new\">samsonadze.temo9@gmail.com</a>.</p>\n', '2023-05-29 14:13:16', '2025-06-20 18:40:00'),
(4, 'ka', '.', '<p>.</p>\n', '<p>.</p>\n', '2023-05-29 14:16:13', '2023-05-29 14:16:13'),
(5, 'ru', 'ცოცვის და ალპინიხმის გზამკვლევი', '<p>.</p>\n', '<p>.</p>\n', '2023-05-29 14:16:14', '2023-05-29 14:16:14'),
(6, 'us', 'Climbing & Mountaineering Guiding', '<p>.</p>\n', '<p>.</p>\n', '2023-05-29 14:16:14', '2023-05-29 14:16:14'),
(7, 'ka', 'საცოცი ინვენტარის გაქირავება', '<p>საცოცი და სასიმაღლო სამუშაოებისთვის საჭირო აღჭურვილობის გაქირავება. ხარისხიანი აღჭურვილობა დარბაზსა თუ ბუნებისთვის.</p>\n', '<p>ჩვენთან შეგიძლიათ იქირავოთ&nbsp;საცოცი და სასიმაღლო სამუშაოებისთვის საჭირო აღჭურვილობა</p>\n\n<p>თუ საცოცად მიდიხარ და აღჭურვილობა გჭირდება &mdash; ჩვენი კერძო პროგრამა უზრუნველყოფს მასშტაბური ინვესტიციის გარეშე მაღალი ხარისხის და უსაფრთხო აღჭურვილობას.</p>\n\n<p>🔧 რა აღჭურვილობას შეგიძლია იქირაო</p>\n\n<ul>\n	<li>\n	<p><strong>დაცვის ქამარი</strong> &mdash; უნივერსალური, კომფორტული და რეგულირებადი ნებისმიერი აღნმდომარეობისთვის</p>\n	</li>\n	<li>\n	<p><strong>ჩაფხუტი</strong> &mdash; სერტიფიცირებული დაცვა კლდის ქვეშ (რომ იღვენთებ)</p>\n	</li>\n	<li>\n	<p><strong>დაცვის მოწყობილობა &amp; კარაბინერები</strong> &mdash; უსაფრთხო ღვედის კონტროლისთვის, ავტომატური საკეტით</p>\n	</li>\n	<li>\n	<p><strong>ცარცის ჩანთები &amp; ცარცი</strong> &mdash; მზა და თხევადი ცარცის ვერსიები</p>\n	</li>\n	<li>\n	<p><strong>ექსპრესები&nbsp;&amp; თოკები</strong> &mdash; სპორტული და ტრადიციული ცოცვისთვის (ამოღებული მოთხოვნისას)</p>\n	</li>\n</ul>\n\n<p>რატომ არის გაქირავება გონივრული გზა?</p>\n\n<ul>\n	<li>\n	<p><strong>ეკონომიური</strong>: აღარ გჭირდება დიდი თანხის დახარჯვა &ndash; იხდიხარ წუთზე, დღეს ან ვიქენდზე</p>\n	</li>\n	<li>\n	<p><strong>პრაქტიკისთვის შესაფერისი</strong>: დააყენე გამოცდული მოდელები და ზომები ნაკლებ რისკთან</p>\n	</li>\n	<li>\n	<p><strong>მინიმალური მოვლა</strong>: ყველა გაწყობილობა იცვლება პროფესიონალურად, პირწმინდად და გამოცდილი</p>\n	</li>\n	<li>\n	<p><strong>საუკეთესოა დაუგეგმავი გასვლებისთვის</strong>: იდეალურია შემთხვევითი ცოცვის მოყვარულებისთვის ან ვიზიტორებისთვის</p>\n	</li>\n	<li>\n	<p><strong>საგზაო მოსახერხებელი</strong>: შედარებით მსუბუქი და პორტატული აღჭურვილობა</p>\n	</li>\n</ul>\n\n<p>სპორტული აღჭურვილობის ჩამონათვალი და ფასები იხილეთ ქვემოთ</p>\n\n<table border=\"1\" cellpadding=\"1\" cellspacing=\"1\" style=\"width:100%\">\n	<tbody>\n		<tr>\n			<td><strong>სახელი</strong></td>\n			<td><strong>არწერა</strong></td>\n			<td><strong>ფასი 1 დღეში</strong></td>\n		</tr>\n		<tr>\n			<td>კარაბინი</td>\n			<td>ალუმინის კარაბინი ჩამკეტით</td>\n			<td>2$ (1 დრე)</td>\n		</tr>\n		<tr>\n			<td>საცოცი ექსპრესი (აწიაშკა) 1ც</td>\n			<td>საცოცი ექსპრესი 1 ცალის ოდენობით</td>\n			<td>3$ (1დღე)</td>\n		</tr>\n		<tr>\n			<td>საცოცი ექსპრესების კომპლექტი&nbsp;1სც</td>\n			<td>საცოცი ექსპრესი 12&nbsp;ცალის ოდენობით</td>\n			<td>20$ (1დღე)</td>\n		</tr>\n		<tr>\n			<td>საცოცი თოკი 60მ</td>\n			<td>60მ სიგრძის თოკი</td>\n			<td>15$ (1დღე)</td>\n		</tr>\n		<tr>\n			<td>საცოცი თოკი 80მ</td>\n			<td>80მ სიგრძის თოკი</td>\n			<td>20$ (1დღე)</td>\n		</tr>\n		<tr>\n			<td>საცოცი ჩაფხუტი</td>\n			<td>1ც საცოცი ჩაფხუტი</td>\n			<td>8$ (1დღე)</td>\n		</tr>\n		<tr>\n			<td>წერაყინი</td>\n			<td>არასაცოცი წერაყინი</td>\n			<td>12$ (1დღე)</td>\n		</tr>\n		<tr>\n			<td>წრიაპი</td>\n			<td>უნივერსალური წრიაპი</td>\n			<td>12$ (1დღე)</td>\n		</tr>\n	</tbody>\n</table>\n\n<p>&nbsp;</p>\n', '2023-05-29 14:17:17', '2025-06-20 18:51:24'),
(8, 'ru', '.', '<p>.</p>\n', '<p>.</p>\n', '2023-05-29 14:17:17', '2024-04-07 17:25:15'),
(9, 'us', 'Rent Climbing Gear', '<p>Affordable climbing gear rentals&mdash;top-quality equipment for your indoor gym or outdoor adventures.</p>\n', '<p>You can rent the necessary equipment for industrial and high-altitude work with us.</p>\n\n<p>Equip your adventure with ease using our <strong>Rent Climbing Gear</strong> service. Whether you&#39;re heading to a climbing gym, exploring crags, or organizing a one-off climbing trip, our rental program provides premium, safety-certified equipment without the investment.</p>\n\n<p>🔧 What You Can Rent</p>\n\n<ul>\n	<li>\n	<p><strong>Harnesses</strong> &mdash; comfortable, adjustable models for all body types</p>\n	</li>\n	<li>\n	<p><strong>Helmets</strong> &mdash; certified protection against rockfall and impacts</p>\n	</li>\n	<li>\n	<p><strong>Belay Devices &amp; Carabiners</strong> &mdash; smooth braking systems, auto-locking carabiners</p>\n	</li>\n	<li>\n	<p><strong>Chalk Bags &amp; Chalk</strong> &mdash; grab-bag and liquid chalk options available</p>\n	</li>\n	<li>\n	<p><strong>Quickdraws &amp; Ropes</strong> &mdash; suitable for sport and trad routes (available upon request)</p>\n	</li>\n</ul>\n\n<p>Why Rental Makes Sense</p>\n\n<ul>\n	<li>\n	<p><strong>Cost‑effective</strong>: Avoid hefty upfront purchase&mdash;pay only for the time you use</p>\n	</li>\n	<li>\n	<p><strong>Try Before You Buy</strong>: Test different models and sizes before committing</p>\n	</li>\n	<li>\n	<p><strong>Minimal Maintenance Work</strong>: All gear is professionally cleaned and inspected after use</p>\n	</li>\n	<li>\n	<p><strong>Perfect for Occasional Climbers</strong>: Ideal for casual users on a budget or occasional visitors</p>\n	</li>\n	<li>\n	<p><strong>Travel-Friendly</strong>: Lightweight gear that&rsquo;s easy to carry or store temporarily</p>\n	</li>\n</ul>\n\n<p>Please find below the specifications and prices for sports equipment:<br />\n&nbsp;</p>\n\n<table border=\"1\" cellpadding=\"1\" cellspacing=\"1\" style=\"width:100%\">\n	<tbody>\n		<tr>\n			<td>Name</td>\n			<td>Description</td>\n			<td>Price per Day</td>\n		</tr>\n		<tr>\n			<td>Karabiner</td>\n			<td>Aluminum carabiner with a lock</td>\n			<td>$2 (1 day)</td>\n		</tr>\n		<tr>\n			<td>Quickdraw&nbsp;1pc</td>\n			<td>Quickdraw 1pc</td>\n			<td>3$ (1 day)</td>\n		</tr>\n		<tr>\n			<td>Quickdraw&nbsp;12pc</td>\n			<td>Quickdraw 12 pc</td>\n			<td>20$ (1 day)</td>\n		</tr>\n		<tr>\n			<td>Harness</td>\n			<td>Climbing harness (1pc)</td>\n			<td>5$ (1 day)</td>\n		</tr>\n		<tr>\n			<td>Climbing rope 60მ</td>\n			<td>Climbing rope 60m</td>\n			<td>15$ (1 day)</td>\n		</tr>\n		<tr>\n			<td>Climbing rope&nbsp;80მ</td>\n			<td>Climbing rope&nbsp;80m</td>\n			<td>20$ (1 day)</td>\n		</tr>\n		<tr>\n			<td>Helmet</td>\n			<td>Helmet 1pc</td>\n			<td>8$ (1 day)</td>\n		</tr>\n		<tr>\n			<td>Ice axe</td>\n			<td>Mountaineering ice axe</td>\n			<td>12$ (1 day)</td>\n		</tr>\n		<tr>\n			<td>Ice Tool</td>\n			<td>Ice Tool (1pc)</td>\n			<td>15$ (1 day)</td>\n		</tr>\n		<tr>\n			<td>Ice Tool</td>\n			<td>Ice Tool (2pc)</td>\n			<td>25$ (1&nbsp;day)</td>\n		</tr>\n		<tr>\n			<td>Crampons</td>\n			<td>Universal crampons</td>\n			<td>12$ (1 day)</td>\n		</tr>\n		<tr>\n			<td>Ice scrow</td>\n			<td>Ice scrow (1pc)</td>\n			<td>15$ (1 day)</td>\n		</tr>\n		<tr>\n			<td>Stopers</td>\n			<td>Stoper (15PC)</td>\n			<td>15$ (1 day)</td>\n		</tr>\n	</tbody>\n</table>\n', '2023-05-29 14:17:17', '2026-02-04 13:28:27'),
(10, 'ka', 'საცოცი კედლების მშენებლობა (საბავშვო საცოცი კედელი)', '<p>ცოცვის კედლების პროექტირებს, დამზადება და მონტაჟი &ndash; პროფესიონალური დიზაინი, გამძლე მასალები და სივრცეზე მორგებული გადაწყვეტა.</p>\n', '<p>&nbsp;&nbsp;</p>\n\n<p>ვაკეთებთ საცოც კედლებს როგორც ბავშვებისთვის, ასევე მოყვარულ და პროფესიონალ სპორტმენებისთვის. ჩვენი კომპანია აგიწყობთ ნებისმიერი სიმაღლის სიგანის და რელიეფის კედელს, ყველა საერთაშორისო სტანდატრის დაცვით, იმისთვის რომ თქვენი ვარჯიში მეტად სასიამოვნო და პროდუქტიული იყოს.</p>\n\n<p>საცოცი კედლის გაკეთება შესაძლებელია ნებისმიერ ადგილას: სახლში, სპორტულ დარბაზში, ფიტნეს ცენტრში, სკოლაში და ნებისმიერ იმ ადგილას, სადაც თქვენ მოინდომებთ.</p>\n\n<p>ვმუშაობთ მთელ საქართველოში. ასევე, ჩვენვე ვაწარმოებთ საჭიდებს, საცოც ტრენაჟორებს და ყველაფერს, რასაც თქვენ ცოცვაში იყენებთ.</p>\n\n<p><a href=\"https://shop.climbing.ge/climbing_wall_colculator\">თქვენ შეგიძლიათ დაითვალოთ თქვენთვის სასურველი კედლის ფასი ამ გვერდზე</a>. გაითვალისწინეთ ფასი დაახლოებითია და ექვემდებარება კორექტირებას.</p>\n\n<p>გადაქციე შენი სივრცე სანახაობრივ და ფუნქციურ ცოცვის გარემოდ ჩვენი <strong>ცოცვის კედლების დამზადებისა და მონტაჟის სერვისით</strong>.<br />\nიქნება ეს სპორტდარბაზი, სათემო ცენტრი, სკოლა თუ სახლი &ndash; ჩვენ ვქმნით შენზე მორგებულ, პროფესიონალურად აგებულ და უსაფრთხო ცოცვის კედელს.</p>\n\n<p><strong>რატომ ცოცვის კედელი?</strong></p>\n\n<ul>\n	<li>\n	<p><strong>ფიტნესი &amp; გართობა:</strong> სრულფასოვანი ვარჯიში, რომელიც აერთიანებს ძალას, მოქნილობასა და კარდიო დატვირთვას &ndash; ვარჯიში თამაშივით.</p>\n	</li>\n	<li>\n	<p><strong>მენტალური კონცენტრაცია:</strong> ცოცვა აუმჯობესებს პრობლემების გადაჭრის უნარს, ფოკუსსა და გამძლეობას.</p>\n	</li>\n	<li>\n	<p><strong>თემური და საგანმანათლებლო ღირებულება:</strong> იდეალურია ბავშვთა პროგრამებისთვის, გუნდური აქტივობებისთვის და სოციალური სივრცისთვის.</p>\n	</li>\n</ul>\n\n<p><strong>რას ვთავაზობთ:</strong></p>\n\n<ul>\n	<li>\n	<p><strong>ბოულდერ კედელი:</strong> დაბალი სიმაღლის კედელი (5 მეტრამდე), უსაფრთხო მარბელზე &ndash; იდეალურია დამწყებთათვის და თავისუფალი ცოცვისთვის.</p>\n	</li>\n	<li>\n	<p><strong>ტოპ-როუპ/ლიდ კედლები:</strong> მაღალი კედლები სარტყლის სისტემით &ndash; განკუთვნილია სპორტდარბაზებისთვის, სკოლებისა და ექსტრემალური ვარჯიშისთვის.</p>\n	</li>\n	<li>\n	<p><strong>მორგებადი და მოდულური სისტემები:</strong> ცალკე მდგომი ან კედელზე მიმაგრებული, კუთხითა და სირთულით ადაპტირებადი.</p>\n	</li>\n</ul>\n\n<hr />\n<h3>🏗️ როგორ ხდება პროცესი?</h3>\n\n<ol>\n	<li>\n	<p><strong>კონსულტაცია &amp; დიზაინი</strong><br />\n	ვაფასებთ შენს სივრცეს, საჭიროებებს და მიზნებს. ჩვენი გუნდი ქმნის ინდივიდუალურ დიზაინს და მარშრუტებს.</p>\n	</li>\n	<li>\n	<p><strong>მასალების შერჩევა</strong><br />\n	ვიყენებთ მაღალი ხარისხის მასალებს &ndash; დამუშავებულ ხეს (glulam), ბალტიის ხის ფენოვან დაფას და ინდუსტრიულ სამაგრებს.</p>\n	</li>\n	<li>\n	<p><strong>მონტაჟი და აწყობა</strong><br />\n	ჩვენი გუნდი უზრუნველყოფს სტრუქტურის უსაფრთხო მშენებლობას: კარკასის აწყობა, პანელების დამაგრება, საჭდების დაყენება, დამცავი მარბელის განთავსება.</p>\n	</li>\n	<li>\n	<p><strong>მარშრუტების დაყენება და ტრენინგი</strong><br />\n	ვამზადებთ საწყის მარშრუტებს სხვადასხვა დონეზე და ვწვრთნით თქვენს პერსონალს ან ოჯახის წევრებს გზების გადასაწყობად.</p>\n	</li>\n	<li>\n	<p><strong>ოპერაციული მხარდაჭერა</strong><br />\n	დაგეხმარებით უსაფრთხოების წესების შემუშავებაში, პერსონალის მართვასა და საჭირო დაზღვევასთან დაკავშირებულ საკითხებში.</p>\n	</li>\n</ol>\n\n<hr />\n<h3>📣 სარგებელი</h3>\n\n<table>\n	<thead>\n		<tr>\n			<th>უპირატესობა</th>\n			<th>აღწერა</th>\n		</tr>\n	</thead>\n	<tbody>\n		<tr>\n			<td><strong>ინოვაციური ვარჯიში</strong></td>\n			<td>ვარჯიშის მთელი წელი, როგორც ფიზიკური, ასევე მენტალური ჯანმრთელობისთვის.</td>\n		</tr>\n		<tr>\n			<td><strong>საზოგადოების მოზიდვა</strong></td>\n			<td>იდეალურია ყველა ასაკისთვის &ndash; ბავშვები, მოზარდები, მშობლები და პროფესიონალები.</td>\n		</tr>\n		<tr>\n			<td><strong>პროგრამების განვითარება</strong></td>\n			<td>საშუალებას იძლევა ჩატარდეს ბანაკები, შეჯიბრებები და გუნდის შეკრული აქტივობები.</td>\n		</tr>\n		<tr>\n			<td><strong>ეკოეფექტიანობა</strong></td>\n			<td>ეკოლოგიური მასალები და ენერგოეფექტური დიზაინი ამცირებს ხარჯებს.</td>\n		</tr>\n	</tbody>\n</table>\n\n<p>&nbsp;</p>\n\n<hr />\n<h3>✅ რატომ უნდა აირჩიო ჩვენთან?</h3>\n\n<ul>\n	<li>\n	<p><strong>მორგებული გამოცდილება:</strong> ვქმნით როგორც პატარა საოჯახო სტენდებს, ისე სრულმასშტაბიან დარბაზებს.</p>\n	</li>\n	<li>\n	<p><strong>სერტიფიცირებული გუნდი:</strong> თანამშრომლობას ვაწარმოებთ პროფესიონალ ტრასავიკებთან და უსაფრთხოების სპეციალისტებთან.</p>\n	</li>\n	<li>\n	<p><strong>მომსახურების მხარდაჭერა:</strong> ვაწვდით ტექნიკურ რჩევებს, გზების განახლების გეგმებსა და ტრენინგს.</p>\n	</li>\n</ul>\n\n<hr />\n<p>დაგეგმე შენთან თავგადასავალი, ვარჯიში და საზოგადოებრივი სივრცე &ndash; დღესვე დაგვიკავშირდი უფასო კონსულტაციისთვის და ინდივიდუალური შეთავაზებისთვის!</p>\n\n<p>&nbsp;</p>\n\n<div data-oembed-url=\"https://www.youtube.com/watch?v=dWnswDmxiXI&amp;ab_channel=TemoSamsonadze\">\n<div>\n<div style=\"left: 0; width: 100%; height: 0; position: relative; padding-bottom: 56.25%;\"><iframe allow=\"accelerometer *; clipboard-write *; encrypted-media *; gyroscope *; picture-in-picture *; web-share *;\" allowfullscreen=\"\" scrolling=\"no\" src=\"//if-cdn.com/RJdJF4P\" style=\"top: 0; left: 0; width: 100%; height: 100%; position: absolute; border: 0;\" tabindex=\"-1\"></iframe></div>\n</div>\n</div>\n\n<p>&nbsp;</p>\n', '2023-05-29 14:18:44', '2026-02-04 13:08:37'),
(11, 'ru', '.', '<p>.</p>\n', '<p>.</p>\n', '2023-05-29 14:18:44', '2024-04-07 17:20:35'),
(12, 'us', 'Building climbing walls', '<p>Custom climbing wall installation&mdash;expert design, durable materials, and tailored for your space.</p>\n', '<p>We make climbing walls for children, amateur ორ professional athletes. Our company arranges for you a wall of any height, width and terrain, with all international standards, to make your training more&nbsp;comfortable and productive.</p>\n\n<p>Climbing wall can be done anywhere: at home, gym, fitness center, school and anywhere you want.</p>\n\n<p>We work throughout Georgia. Also, we make our own holde, climbing trainers and everything which you use for climbing.</p>\n\n<p><a href=\"https://shop.climbing.ge/climbing_wall_colculator\">You can calculate the price of the wall on this page</a>. Note that the price is approximate and subject to adjustment.</p>\n\n<p>Transform your space into a thrilling climbing environment with our Building Climbing Walls service. Whether you&#39;re outfitting a commercial gym, community center, school, or home, we deliver a professionally designed and installed climbing wall tailored to your goals.</p>\n\n<p>Why choose a climbing wall?</p>\n\n<p>Fitness &amp; Fun: Offers a full‑body workout that enhances strength, flexibility, and cardiovascular health&mdash;making exercise feel like play, not a chore&nbsp;<br />\n&nbsp;</p>\n\n<p>Mental Engagement: Encourages problem-solving, concentration, and resilience&mdash;perfect for stress relief and mental wellness&nbsp;<br />\n&nbsp;</p>\n\n<p>Community &amp; Education: Ideal for youth programs, team-building, and social gatherings&mdash;climbing fosters connection and inclusivity&nbsp;<br />\n&nbsp;</p>\n\n<p>Types of walls available:</p>\n\n<p>Bouldering: Low-height walls (&lt; 5 m) requiring padded flooring&mdash;great for casual and beginner-friendly use&nbsp;<br />\n&nbsp;</p>\n\n<p>Top-Rope / Lead: Taller walls with harness systems&mdash;suitable for advanced training, adventure schools, and commercial gyms&nbsp;<br />\n&nbsp;</p>\n\n<p>Custom &amp; Modular: Freestanding or attached panels, adjustable angles, and overhangs to match your space and ambition .</p>\n\n<p>🏗️ How It Works<br />\nConsultation &amp; Design<br />\nWe begin by assessing your available space, usage goals, and preferred climbing styles. Our architects and designers collaborate with you to create a personalized layout and route flow&nbsp;<br />\n&nbsp;</p>\n\n<p>Material Selection<br />\nWe use premium materials&mdash;glulam (engineered wood), Baltic birch plywood, and industrial-grade hardware&mdash;to ensure longevity, safety, and visual appeal&nbsp;<br />\n&nbsp;</p>\n\n<p>Professional Build &amp; Installation<br />\nOur experienced team constructs and secures the wall&mdash;including framing, panels, holds, and safety surfacing. We prioritize quality installations that comply with safety standards&nbsp;<br />\n&nbsp;</p>\n\n<p>Custom Routesetting &amp; Training<br />\nWe plan initial routes across all difficulty levels and can train your staff or family members in maintaining and resetting routes effectively&nbsp;<br />\n&nbsp;</p>\n\n<p>Operational Support<br />\nWe help implement safety protocols, staffing strategies, insurance advisories, and facility operations&mdash;vital for commercial or community installations&nbsp;<br />\n&nbsp;</p>\n\n<p>📣 Benefits You&rsquo;ll See<br />\nBenefit&nbsp;&nbsp; &nbsp;Description<br />\nInnovative Wellness&nbsp;&nbsp; &nbsp;Year-round fitness and mental wellness boost.<br />\nCommunity Magnet&nbsp;&nbsp; &nbsp;Attracts users across demographics&mdash;families, schools, fitness enthusiasts&nbsp;<br />\n<br />\nProgram Potential&nbsp;&nbsp; &nbsp;Enables youth camps, competitions, team-building, and more.<br />\nSustainable Efficiency&nbsp;&nbsp; &nbsp;Eco-friendly materials and energy-conscious design reduce long-term costs .</p>\n\n<p>✅ Why Trust Us?<br />\nCustom expertise: From compact home setups to full-scale gyms, we tailor every detail&nbsp;<br />\n&nbsp;</p>\n\n<p>Certified professionals: We partner with experienced route-setters and certified inspectors to ensure safety compliance&nbsp;<br />\nclimbingbusinessjournal.com<br />\n&nbsp;</p>\n\n<p>Aftercare support: We offer maintenance guidance, route rotation plans, and refresher staff training</p>\n\n<p>&nbsp;</p>\n\n<p>&nbsp;</p>\n\n<div data-oembed-url=\"https://www.youtube.com/watch?v=dWnswDmxiXI&amp;ab_channel=TemoSamsonadze\">\n<div>\n<div style=\"left: 0; width: 100%; height: 0; position: relative; padding-bottom: 56.25%;\"><iframe allow=\"accelerometer *; clipboard-write *; encrypted-media *; gyroscope *; picture-in-picture *; web-share *;\" allowfullscreen=\"\" scrolling=\"no\" src=\"//if-cdn.com/RJdJF4P\" style=\"top: 0; left: 0; width: 100%; height: 100%; position: absolute; border: 0;\" tabindex=\"-1\"></iframe></div>\n</div>\n</div>\n\n<p>&nbsp;</p>\n', '2023-05-29 14:18:44', '2025-06-20 18:24:53');

-- --------------------------------------------------------

--
-- Table structure for table `locale_sites`
--

CREATE TABLE `locale_sites` (
  `id` bigint UNSIGNED NOT NULL,
  `slug` varchar(191) COLLATE utf8mb4_unicode_ci DEFAULT NULL,
  `us_data` text COLLATE utf8mb4_unicode_ci,
  `ka_data` text COLLATE utf8mb4_unicode_ci,
  `created_at` timestamp NULL DEFAULT NULL,
  `updated_at` timestamp NULL DEFAULT NULL
) ENGINE=InnoDB DEFAULT CHARSET=utf8mb4 COLLATE=utf8mb4_unicode_ci;

--
-- Dumping data for table `locale_sites`
--

INSERT INTO `locale_sites` (`id`, `slug`, `us_data`, `ka_data`, `created_at`, `updated_at`) VALUES
(4, 'guid_title', 'Rock Climbing in Georgia', 'მეკლდეურობა საქართველოში', NULL, NULL),
(5, 'guid_description', '<p>Rock climbing and alpinism in Georgia are among the most exciting and rapidly developing activities. The country stands out for its diversity of rock formations, stunning mountain landscapes, valleys, and still unexplored climbing areas.</p>\n\n<p>Our goal is to provide detailed descriptions, systematization, and regular updates of climbing locations across Georgia. We offer route descriptions, access information, logistical support, equipment, transportation, and, if needed, professional guiding services.</p>\n\n<p>Our mission is to make rock climbing in Georgia more accessible, safe, and appealing. We always welcome the involvement of the climbing community.</p>\n\n<p>There are already climbing routes of various difficulty levels in Georgia, but there is still great potential for further development, making the country especially attractive for adventure-seeking climbers.</p>\n\n<p>For additional information, feel free to contact us.</p>', '<p>მეკლდეურობა და ალპინიზმი საქართველოში ერთ-ერთი ყველაზე საინტერესო და სწრაფად განვითარებადი მიმართულებაა.&nbsp; ქვეყანა გამოირჩევა კლდეების მრავალფეროვნებით, შთამბეჭდავი მთის ლანდშაფტებით, ხეობებითა და ჯერ კიდევ გამოუკვლეველი საცოცი ადგილებით.</p>\n\n<p>ჩვენი მიზანია საქართველოს მასშტაბით საცოცი ლოკაციების დეტალური აღწერა, სისტემატიზაცია და რეგულარული განახლება. გთავაზობთ მარშრუტების აღწერას, მისასვლელი გზების დეტალებს, ლოჯისტიკურ დახმარებას, აღჭურვილობას, ტრანსპორტსა და საჭიროების შემთხვევაში პროფესიონალი გიდის მომსახურებას. ჩვენი მისიაა მეკლდეურობა საქართველოში იყოს უფრო ხელმისაწვდომი, უსაფრთხო და მიმზიდველი.</p>\n\n<p>ყოველთვის მივესალმებით საცოცი საზოგადოების ჩართულობას. საქართველოში უკვე არსებობს სხვადასხვა სირთულის საცოცი მარშრუტები, მაგრამ გვაქვს მისი განვითარების დიდი პოტენციალი, რაც ქვეყანას განსაკუთრებით მიმზიდველს ხდის თავგადასავლების მაძიებელი მეკლდეურებისთვის.</p>\n\n<p>დამატებითი ინფორმაციისთვის შეგიძლიათ დაგვიკავშირდეთ.</p>', NULL, '2026-04-20 19:43:34'),
(6, 'guid_short_description', 'Rock climbing and mountaineering across Georgia', 'საქართველოს საცოცი და ალპინისტური მარშრუტების აღწერა', NULL, NULL),
(7, 'films_title', 'Rock Climbing Films', 'ცოცვის ფილმები', NULL, NULL),
(8, 'films_description', '<p>.</p>', '<p>.</p>', NULL, '2026-04-20 19:43:47'),
(9, 'films_short_description', '<p>.</p>', '<p>.</p>', NULL, '2026-04-20 19:43:53'),
(10, 'forum_title', 'Georgian Climbing Forum', 'ქართული ცოცვის ფორუმი', NULL, NULL),
(11, 'forum_description', 'A friendly community forum where climbers share experience, advice, trip reports, and news.', '<p>.</p>', NULL, '2026-04-19 22:51:40'),
(12, 'forum_short_description', 'Community forum for climbers', '<p>.</p>', NULL, '2026-04-19 22:51:46'),
(13, 'shop_title', 'Climbing.ge Products and Services', 'Climbing.ge-ს პროდუქცია და მომსახურება', NULL, NULL),
(14, 'shop_description', '<p>Our online store offers a wide range of products for rock climbing and alpinism. The main focus is on quality, durability, and practical use.</p>\n\n<p>In addition, we provide professional services &mdash; including instructor support, as well as the design and construction of climbing walls.</p>', '<p>ჩვენი ონლაინ მაღაზია გთავაზობთ ცოცვისთვისა და ალპინიზმისთვის საჭირო სხვადასხვა პროდუქციას. მთავარი აქცენტი კეთდება ხარისხზე, გამძლეობასა და პრაქტიკულ გამოყენებაზე.&nbsp;</p>\n\n<p>გარდა ამისა, გთავაზობთ პროფესიონალურ სერვისებს &mdash; ინსტრუქტორის მომსახურებას, საცოცი კედლების პროექტირებას და მშენებლობას.</p>', NULL, '2026-04-20 19:44:34'),
(15, 'shop_short_description', 'Climbing gear and services', 'საცოცი აღჭურვილობა და სერვისები', NULL, NULL),
(16, 'other_activity_description', 'Other outdoor activities and adventures in Georgia', 'სხვა აქტიური თავგადასავლები საქართველოში', NULL, NULL),
(17, 'mount_description', 'Mountaineering routes and alpine adventures in the Caucasus', 'ალპინისტური მარშრუტები კავკასიონის მთებში', NULL, NULL),
(18, 'event_description', 'Rock climbing events and outdoor activities', 'საცოცი ღონისძიებები და აქტივობები', NULL, NULL),
(19, 'tech_tips_description', 'Climbing techniques, tips, and safety advice', 'ცოცვის ტექნიკა და უსაფრთხოების რჩევები', NULL, NULL),
(20, 'news_description', 'Latest news from the climbing community in Georgia', 'ცოცვის სიახლეები საქართველოში', NULL, NULL),
(21, 'index_gallery_description', 'Photo gallery from climbing and mountaineering trips', 'საცოცი და ალპინისტური ფოტოგალერეა', NULL, NULL),
(22, 'outdoor_description', 'Outdoor rock climbing areas across Georgia', '<p>ბუნებრივ კლდეზე საცოცი რეგიონები და მარშრუტები საქართველოში</p>', NULL, '2026-04-19 23:16:31'),
(23, 'indoor_description', 'Indoor climbing gyms and training spaces', '<p>საცოცი დარბაზები საქართველოში</p>', NULL, '2026-04-19 23:16:57'),
(24, 'ice_description', 'Ice climbing routes and winter adventures', '<p>ყინულზე ცოცვა</p>', NULL, '2026-04-19 23:17:15'),
(25, 'topo_description', 'Interactive map and climbing topos of Georgia', '<p>საქართველოს საცოცი და სამთო რეგიონების რუკა</p>', NULL, '2026-04-19 23:17:44'),
(26, 'what_we_do_description', 'We explore, document, and promote climbing in Georgia', '<p>ჩვენ ვიკვლევთ და ვანვითარებთ ცოცვას საქართველოში</p>', NULL, '2026-04-19 22:27:20'),
(27, 'products_description', 'Climbing.ge branded products', 'Climbing.ge-ს ბრენდირებული პროდუქცია', NULL, NULL),
(28, 'services_description', 'Guiding services, route development, and climbing support', '<p>ინსტრუქტორის მომსახურება და საცოცი მხარდაჭერა</p>', NULL, '2026-04-19 23:18:32'),
(29, 'terms_of_use', 'By using Climbing.ge, you agree to use the website at your own risk. Climbing and mountaineering are dangerous activities.\r\n\r\nInformation may change, so always verify details on site. Climbing.ge is not responsible for accidents or injuries.', '<p>Climbing.ge-ზე განთავსებული ინფორმაცია არის საინფორმაციო სახის, არ გამორიცხავს უზუსტობას ბუნებრივი პროცესებისა და სხვადასხვა (კლიმატური და ადამიანური) ფაქტორებიდან გამომდინარე ცვლილებების გამო. აუცილებელია ადგილზე სიტუაციის საღად შეფასება და რისკების განსაზღვრა.&nbsp;</p>', NULL, '2026-04-19 23:30:49'),
(30, 'blog_title', 'Climbing & Mountaineering Blog', 'ცოცვისა და ალპინიზმის ბლოგი', NULL, NULL),
(31, 'blog_short_description', 'Stories, guides, tips, and real experiences from the climbing world', '<p>ისტორიები, თავგადასავლები და სხვადასხვა საინტერესო მოვლენები მთიდან</p>', NULL, '2026-04-19 23:32:07'),
(32, 'blog_description', '<p>The blog is a space dedicated to rock climbing, alpinism, and an active lifestyle. Here, we share stories from climbing trips, route experiences, training tips, safety recommendations, gear reviews, interviews, and perspectives from the climbing community.</p>\n\n<p>The blog is created by active climbers and instructors and is intended for both beginners and experienced athletes.</p>\n\n<p>Our goal is to share knowledge, inspire, and bring the climbing community together.</p>', '<p>ბლოგი წარმოადგენს სივრცეს, რომელიც ეძღვნება მეკლდეურობას, ალპინიზმსა და აქტიურ ცხოვრებას. აქ ვაზიარებთ საცოცი მოგზაურობების ისტორიებს, მარშრუტების გამოცდილებას, სავარჯიშო რჩევებს, უსაფრთხოების რეკომენდაციებს, აღჭურვილობის მიმოხილვებს, ინტერვიუებსა და საცოცი საზოგადოების ხედვებს.</p>\n\n<p>ბლოგი იქმნება აქტიური მეკლდეურებისა და ინსტრუქტორების მიერ და განკუთვნილია, როგორც დამწყებთათვის, ისე გამოცდილი სპორტსმენებისთვის.</p>\n\n<p>ჩვენი მიზანია ცოდნის გაზიარება, ინსპირაცია და საცოცი საზოგადოების გაერთიანება.</p>', NULL, '2026-04-20 19:45:21'),
(33, 'message', '<p>.</p>', '<p>.</p>', '2026-04-20 16:12:49', '2026-04-20 16:12:49'),
(34, 'team_member_description', '<p>.</p>', '<p>.</p>', '2026-04-20 16:14:11', '2026-04-20 16:14:11'),
(35, 'special_article_description', '<p>.</p>', '<p>.</p>', '2026-04-20 16:15:28', '2026-04-20 16:15:28'),
(36, 'partners_description', '<p>.</p>', '<p>.</p>', '2026-04-20 16:15:49', '2026-04-20 16:15:49'),
(37, 'project_description', '<p>.</p>', '<p>.</p>', '2026-04-20 16:17:11', '2026-04-20 16:17:11'),
(38, 'search_description', '<p>.</p>', '<p>.</p>', '2026-04-20 16:18:46', '2026-04-20 16:18:46'),
(39, 'guide_search_description', '<p>.</p>', '<p>.</p>', '2026-04-20 16:19:23', '2026-04-20 16:19:23'),
(40, 'shop_search_description', '<p>.</p>', '<p>.</p>', '2026-04-20 16:19:33', '2026-04-20 16:19:33'),
(41, 'tour_description', '<p>.</p>', '<p>.</p>', '2026-04-20 16:41:47', '2026-04-20 16:41:47'),
(43, 'summit_title', '<p>.</p>', '<p>.</p>', '2026-04-20 18:08:12', '2026-04-20 18:08:12'),
(44, 'summit_description', '<p>.</p>', '<p>.</p>', '2026-04-20 18:08:29', '2026-04-20 18:08:29'),
(45, 'summit_description_description', '<p>.</p>', '<p>.</p>', '2026-04-20 18:08:46', '2026-04-20 18:08:46'),
(46, 'summit_map_description', '<p>.</p>', '<p>.</p>', '2026-04-20 18:09:00', '2026-04-20 18:09:00'),
(47, 'donation_description', '<p>donation_description&nbsp; us</p>\n\n<p>&nbsp;</p>', '<p>donation_description კა</p>\n\n<p>&nbsp;</p>', '2026-04-20 18:37:12', '2026-04-27 14:09:57'),
(48, 'donation_short_description', '<p>.</p>', '<p>.</p>', '2026-04-20 18:37:31', '2026-04-20 18:37:31'),
(49, 'donation_terms_of_use', '<p>.</p>', '<p>.</p>', '2026-04-20 18:37:50', '2026-04-20 18:37:50'),
(50, 'summit_index_intro', '<p>Point your camera at the QR code placed at the summit to instantly register your climb. Track all your ascents and share them with the climbing community</p>', '<p>მიუთითეთ კამერა QR კოდზე, რომელიც განთავსებულია მწვერვალზე, ასვლის მყისიერი რეგისტრაციისთვის. თვალყური ადევნეთ ყველა ასვლას და გაუზიარეთ ისინი მთამსვლელთა საზოგადოებას.</p>', '2026-04-26 16:15:35', '2026-04-26 16:23:37'),
(51, 'summit_about_welcome', '<p>Welcome to Summit Climbing Georgia &ndash; the platform for mountain adventurers who want to document, validate, and share their ascents across Georgia\\&#39;s spectacular peaks.</p>', '<p>კეთილი იყოს თქვენი მობრძანება Summit Climbing Georgia-ზე &ndash; პლატფორმაზე მთის მოყვარულებისთვის, რომლებსაც სურთ საქართველოს შთამბეჭდავ მწვერვალებზე ასვლების დოკუმენტირება, დადასტურება და გაზიარება.</p>', '2026-04-26 16:16:20', '2026-04-26 16:16:20'),
(52, 'summit_about_mission', '<p>Our mission is to connect climbers with Georgia\\&#39;s epic summits through QR code registration and community sharing. Every ascent is logged, GPS-verified where possible, and added to the public record &ndash; building a living history of Georgian mountaineering.</p>', '<p>ჩვენი მიზანია ალპინისტების დაკავშირება საქართველოს განსაცვიფრებელ მწვერვალებთან QR კოდის რეგისტრაციისა და საზოგადოებრივი გაზიარების გზით. ყოველი ასვლა ფიქსირდება, GPS-ით მოწმდება სადაც შესაძლებელია და ემატება საჯარო ჩანაწერს.</p>', '2026-04-26 16:17:28', '2026-04-26 16:17:28'),
(53, 'summit_how_reach_desc', '<p>Hike or climb to the top of your chosen peak in Georgia.</p>', '<p>ივლეთ ან ასვლით მიაღწიეთ თქვენი არჩეული მწვერვალის მწვერვალს საქართველოში.</p>', '2026-04-26 16:17:59', '2026-04-26 16:24:14'),
(54, 'summit_how_scan_desc', '<p>Find the QR code marker at the summit and scan it with your phone.</p>', '<p>იპოვეთ QR კოდის მარკირება მწვერვალზე და დასკანირეთ ტელეფონით.</p>', '2026-04-26 16:18:52', '2026-04-26 16:18:52'),
(55, 'summit_how_validate_desc', '<p>GPS automatically confirms you reached the summit location.</p>', '<p>GPS ავტომატურად ადასტურებს, რომ მიაღწიეთ მწვერვალის მდებარეობას.</p>', '2026-04-26 16:19:52', '2026-04-26 16:19:52'),
(56, 'summit_how_share_desc', '<p>Your ascent is logged and visible to the entire climbing community.</p>', '<p>თქვენი ასვლა ფიქსირდება და ხილვადია მთელი მთამსვლელთა საზოგადოებისთვის.</p>', '2026-04-26 16:20:41', '2026-04-26 16:20:41'),
(57, 'summit_about_explore_desc', '<p>Browse our growing list of challenging peaks across Georgia, from the Greater Caucasus to lesser-known hidden gems.</p>', '<p>გაეცანით ჩვენს მზარდ სიას საქართველოს სახიფათო მწვერვალების შესახებ, დიდი კავკასიონიდან ნაკლებად ცნობილ ფარულ მარგალიტებამდე.</p>', '2026-04-26 16:21:24', '2026-04-26 16:21:24'),
(58, 'summit_about_qr_desc', '<p>Scan QR codes placed at summit markers to instantly log your climb, no internet connection needed at the top</p>', '<p>სკანირეთ მწვერვალის მარკირებებზე განთავსებული QR კოდები ასვლის მყისიერი ჩასაწერად &ndash; ინტერნეტ კავშირი მწვერვალზე არ არის საჭირო.</p>', '2026-04-26 16:22:06', '2026-04-26 16:22:06'),
(59, 'summit_about_community_desc', '<p>Share your experiences, view other climbers\\&#39; ascents, and build your personal summit logbook with the climbing community.</p>', '<p>გაუზიარეთ გამოცდილება, ნახეთ სხვა მთამსვლელების ასვლები და შექმენით პირადი მწვერვალების ჟურნალი მთამსვლელთა საზოგადოებასთან ერთად.</p>', '2026-04-26 16:22:41', '2026-04-26 16:22:41');

-- --------------------------------------------------------

--
-- Table structure for table `locale_tours`
--

CREATE TABLE `locale_tours` (
  `id` bigint UNSIGNED NOT NULL,
  `locale` varchar(191) CHARACTER SET utf8mb4 COLLATE utf8mb4_unicode_ci DEFAULT NULL,
  `title` varchar(191) CHARACTER SET utf8mb4 COLLATE utf8mb4_unicode_ci DEFAULT NULL,
  `short_description` varchar(191) CHARACTER SET utf8mb4 COLLATE utf8mb4_unicode_ci DEFAULT NULL,
  `text` text CHARACTER SET utf8mb4 COLLATE utf8mb4_unicode_ci,
  `duration` varchar(191) CHARACTER SET utf8mb4 COLLATE utf8mb4_unicode_ci DEFAULT NULL,
  `location` varchar(191) CHARACTER SET utf8mb4 COLLATE utf8mb4_unicode_ci DEFAULT NULL,
  `created_at` timestamp NULL DEFAULT NULL,
  `updated_at` timestamp NULL DEFAULT NULL
) ENGINE=InnoDB DEFAULT CHARSET=utf8mb4 COLLATE=utf8mb4_unicode_ci;

--
-- Dumping data for table `locale_tours`
--

INSERT INTO `locale_tours` (`id`, `locale`, `title`, `short_description`, `text`, `duration`, `location`, `created_at`, `updated_at`) VALUES
(1, 'ka', 'Ice climbing in Gveleti', '<p>Ice climbing in Gveleti</p>\n', '<p>Ice climbing in Gveleti</p>\n', NULL, NULL, '2023-12-21 01:08:10', '2023-12-21 01:08:10'),
(2, 'ru', 'ყინულზე ცოცვა გველეთში', '<p>ყინულზე ცოცვა გველეთის გაყინულ ჩანჩქერზე</p>\n', '<p>ყინულზე ცოცვა გველეთის გაყინულ ჩანჩქერზე</p>\n', NULL, NULL, '2023-12-21 01:08:10', '2023-12-21 01:08:10'),
(3, 'us', 'Ice climbing in Gveleti', '<p>Ice climbing toure in Gveleti waterfall</p>\n', '<p>Ice climbing toure in Gveleti waterfall</p>\n', NULL, NULL, '2023-12-21 01:08:10', '2023-12-21 01:08:10'),
(4, 'ka', 'Rock climbing in Chiature region', '<p>Rock climbing toure in Chiature region.</p>\n', '<p>Rock climbing toure in Chiature region.</p>\n', NULL, NULL, '2023-12-21 01:10:13', '2023-12-21 01:10:13'),
(5, 'ru', 'კლდეზე ცოცვა ჭიათურის რეგიონში', '<p>კლდეზე ცოცვის ტური ჭიათურის რეგიონში</p>\n', '<p>კლდეზე ცოცვის ტური ჭიათურის რეგიონში</p>\n', NULL, NULL, '2023-12-21 01:10:13', '2023-12-21 01:10:13'),
(6, 'us', 'Rock climbing in Chiature region', '<p>Rock climbing toure in Chiature region.</p>\n', '<p>Rock climbing toure in Chiature region.</p>\n', NULL, NULL, '2023-12-21 01:10:13', '2023-12-21 01:10:13'),
(7, 'ka', 'Rock climbing in Kazbegi region', '<p>Rock climbing toure in Kazbegi region</p>\n', '<p>Rock climbing toure in Kazbegi region</p>\n', NULL, NULL, '2023-12-21 01:12:38', '2023-12-21 01:12:38'),
(8, 'ru', 'კლდეზე ცოცვა სტეპანწმინდის რეგიონში', '<p>კლდეზე ცოცვის ტური სტეპანწმინდის რეგიონში</p>\n', '<p>კლდეზე ცოცვის ტური სტეპანწმინდის რეგიონში</p>\n', NULL, NULL, '2023-12-21 01:12:38', '2023-12-21 01:12:38'),
(9, 'us', 'Rock climbing in Kazbegi region', '<p>Rock climbing toure in Kazbegi region</p>\n', '<p>Rock climbing toure in Kazbegi region</p>\n', NULL, NULL, '2023-12-21 01:12:38', '2023-12-21 01:12:38'),
(10, 'ka', 'Rock climbing toure in Borjomi region', '<p>Rock climbing toure in Borjomi region</p>\n', '<p>Rock climbing toure in Borjomi region</p>\n', NULL, NULL, '2023-12-21 01:14:18', '2023-12-21 01:14:18'),
(11, 'ru', 'კლდეზე ცოცვა ბორჯომის რეგიონში', '<p>კლდეზე ცოცვის ტური ბორჯომის რეგიონში</p>\n', '<p>კლდეზე ცოცვის ტური ბორჯომის რეგიონში</p>\n', NULL, NULL, '2023-12-21 01:14:18', '2023-12-21 01:14:18'),
(12, 'us', 'Rock climbing in Borjomi region', '<p>Rock climbing toure in Borjomi region</p>\n', '<p>Rock climbing toure in Borjomi region</p>\n', NULL, NULL, '2023-12-21 01:14:18', '2023-12-21 01:14:18'),
(13, 'ka', 'Mountaineering toure in Caukhi masive', '<p>Mountain climbing toure in Caukhi masive</p>\n', '<p>Mountain climbing toure in Caukhi masive</p>\n', NULL, NULL, '2023-12-21 01:18:02', '2023-12-21 01:18:02'),
(14, 'ru', 'ალპინისტური გასვლა ჭაუხის მასივში', '<p>ალპინისტური ტური ჭაუხის მასივში</p>\n', '<p>ალპინისტური ტური ჭაუხის მასივში</p>\n', NULL, NULL, '2023-12-21 01:18:02', '2023-12-21 01:18:02'),
(15, 'us', 'Mountaineering toure in Caukhi masive', '<p>Mountain climbing toure in Caukhi masive</p>\n', '<p>Mountain climbing toure in Caukhi masive</p>\n', NULL, NULL, '2023-12-21 01:18:02', '2023-12-21 01:18:02'),
(16, 'ka', 'კლდეზე ცოცვის ტური ჭიათურაში', '<p>.</p>\n', '<p>საქართველო მდებარეობს კავკასიის მთებში აქ ბევრი კარგი სექტორია საცოცა. იმერეთის რეგიონში. 3 დღეს გავატარებთ ქვეყნის ერთერთ ულამაზეს საცოც სექტორში ჭიათურის მახლობლად. ჭიათურა თბილისიდან დაახლოებით 2 საათის სავალზეა. როგორც თქვენი ადგილობრივი მეგზური, რომელსაც აქვს ფართო ცოდნა ამ ტერიტორიის შესახებ, მე გაჩვენებთ საუკეთესო მარშრუტებს თქვენთვის შესაფერის დონის და ინტერესებიდან გამომდინარე.</p>\n\n<p>რეგიონის ღირსშესანიშნაობაა 40 მეტრიანი&nbsp;კაცხი სვეტი, რომლის თავზე დგას ეკლესია, თავდაპირველად აშენდა მე-9 ან მე-10 საუკუნეებში, რაც ძეგლს სიურეალისტურ, ზღაპრულ იერს აძლევს.</p>\n\n<p>კაცხის სვეტის მიმდებარე კლდეებზე უამრავია მარშრუტია თქვენთვის.</p>\n\n<table border=\"1\" cellpadding=\"1\" cellspacing=\"1\" style=\"height:134px; width:1378px\">\n	<tbody>\n		<tr>\n			<td>ტურისტებოის თაოდენობა</td>\n			<td>ფასი / დღე</td>\n		</tr>\n		<tr>\n			<td>1-2</td>\n			<td>100$ (From person)</td>\n		</tr>\n		<tr>\n			<td>2-4</td>\n			<td>80$ (From person)</td>\n		</tr>\n		<tr>\n			<td>4-6</td>\n			<td>70$ (From person)</td>\n		</tr>\n		<tr>\n			<td>6+</td>\n			<td>60$ (From person)</td>\n		</tr>\n	</tbody>\n</table>\n\n<p><strong><u>გაითვალისწინეთ რომ, ფასში არ შედის ტრანსფერი და სასტუმრო. ტრანსფერი 1-დან 4 პერსონამდე 150$. 4 ადამიანის შემდეგ 300$.</u></strong></p>\n\n<p>დაჯავშნეთ ახლავე და ჩვენ ერთად გავატარებთ სახალისო 3 დღეს საქართველოს ერთერთ ულამაზეს ადგილას!</p>\n\n<p><em>იმ შემთხვევაში თუ მე ვერ ვახერხებ თქვენ მეგზურობას გადაგამისამართებთ ჩემი კოლეგებთან, ყველა მათგანი GMGA აკრედიტებული გიდია.</em></p>\n', '3 დღე', 'ჭიათურა, სვერი, კაცხი', NULL, '2025-01-03 19:05:20'),
(17, 'ru', 'ჭიათურის ცოცვის ტური', '<p>.</p>\n', '<p>.</p>\n', NULL, NULL, NULL, NULL),
(18, 'us', 'Chiatura rock climbing toure', '<p>.</p>\n', '<p>Georgia is nestled within the Caucasus mountains and has some great under-the-radar climbing. We will spend 3 days exploring some of the country&rsquo;s climbing treasures near the town of Chiatura, in the region of Imereti. Chiatura is about 2 hours driving from Tbilisi. As your local guide with extensive knowledge of the area, I will show you the best routes based on your climbing level and interests.</p>\n\n<p>A highlight of the area is Katskhi, a 40m pillar that rises above the surrounding treetops. Perched on top of the pillar sits a medieval monastery originally constructed in the 9th or 10th century, giving the monument a surreal, fairytale look.&nbsp; The pillar has been bolted with numerous routes of varying difficulty levels.</p>\n\n<table border=\"1\" cellpadding=\"1\" cellspacing=\"1\" style=\"height:134px; width:1378px\">\n	<tbody>\n		<tr>\n			<td>Persons</td>\n			<td>Price / Day</td>\n		</tr>\n		<tr>\n			<td>1-2</td>\n			<td>100$ (From person)</td>\n		</tr>\n		<tr>\n			<td>2-4</td>\n			<td>80$ (From person)</td>\n		</tr>\n		<tr>\n			<td>4-6</td>\n			<td>70$ (From person)</td>\n		</tr>\n		<tr>\n			<td>6+</td>\n			<td>60$ (From person)</td>\n		</tr>\n	</tbody>\n</table>\n\n<p><strong><u>Price not includ transfer and hotel. Transfer from 1 to 4 person 150$. After 4 person 300$.</u></strong></p>\n\n<p>Book now and we will spend a fun and rewarding 3 days together climbing in some of my favorite spots in Georgia!</p>\n\n<p><em>If I&rsquo;m not available to guide you, one of my 3 teammates, all of them GMGA mountain guides, will be happy to do so.</em></p>\n', '3 Day', 'Chiatura, Sveri,Katskhi', NULL, '2025-01-03 19:05:20'),
(19, 'ka', 'კლდეზე ცოცვის ტური სტეფანწმინდის (ყაზბეგის) რეგიონში', '<p>.</p>\n', '<p>საქართველო მდებარეობს კავკასიის მთებში აქ ბევრი კარგი სექტორია საცოცა. იმერეთის რეგიონში. 3 დღეს გავატარებთ ქვეყნის ერთერთ ულამაზეს საცოც სექტორში ჭიათურის მახლობლად. ჭიათურა თბილისიდან დაახლოებით 2 საათის სავალზეა. როგორც თქვენი ადგილობრივი მეგზური, რომელსაც აქვს ფართო ცოდნა ამ ტერიტორიის შესახებ, მე გაჩვენებთ საუკეთესო მარშრუტებს თქვენთვის შესაფერის დონის და ინტერესებიდან გამომდინარე.</p>\n\n<p>ყაზბეგის რეგიონის ერთ-ერთი ყველაზე დიდი ღირსშესანიშნაობაა ყაზბეგის მთა. ყაზბეგის მრავალი ადგილიდან შეგიძლიათ დატკბეთ მთის ულამაზესი ხედებით.</p>\n\n<p>ყაზბეგის რაიონი პოპულარულია როგორც ცოცვით, ასევე ლაშქრობებისთვის, ცხენებით გასეირნება და სხვა. თქვენ ასევე შეგიძლიათ ჩაერთოთ სხვა აქტივობებში</p>\n\n<p>&nbsp;</p>\n\n<table border=\"1\" cellpadding=\"1\" cellspacing=\"1\" style=\"height:134px; width:1378px\">\n	<tbody>\n		<tr>\n			<td>ტურისტებოის თაოდენობა</td>\n			<td>ფასი / დღე</td>\n		</tr>\n		<tr>\n			<td>1-2</td>\n			<td>100$ (From person)</td>\n		</tr>\n		<tr>\n			<td>2-4</td>\n			<td>80$ (From person)</td>\n		</tr>\n		<tr>\n			<td>4-6</td>\n			<td>70$ (From person)</td>\n		</tr>\n		<tr>\n			<td>6+</td>\n			<td>60$ (From person)</td>\n		</tr>\n	</tbody>\n</table>\n\n<p>&nbsp;</p>\n\n<p><strong><u>გაითვალისწინეთ რომ, ფასში არ შედის ტრანსფერი და სასტუმრო. ტრანსფერი 1-დან 4 პერსონამდე 150$. 4 ადამიანის შემდეგ 300$.</u></strong></p>\n\n<p>დაჯავშნეთ ახლავე და ჩვენ ერთად გავატარებთ სახალისო 3 დღეს საქართველოს ერთერთ ულამაზეს ადგილას!</p>\n\n<p><em>იმ შემთხვევაში თუ მე ვერ ვახერხებ თქვენ მეგზურობას გადაგამისამართებთ ჩემი კოლეგებთან, ყველა მათგანი GMGA აკრედიტებული გიდია.</em></p>\n\n<p>&nbsp;</p>\n', NULL, 'არშა, გველეთი (სტეფანჭმინდა)', NULL, '2025-01-03 19:06:40'),
(20, 'ru', 'ყაზბეგის კლდეზე ცოცვის ტური', '<p>.</p>\n', '<p>.</p>\n', NULL, NULL, NULL, NULL),
(21, 'us', 'Kazbegi rock climbing tour', '<p>.</p>\n', '<p>Georgia is nestled within the Caucasus mountains and has some great under-the-radar climbing. We will spend 3 days exploring some of the country&rsquo;s climbing treasures near the town of Stepantsminda (Kazbegi), in the region of Khevi. Stepantsminda is about 2.5 hours driving from Tbilisi. As your guide with extensive knowledge of the area, I will show you the best routes based on your climbing level and interests.</p>\n\n<p>One of the biggest sights of the Kazbegi region is Mount Kazbegi. You can enjoy beautiful mountain views from many places in Kazbegi.</p>\n\n<p>Kazbegi region is popular for both climbing and trekking, horseback riding and more. You can also engage in other activities</p>\n\n<table border=\"1\" cellpadding=\"1\" cellspacing=\"1\" style=\"height:134px; width:1378px\">\n	<tbody>\n		<tr>\n			<td>Persons</td>\n			<td>Price / Day</td>\n		</tr>\n		<tr>\n			<td>1-2</td>\n			<td>100$ (From person)</td>\n		</tr>\n		<tr>\n			<td>2-4</td>\n			<td>80$ (From person)</td>\n		</tr>\n		<tr>\n			<td>4-6</td>\n			<td>70$ (From person)</td>\n		</tr>\n		<tr>\n			<td>6+</td>\n			<td>60$ (From person)</td>\n		</tr>\n	</tbody>\n</table>\n\n<p><strong><u>Price not includ transfer and hotel. Transfer from 1 to 4 person 150$. After 4 person 300$.</u></strong></p>\n\n<p>Book now and we will spend a fun and rewarding 3 days together climbing in some of my favorite spots in Georgia!</p>\n\n<p><em>If I&rsquo;m not available to guide you, one of my 3 teammates, all of them GMGA mountain guides, will be happy to do so.</em></p>\n', NULL, 'Arsha, Gveleti (Stepantsminda)', NULL, '2025-01-03 19:06:40'),
(22, 'ka', '.', '<p>.</p>\n', '<p>საქართველო მდებარეობს კავკასიის მთებში აქ ბევრი კარგი სექტორია საცოცა. იმერეთის რეგიონში. 3 დღეს გავატარებთ ქვეყნის ერთერთ ულამაზეს საცოც სექტორში ჭიათურის მახლობლად. ჭიათურა თბილისიდან დაახლოებით 2 საათის სავალზეა. როგორც თქვენი ადგილობრივი მეგზური, რომელსაც აქვს ფართო ცოდნა ამ ტერიტორიის შესახებ, მე გაჩვენებთ საუკეთესო მარშრუტებს თქვენთვის შესაფერის დონის და ინტერესებიდან გამომდინარე.</p>\n\n<p>რეგიონის ღირსშესანიშნაობაა 40 მეტრიანი&nbsp;კაცხი სვეტი, რომლის თავზე დგას ეკლესია, თავდაპირველად აშენდა მე-9 ან მე-10 საუკუნეებში, რაც ძეგლს სიურეალისტურ, ზღაპრულ იერს აძლევს.</p>\n\n<p>კაცხის სვეტის მიმდებარე კლდეებზე უამრავია მარშრუტია თქვენთვის.</p>\n\n<table border=\"1\" cellpadding=\"1\" cellspacing=\"1\" style=\"height:134px; width:1378px\">\n	<tbody>\n		<tr>\n			<td>ტურისტებოის თაოდენობა</td>\n			<td>ფასი / დღე</td>\n		</tr>\n		<tr>\n			<td>1-2</td>\n			<td>100$ (From person)</td>\n		</tr>\n		<tr>\n			<td>2-4</td>\n			<td>80$ (From person)</td>\n		</tr>\n		<tr>\n			<td>4-6</td>\n			<td>70$ (From person)</td>\n		</tr>\n		<tr>\n			<td>6+</td>\n			<td>60$ (From person)</td>\n		</tr>\n	</tbody>\n</table>\n\n<p><strong><u>გაითვალისწინეთ რომ, ფასში არ შედის ტრანსფერი და სასტუმრო. ტრანსფერი 1-დან 4 პერსონამდე 150$. 4 ადამიანის შემდეგ 300$.</u></strong></p>\n\n<p>დაჯავშნეთ ახლავე და ჩვენ ერთად გავატარებთ სახალისო 3 დღეს საქართველოს ერთერთ ულამაზეს ადგილას!</p>\n\n<p><em>იმ შემთხვევაში თუ მე ვერ ვახერხებ თქვენ მეგზურობას გადაგამისამართებთ ჩემი კოლეგებთან, ყველა მათგანი GMGA აკრედიტებული გიდია.</em></p>\n', NULL, NULL, NULL, '2025-01-03 19:05:29'),
(23, 'ru', 'ბორჯომის კლდეზე ცოცვის ტური', '<p>.</p>\n', '<p>.</p>\n', NULL, NULL, NULL, NULL),
(24, 'us', 'Borjomi rock climbing tour', '<p>.</p>\n', '<p>Georgia is nestled within the Caucasus mountains and has some great under-the-radar climbing. We will spend 3 days exploring some of the country&rsquo;s climbing treasures near the town of Chiatura, in the region of Imereti. Chiatura is about 2 hours driving from Tbilisi. As your local guide with extensive knowledge of the area, I will show you the best routes based on your climbing level and interests.</p>\n\n<p>A highlight of the area is Katskhi, a 40m pillar that rises above the surrounding treetops. Perched on top of the pillar sits a medieval monastery originally constructed in the 9th or 10th century, giving the monument a surreal, fairytale look.&nbsp; The pillar has been bolted with numerous routes of varying difficulty levels.</p>\n\n<table border=\"1\" cellpadding=\"1\" cellspacing=\"1\" style=\"height:134px; width:1378px\">\n	<tbody>\n		<tr>\n			<td>Persons</td>\n			<td>Price / Day</td>\n		</tr>\n		<tr>\n			<td>1-2</td>\n			<td>100$ (From person)</td>\n		</tr>\n		<tr>\n			<td>2-4</td>\n			<td>80$ (From person)</td>\n		</tr>\n		<tr>\n			<td>4-6</td>\n			<td>70$ (From person)</td>\n		</tr>\n		<tr>\n			<td>6+</td>\n			<td>60$ (From person)</td>\n		</tr>\n	</tbody>\n</table>\n\n<p><strong><u>Price not includ transfer and hotel. Transfer from 1 to 4 person 150$. After 4 person 300$.</u></strong></p>\n\n<p>Book now and we will spend a fun and rewarding 3 days together climbing in some of my favorite spots in Georgia!</p>\n\n<p><em>If I&rsquo;m not available to guide you, one of my 3 teammates, all of them GMGA mountain guides, will be happy to do so.</em></p>\n', NULL, NULL, NULL, '2025-01-03 19:05:45'),
(31, 'ka', 'ერთდღიანი ცოცვის ტური თბილისში', '<p>.</p>\n', '<p>.</p>\n', NULL, NULL, NULL, NULL),
(32, 'us', 'One day climbing in Tbilisi', '<p>.</p>\n', '<p>.</p>\n', NULL, NULL, NULL, NULL),
(33, 'ka', '4 დღიანი ყინულზე ცოცვის ტური', '<p>4 დღიანი ყინულზე ცოცვის ტური გველეთში</p>\n', '<h2>დღე 1</h2>\n\n<p>ტრანსფერი თბილისიდან სტეფანწმინდაში ან შეხვდით თქვენს გიდს სტეფანწმინდაში. ტურის დაწყების წინა დღეს, გექნებათ მოკლე გაცნობა და გიდი შეამოწმებს თქვენს აღჭურვილობას. თუ არ გაქვთ რაიმე ნივთი, მას იქირავებთ ადგილზე</p>\n\n<h2>დღე 2 - 3</h2>\n\n<p>დილით ადრე გავემგზავრებით დარიალის ხეობაში, რომელიც სტეფანწმინდიდან დაახლოებით 20 წუთის სავალზეა. ავტოსადგომიდან 20 წუთი დაგვჭირდება ბილიკზე სიარული. თქვენი გიდი გასწავლით ყინულზე ცოცვის ძირითადი ტექნიკის და დარწმუნდება, რომ იცით, როგორ გამოიყენოთ ყველა ტექნიკური აღჭურვილობა.</p>\n\n<h2>დღე 4</h2>\n\n<p>დილის ცოცვის სეანსის შემდეგ დავბრუნდებით სტეფანწმინდაში, შემდეგ კი თბილისში</p>\n\n<h2>ფასების პარამეტრები</h2>\n\n<table border=\"1\" cellpadding=\"1\" cellspacing=\"1\" style=\"width:100%\">\n	<tbody>\n		<tr>\n			<td>1 კაციანი ჯგუფი</td>\n			<td>&nbsp;550&nbsp;EUR - 1 ადამიანი</td>\n		</tr>\n		<tr>\n			<td>2 კაციანი ჯგუფი</td>\n			<td>&nbsp;350&nbsp;EUR - 2&nbsp;ადამიანი</td>\n		</tr>\n		<tr>\n			<td>3 კაციანი ჯგუფი</td>\n			<td>&nbsp;250&nbsp;EUR - 3&nbsp;ადამიანი</td>\n		</tr>\n		<tr>\n			<td>4 კაციანი ჯგუფი</td>\n			<td>&nbsp;200&nbsp;EUR - 4&nbsp;ადამიანი</td>\n		</tr>\n	</tbody>\n</table>\n\n<h2>ფასში შედის</h2>\n\n<p>4 დღე GMGA-ს სერტიფიცირებულ ადგილობრივ სამთო გიდთან (ინგლისურ და/ან რუსულენოვანი)</p>\n\n<p>ტრანსპორტირება სტეფანწმინდის შეხვედრის პუნქტიდან საცოც ადგილამდე და უკან (შესაძლებელია ტრანსფერი თბილისიდან და უკან)</p>\n\n<p>ყინულის ცოცვის ჯგუფის აღჭურვილობა</p>\n\n<h2>ფასი <strong>არ</strong> შეიცავს</h2>\n\n<p>განთავსება (შესაძლებელია სასტუმროს დაჯავშნაც, გთხოვთ დაგვიკავშირდეთ)</p>\n\n<p>კვება</p>\n\n<p>აღჭურვილობის გაქირავების საფასური</p>\n\n<p>პირადი ტანსაცმელი და აღჭურვილობა</p>\n\n<p>დაზღვევა</p>\n', '4 დღე ', NULL, NULL, '2025-12-14 17:15:29'),
(34, 'us', 'Ice Climbing Tour Georgia', '<p>4 Day ice climbing tour in Gveliti icefall</p>\n', '<h2>Day 1</h2>\n\n<p>Transfer from Tbilisi to Stepantsminda or meet your guide at the meetup location in Stepantsminda the night before the actyvity starts, where you will have a brief introduction and the guide will check all your gear. If you dont have some stuff, it will by renting in local rental company.</p>\n\n<h2>Day 2 - 3</h2>\n\n<p>At early morning, we will drive to Darial Valley, which is about 20 minutes from the hotel. From car parking will take us 20 minutes trekking through a trail. Your guide will instruct you on learning the basic ice climbing techniques and ensuring you know how to use all the technical equipment.&nbsp;&nbsp;</p>\n\n<h2>Day 4</h2>\n\n<p>After morning climbing sesion we will back in Stepantsminda and after in Tbilisi</p>\n\n<h2>Pricing Options</h2>\n\n<table border=\"1\" cellpadding=\"1\" cellspacing=\"1\" style=\"width:100%\">\n	<tbody>\n		<tr>\n			<td>Group of 1</td>\n			<td>&nbsp;550&nbsp;EUR per person</td>\n		</tr>\n		<tr>\n			<td>Group of 2</td>\n			<td>&nbsp;350&nbsp;EUR per person</td>\n		</tr>\n		<tr>\n			<td>Group of 3</td>\n			<td>&nbsp;250&nbsp;EUR per person</td>\n		</tr>\n		<tr>\n			<td>Group of 4</td>\n			<td>&nbsp;200&nbsp;EUR per person</td>\n		</tr>\n	</tbody>\n</table>\n\n<h2>Price Includes</h2>\n\n<p>3 days with GMGA certified local mountain guide (English and/or Russian speaking)</p>\n\n<p>Transportation from Stepanstminda meeting point to Ice Climbing site and back (Poseble make transfer from tbilisi and back)</p>\n\n<p>Ice Climbing Group Equipment</p>\n\n<h2>Price Excludes</h2>\n\n<p>Accommodation (can be arranged, please contact us)</p>\n\n<p>Meals</p>\n\n<p>Equipment rental fees</p>\n\n<p>Personal clothing and gear</p>\n\n<p>Travel insurance</p>\n', '4 days ', NULL, NULL, '2025-12-14 17:15:29'),
(35, 'ka', 'ყინულზე ცოცვა ბიისში', '<p>3 დღიანი ცოცვის ტური ბიისში (ათენის ხეობაში)</p>\n', '<h2>დღე 1</h2>\n\n<p>შევხვდებით თბილისში სადაც გიდი შეამოწმებს თქვენ აღჭურვილობას და თუ საჭიროა მას ვიქირავებთ ადგილობრივ გაქირავების კომპანიაში. შემდეგ გავემართებით ატენისკენ.</p>\n\n<h2>დღე 2 - 3</h2>\n\n<p>დილით ადრე გავემგზავრებით ატენის ხეობაში. ავტოსადგომიდან 20 წუთი დაგვჭირდება ბილიკზე სიარული. თქვენი გიდი გასწავლით ყინულზე ცოცვის ძირითადი ტექნიკის და დარწმუნდება, რომ იცით, როგორ გამოიყენოთ ყველა ტექნიკური აღჭურვილობა.</p>\n\n<h2>დღე 4</h2>\n\n<p>დილის ცოცვის სეანსის შემდეგ დავბრუნდებით სტეფანწმინდაში, შემდეგ კი თბილისში</p>\n\n<h2>ფასების პარამეტრები</h2>\n\n<table border=\"1\" cellpadding=\"1\" cellspacing=\"1\" style=\"width:100%\">\n	<tbody>\n		<tr>\n			<td>1 კაციანი ჯგუფი</td>\n			<td>&nbsp;500&nbsp;EUR - 1 ადამიანი</td>\n		</tr>\n		<tr>\n			<td>2 კაციანი ჯგუფი</td>\n			<td>&nbsp;300&nbsp;EUR - 2&nbsp;ადამიანი</td>\n		</tr>\n		<tr>\n			<td>3 კაციანი ჯგუფი</td>\n			<td>&nbsp;200&nbsp;EUR - 3&nbsp;ადამიანი</td>\n		</tr>\n		<tr>\n			<td>4 კაციანი ჯგუფი</td>\n			<td>&nbsp;150&nbsp;EUR - 4&nbsp;ადამიანი</td>\n		</tr>\n	</tbody>\n</table>\n\n<h2>ფასში შედის</h2>\n\n<p>4 დღე GMGA-ს სერტიფიცირებულ ადგილობრივ სამთო გიდთან (ინგლისურ და/ან რუსულენოვანი)</p>\n\n<p>ტრანსპორტირება თბილისიდან საცოც ადგილამდე და უკან</p>\n\n<p>ყინულის ცოცვის ჯგუფის აღჭურვილობა</p>\n\n<h2>ფასი <strong>არ</strong> შეიცავს</h2>\n\n<p>განთავსება (შესაძლებელია სასტუმროს დაჯავშნაც, გთხოვთ დაგვიკავშირდეთ)</p>\n\n<p>კვება</p>\n\n<p>აღჭურვილობის გაქირავების საფასური</p>\n\n<p>პირადი ტანსაცმელი და აღჭურვილობა</p>\n\n<p>დაზღვევა</p>\n', NULL, NULL, NULL, '2024-12-26 04:30:40'),
(36, 'us', 'Ice climbing tour in Biisi (Ateni)', '<p>3 Day ice climbing tour in Biisi (Ateni Valley)</p>\n', '<h2>Day 1</h2>\n\n<p>Meet your guide in Tbilisi&nbsp;will check all your gear. If you dont have some stuff, it will by renting in local rental company.&nbsp;Transfer from Tbilisi to Ateni.</p>\n\n<h2>Day 2</h2>\n\n<p>At early morning, we will drive from hotel to Ateni valley. From car parking will take us 20 minutes trekking through a trail. Your guide will instruct you on learning the basic ice climbing techniques and ensuring you know how to use all the technical equipment.&nbsp;&nbsp;</p>\n\n<h2>Day 3</h2>\n\n<p>After morning climbing sesion we will back in the Tbilisi</p>\n\n<h2>Pricing Options</h2>\n\n<table border=\"1\" cellpadding=\"1\" cellspacing=\"1\" style=\"width:100%\">\n	<tbody>\n		<tr>\n			<td>Group of 1</td>\n			<td>&nbsp;500&nbsp;EUR per person</td>\n		</tr>\n		<tr>\n			<td>Group of 2</td>\n			<td>&nbsp;300&nbsp;EUR per person</td>\n		</tr>\n		<tr>\n			<td>Group of 3</td>\n			<td>&nbsp;200&nbsp;EUR per person</td>\n		</tr>\n		<tr>\n			<td>Group of 4</td>\n			<td>&nbsp;150&nbsp;EUR per person</td>\n		</tr>\n	</tbody>\n</table>\n\n<h2>Price Includes</h2>\n\n<p>3 days with GMGA certified local mountain guide (English and/or Russian speaking)</p>\n\n<p>Transportation from Tbilisi meeting point to Ice Climbing site and back</p>\n\n<p>Ice Climbing Group Equipment</p>\n\n<h2>Price <strong>Excludes</strong></h2>\n\n<p>Accommodation (can be arranged, please contact us)</p>\n\n<p>Meals</p>\n\n<p>Equipment rental fees</p>\n\n<p>Personal clothing and gear</p>\n\n<p>Travel insurance</p>\n', NULL, NULL, NULL, '2024-12-26 04:30:40'),
(37, 'ka', 'ჭაუხის ალპინისტური ტური', '<p>.</p>\n', '<p>ჭაუხი არის კლდოვანი მასივი ჩრდილოეთ საქართველოში, მცხეთა - მთიანეთის მხარეში, დუშეთისა და ყაზბეგის მუნიციპალიტეტების საზღვარზე. მდებარეობს თუშეთ-ხევსურეთის კავკასიონის ჩრდილოეთ ნაწილში. მაქსიმალური სიმაღლე 3745მ.</p>\n\n<p>რეგიონში არის ყველა სირთულის მარშრუტი (E &ndash; D), რაც ყველა დონის ალპინისტს აძლევს შეარჩიოს თავისთვის სასურველი მარშრუტი.</p>\n', NULL, NULL, NULL, '2024-05-06 14:42:03'),
(38, 'us', 'Chaukhi mountain climbing tour', '<p>.</p>\n', '<p>Chaukhi is a rocky massif located in the northeastern part of Georgia, in the area of Mtskheta-Mtianeti, on the border of Dusheti and Kazbegi municipalities. It is situated in the northern section of the Tusheti-Khevsureti Caucasus range. The maximum elevation is 3,745 meters.</p>\n\n<p>Within the region, there is a route for all difficulty levels (from E to D), which allows alpinists of every skill level to choose their desired route.</p>\n', NULL, NULL, NULL, '2024-05-06 14:42:03'),
(39, 'ka', 'მწვერვალ ყაზბეგზე ასვლა', '<p>.</p>\n', '<p>.</p>\n', NULL, NULL, NULL, NULL),
(40, 'us', 'Ascent On Mount Kazbegi', '<p>.</p>\n', '<p>Day 1) Transfer from the Tbilisi to Stepantsminda staying 1 night in Stepantsminda and we check peoples gear and if someone need some gear we will rent it on local rent company.&nbsp;&nbsp;</p>\n\n<p>&nbsp;</p>\n\n<p>Day 2) Start hiking from Stepantsminda to &quot;Betlemi hut&quot;. (It is hard to make a reservation on &quot;Betlemi hat&quot; because there is not a normal reservation system. If some rooms will be free it is possible to stay inside. In other case need to stay in a tent.)&nbsp;</p>\n\n<p>&nbsp;</p>\n\n<p>Day 3) Next day we make little hike for acclimatization from the hut to the small church. It is a standard acclimatization workout.</p>\n\n<p>&nbsp;</p>\n\n<p>Day 4) On this night we start ascent to mount.</p>\n\n<p>&nbsp;</p>\n\n<p>Day 5) Reserve day in case of inclement weather.</p>\n\n<p>&nbsp;</p>\n\n<p>Day 6) We pack up the camp, hike down to the Gergeti Trinity Church, and take a private car transfer to Stepantsminda and Tbilisi.</p>\n', NULL, NULL, NULL, '2024-12-29 00:22:41'),
(41, 'ka', 'ყინულზე ცოცვა გველეთში', '<p>ყინულზე ცოცვის ტური გველეთში</p>\n', '<p>გველეთის ჩანჩქერები ზაფხულის განმავლობაში ერთ-ერთ ულამაზეს ჩანჩქერად ითვლება, მაგრამ ზამთარში გაყინულ მდგომარეობაში ის სხვა სილამაზეს იძენს. იგი საუკეთესო ყინულზე საცოც ადგილად ითვლება ყაზბეგში.</p>\n\n<p>გაეცანით და ისიამოვნეთ ამ ამაღელვებელი სპორტით ჩვენს დამწყებთათვის ყინულზე ცოცვის სასწავლო კურსზე გველეთის ჩანჩქერზე.</p>\n\n<p>გამოსცადეთ თქვენი ძალები ყინულზე ცოცვის საბაზისო კურსზე, თქვენ შეძლებთ ეფექტურად გამოიყენოთ თოკზე ცოცვის სისტემა და გაიგოთ როგორ უნდა გამოიყენოთ ყინულის ცოცვის აღჭურვილობა.</p>\n\n<p>პერსონალიზებული ინსტრუქცია ამ კურსში დაგეხმარებათ განავითაროთ ყინულზე ცოცვის ტექნიკა ჩვენი პროფესიონალი გამოცდილი გიდების მიერ.</p>\n\n<p>&nbsp;</p>\n\n<p><strong>არის ყინულის ცოცვა თქვენთვის?</strong></p>\n\n<p>ჩვენი ყინულზე ცოცვის კურსი განკუთვნილია სრულიად დამწყებთათვის. ყინულზე ცოცვა თქვენთვის შეიძლება გახდეს დაძლეულ გამოწვევად და განსხვავებულ გამოცდილებად.</p>\n\n<p>ჩვენი ინსტრუქტორები გასწავლიან სწორ ტექნიკურ ხრიკებს, იმისთვის რომ თწვენ უფრო ეფექტურად გამოიყენით თქვენი ძალები და შეძლებისდაგვარად ნაკლებად დაიღალოთ.</p>\n\n<p>ყინულზე ასვლის მარშრუტები მაქსიმალურად იქნება მორგებული თქვენს შესაძლებლობებსა და ძალაზე. ფიტნესის მაღალი დონე ხელს შეუწყობს სიამოვნებას და მიღწევას, თუმცა, თქვენ არ გჭირდებათ წინა გამოცდილება.</p>\n\n<p><strong>ყინულზე ასვლის ადგილი:</strong><br />\nგველეთის ჩანჩქერები (სტეფანწმინდიდან 15 წთ. მანქანით სავალზე).</p>\n\n<p><strong>შეხვედრის ადგილი:</strong><br />\nRooms სასტუმრო ყაზბეგი</p>\n\n<p><strong>ღირებულება: $200 პერსონაზე</strong></p>\n\n<p>აქტივობის ხანგრძლივობა: 5-6 სთ</p>\n\n<p>მარტივი ლაშქრობა გაყინულ ჩანჩქერამდე: 30 წთ</p>\n\n<p><strong>რა იქნება უზრუნველყოფილი:</strong><br />\n- ტრანსპორტირება სტეფანწმინდიდან ჩანჩქერებამდე<br />\n- ჩაფხუტი<br />\n- წრიაპი<br />\n- წერაყინი<br />\n- ზედა დაცვით დაზღვევა<br />\n- პროფესიული ინსტრუქციები<br />\n- სხვა აუცილებელი აღჭურვილოვა<br />\n- ცხელი ჩაი და ნამცხვრები</p>\n\n<p><strong>ნივთები, რომლებიც უნდა მოიტანოთ:</strong><br />\n- ზამთრის თბილი ტანსაცმელი<br />\n- სამთო ან სათხილამურო ჩექმები<br />\n- თბილი ქუდი<br />\n- სალაშქრო ფეხსაცმელი პარკინგიდან ჩანჩქერამდე მისასვლელად (სასურველია აუცილებელი არაა)<br />\n- წყალი და პირადი საჭმლის<br />\n- სათხილამურო ხელთათმანები</p>\n\n<p><strong>1 დღის პროგრამა</strong><br />\n* მგაგეცნობით და გაგაცნობთ დღის გეგმას<br />\n* შეგიმოწმებთ აღჭურვილობას&nbsp;<br />\n* უსაფრთხოების პროცედურების განხილვა და საფრთხის შესახებ ინფორმირებულობა<br />\n* ძირითადი ყინულის მოძრაობა &ndash; როგორ გამოვიყენოთ წრიაპი უსაფრთხო გარემოში მიწიდან რამდენიმე მეწტის დაშორებით &ndash; აუცილებელია თავდაჯერებულობისთვის!<br />\n* წერაყინების სწორად გამოყენება<br />\n* ზედა დაცვით ცოცვა და დამზღვევთან კომუნიცირება<br />\n* დაშვება</p>\n\n<p><strong>არ შედის:</strong><br />\n* თქვენი ტრანსპორტირება ყაზბეგში და განთავსება წინა ღამით.</p>\n\n<p>&nbsp;</p>\n\n<div data-oembed-url=\"https://youtu.be/_wUtCO6z1Xo?si=phB0hhB7wqRFzEFo\">\n<div>\n<div style=\"left: 0; width: 100%; height: 0; position: relative; padding-bottom: 56.25%;\"><iframe allow=\"accelerometer *; clipboard-write *; encrypted-media *; gyroscope *; picture-in-picture *; web-share *;\" allowfullscreen=\"\" scrolling=\"no\" src=\"//if-cdn.com/EOUnCdg\" style=\"top: 0; left: 0; width: 100%; height: 100%; position: absolute; border: 0;\" tabindex=\"-1\"></iframe></div>\n</div>\n</div>\n\n<p>&nbsp;</p>\n', '1 დღე', 'გველეთი სტეფანწმინდა', NULL, '2025-01-05 19:36:18'),
(42, 'us', 'Ice Climbing Tour In Gveleti', '<p>Ice Climibng Tour In Gveleti</p>\n', '<p>Gveleti Waterfalls is &nbsp;considered one of the prettiest waterfalls during the summer but it takes on a different Beauty during its frozen state in winter. Considered &nbsp;to be the best ice climbing in Kazbegi &nbsp;&ndash; come find out why.&nbsp;</p>\n\n<p>Experience and enjoy this exhilarating sport on our Beginner Ice climbing training course in the in Gveleti Waterfalls.&nbsp;</p>\n\n<p>An effecient base of skills will be developed on the ice climbing basics course, so you will be able to use the top rope belay system efficiently and understand the use of personal Ice climbing equipment.&nbsp;</p>\n\n<p>Personalized instruction in this course will help you to develop your ice climbing technique by our professional experienced Guides.&nbsp;</p>\n\n<p><strong>Is Ice Climbing for you?</strong></p>\n\n<p>Our ice climbing course is suitable for total beginners, rock climbers and general mountaineers. Ice climbing can be a strenuous activity but exhilirating experience.<br />\n&nbsp;<br />\nOur instruction will emphasize the development of the technique to reduce the need for brute strength.&nbsp;</p>\n\n<p>The Ice climbing routes will be tailored to your ability and strength as much as possible. A high level of fitness will contribute to enjoyment and achievement however, you do not need previous experience.&nbsp;</p>\n\n<p><strong>ICE CLIMBING LOCATION:</strong><br />\nGveleti Waterfalls, &nbsp;15mins from Stepantsminda.&nbsp;</p>\n\n<p><strong>MEETING POINT :</strong><br />\nRooms Hotel Kazbegi</p>\n\n<p>COST: $200 per Person</p>\n\n<p><strong>ACTIVITY DURATION : 5-6hrs</strong></p>\n\n<p><strong>EASY HIKE TO THE FROZEN FALLS: 30mins</strong></p>\n\n<p><strong>WHAT THAT WILL BE PROVIDED:</strong><br />\n- Helmet<br />\n- Harness<br />\n- Crampons<br />\n- Ice Axes<br />\n- Top Rope set up<br />\n- Professional Guidance and instructions<br />\n- Hot Tea and Cookies<br />\n- Transportation from Stepantsminda to the Waterfalls</p>\n\n<p><strong>ITEMS YOU NEED TO BRING:</strong><br />\n- Warm winter clothing<br />\n- Heavy Waterproof boots or Ski Boots<br />\n- Winter Beanie<br />\n- Hiking shoes for approach<br />\n- Water and personal snacks<br />\n- Ski Gloves&nbsp;</p>\n\n<p><strong>NOT INCLUDED:&nbsp;</strong><br />\nYour transportation to Kazbegi and Accomodation the night before.&nbsp;</p>\n\n<p>1 DAY ITINERARY<br />\n* Welcome, introduction, goals and agenda<br />\n* Check gear and adjust crampons<br />\n* Discussion of safety procedures and hazard awareness<br />\n* Knots and harnesses<br />\n* Basic Ice&nbsp;Movement &ndash; how to use crampons in a controlled&nbsp;environment a few feet off the ground &ndash; essential for confidence!<br />\n* Proper use of Ice Axes<br />\n* Top rope belays and climbing communication<br />\n* * Lowering&nbsp;<br />\n* General Ice climbing techniques for efficient movement<br />\n* Top rope climbs</p>\n\n<p>&nbsp;</p>\n\n<div data-oembed-url=\"https://youtu.be/_wUtCO6z1Xo?si=phB0hhB7wqRFzEFo\">\n<div>\n<div style=\"left: 0; width: 100%; height: 0; position: relative; padding-bottom: 56.25%;\"><iframe allow=\"accelerometer *; clipboard-write *; encrypted-media *; gyroscope *; picture-in-picture *; web-share *;\" allowfullscreen=\"\" scrolling=\"no\" src=\"//if-cdn.com/EOUnCdg\" style=\"top: 0; left: 0; width: 100%; height: 100%; position: absolute; border: 0;\" tabindex=\"-1\"></iframe></div>\n</div>\n</div>\n\n<p>&nbsp;</p>\n', '1 Day', 'Gveleti (Stepantsminda)', NULL, '2025-01-05 19:36:18'),
(43, 'ka', 'ვია ფერატის ტური საქართველოში', '<p>.</p>\n', '<p>.</p>\n', NULL, NULL, NULL, NULL),
(44, 'us', 'Via-ferrata tour in Georgia', '<p>.</p>\n', '<p>.</p>\n', NULL, NULL, NULL, NULL),
(45, 'ka', 'ვია ფერატის ტური საქართველოში', '<p>.</p>\n', '<p>.</p>\n', '.', '.', NULL, NULL),
(46, 'us', 'Via-ferrata tour in Georgia', '<p>.</p>\n', '<p>.</p>\n', '.', '.', NULL, NULL),
(47, 'ka', 'ვია-ფერატის ტური საქართველოში', '<p>.</p>\n', '<p>.</p>\n', NULL, NULL, NULL, NULL),
(48, 'us', 'Via-ferrata In Georgia', '<p>.</p>\n', '<p>.</p>\n', NULL, NULL, NULL, NULL),
(49, 'ka', 'ვია-ფერატის ტური საქართველოში', '<p>.</p>\n', '<p>.</p>\n', NULL, NULL, NULL, NULL),
(50, 'us', 'Via-ferrata In Tour Georgia', '<p>.</p>\n', '<p>.</p>\n', NULL, NULL, NULL, NULL),
(51, 'ka', 'ვია-ფერატის ტური საქართველოში', '<p>.</p>\n', '<p>.</p>\n', NULL, NULL, NULL, NULL),
(52, 'us', 'Via-ferrata In Tour Georgia', '<p>.</p>\n', '<p>.</p>\n', NULL, NULL, NULL, NULL),
(53, 'ka', 'ვია-ფერატის ტური საქართველოში', '<p>.</p>\n', '<p>.</p>\n', NULL, NULL, NULL, NULL),
(54, 'ka', 'ვია-ფერატის ტური საქართველოში', '<p>.</p>\n', '<p>.</p>\n', NULL, NULL, NULL, NULL),
(55, 'us', 'Via-ferrata In Tour Georgia', '<p>.</p>\n', '<p>.</p>\n', NULL, NULL, NULL, NULL),
(56, 'us', 'Via-ferrata In Tour Georgia', '<p>.</p>\n', '<p>.</p>\n', NULL, NULL, NULL, NULL),
(57, 'ka', 'ვია-ფერატის ტური საქართველოში', '<p>.</p>\n', '<p>.</p>\n', NULL, NULL, NULL, NULL),
(58, 'us', 'Via-ferrata In Tour Georgia', '<p>.</p>\n', '<p>.</p>\n', NULL, NULL, NULL, NULL),
(59, 'ka', 'ვია-ფერატას ტური საქართველოში', '<p>.</p>\n', '<p>.</p>\n', NULL, NULL, NULL, NULL),
(60, 'us', 'Via-ferrata In Georgia', '<p>.</p>\n', '<p>.</p>\n', NULL, NULL, NULL, NULL),
(61, 'ka', 'ვია-ფერატის ტური საქართველოში', '<p>.</p>\n', '<p>.</p>\n', NULL, NULL, NULL, NULL),
(62, 'us', 'Via-ferrata Tour In Georgia', '<p>.</p>\n', '<p>.</p>\n', NULL, NULL, NULL, NULL),
(63, 'ka', 'test', '<p>test</p>\n', '<p>test</p>\n', NULL, NULL, NULL, NULL),
(64, 'us', 'test', '<p>test</p>\n', '<p>test</p>\n', NULL, NULL, NULL, NULL),
(65, 'ka', 'მყინვარწვერზე ასვლის ტური', '<p>.</p>\n', '<p>Day 1) Transfer from the Tbilisi to Stepantsminda staying 1 night in Stepantsminda and we check peoples gear and if someone need some gear we will rent it on local rent company.&nbsp; Day 2) Start hiking from Stepantsminda to &quot;Betlemi hut&quot;. (It is hard to make a reservation on &quot;Betlemi hat&quot; because there is not a normal reservation system. If some rooms will be free it is possible to stay inside. In other case need to stay in a tent.) Day 3) Next day we make little hike for acclimatization from the hut to the sm</p>\n', '6 დღე ', '.', NULL, NULL),
(66, 'us', 'Myinvartsveri ascent toure', '<p>.</p>\n', '<p>Day 1) Transfer from the Tbilisi to Stepantsminda staying 1 night in Stepantsminda and we check peoples gear and if someone need some gear we will rent it on local rent company. Day 2) Start hiking from Stepantsminda to &quot;Betlemi hut&quot;. (It is hard to make a reservation on &quot;Betlemi hat&quot; because there is not a normal reservation system. If some rooms will be free it is possible to stay inside. In other case need to stay in a tent.) Day 3) Next day we make little hike for acclimatization from the hut to the sm</p>\n', '6 Days ', '.', NULL, NULL);

-- --------------------------------------------------------

--
-- Table structure for table `migrations`
--

CREATE TABLE `migrations` (
  `id` int UNSIGNED NOT NULL,
  `migration` varchar(191) CHARACTER SET utf8mb4 COLLATE utf8mb4_unicode_ci NOT NULL,
  `batch` int NOT NULL
) ENGINE=InnoDB DEFAULT CHARSET=utf8mb4 COLLATE=utf8mb4_unicode_ci;

--
-- Dumping data for table `migrations`
--

INSERT INTO `migrations` (`id`, `migration`, `batch`) VALUES
(1, '2014_10_12_000000_create_users_table', 1),
(2, '2014_10_12_100000_create_password_resets_table', 1),
(3, '2019_03_16_172210_create_roles_table', 1),
(4, '2019_08_19_000000_create_failed_jobs_table', 1),
(5, '2019_12_14_000001_create_personal_access_tokens_table', 1),
(6, '2021_02_20_205157_create_locale_articles_table', 1),
(7, '2021_02_20_205753_create_locale_products_table', 1),
(8, '2021_03_18_103449_create_locale_services_table', 1),
(9, '2021_06_09_191117_create_locale_mounts_table', 1),
(10, '2021_12_03_055844_create_user_adreses_table', 1),
(11, '2022_05_08_195936_create_permissions_table', 1),
(12, '2022_05_08_200222_create_user_permissions_table', 1),
(13, '2022_05_08_205050_create_general_infos_table', 1),
(14, '2022_05_08_205234_create_user_bans_table', 1),
(15, '2022_05_08_205305_create_user_complaints_table', 1),
(16, '2022_05_08_205322_create_user_followers_table', 1),
(17, '2022_05_08_205334_create_user_sites_table', 1),
(18, '2022_05_10_162810_create_service_followers_table', 1),
(19, '2022_05_10_163002_create_regions_table', 1),
(20, '2022_05_10_163156_create_topics_table', 1),
(21, '2022_05_10_183058_create_mounts_table', 1),
(22, '2022_05_10_183208_create_services_table', 1),
(23, '2022_05_11_130859_create_product_categories_table', 1),
(24, '2022_05_11_130860_create_products_table', 1),
(25, '2022_05_11_130861_create_favorite_products_table', 1),
(26, '2022_05_11_130862_create_product_options_table', 1),
(27, '2022_05_11_130869_create_orders_table', 1),
(28, '2022_05_11_130870_create_order_products_table', 1),
(29, '2022_05_11_130873_create_service_images_table', 1),
(30, '2022_05_11_130879_create_articles_table', 1),
(31, '2022_05_11_130886_create_sectors_table', 1),
(32, '2022_05_11_130887_create_sector_images_table', 1),
(33, '2022_05_11_130888_create_article_comments_table', 1),
(34, '2022_05_11_130892_create_mount_route_images_table', 1),
(35, '2022_05_11_130893_create_spot_rocks_images_table', 1),
(36, '2022_05_11_130895_create_option_images_table', 1),
(37, '2022_05_11_130896_create_mtps_table', 1),
(38, '2022_05_11_130897_create_routes_table', 1),
(39, '2022_05_11_130898_create_carts_table', 1),
(40, '2022_05_11_130902_create_mtp_pitchs_table', 1),
(41, '2022_05_28_191905_create_user_requests_table', 1),
(42, '2022_05_28_191906_create_forum_posts_table', 1),
(43, '2022_05_28_191907_create_post_comments_table', 1),
(44, '2022_05_28_191908_create_post_likes_table', 1),
(45, '2022_05_28_191909_create_post_complaints_table', 1),
(46, '2022_10_09_093853_create_film_tags_table', 1),
(47, '2022_10_11_205856_create_locale_films_table', 1),
(48, '2022_10_12_144640_create_favorite_outdoor_areas_table', 1),
(49, '2022_11_02_111052_create_user_notifications_table', 1),
(50, '2022_11_05_124442_create_article_comment_complaints_table', 1),
(51, '2022_11_05_135011_create_article_comment_queries_table', 1),
(52, '2022_11_07_102000_create_shiped_countries_table', 1),
(53, '2022_11_08_192600_create_article_comment_user_table', 1),
(54, '2022_11_08_192601_create_general_info_article_table', 1),
(55, '2022_11_08_192602_create_gallery_categories_table', 1),
(56, '2022_11_08_192603_create_gallery_images_table', 1),
(57, '2022_11_08_211614_create_article_mount_table', 1),
(58, '2022_11_08_211633_create_article_region_table', 1),
(59, '2022_11_08_213857_create_product_comments_table', 1),
(60, '2022_11_12_182438_create_sale_codes_table', 1),
(61, '2022_11_17_130210_create_film_categories_table', 1),
(62, '2022_11_21_195322_create_sector_local_images_table', 1),
(63, '2022_11_21_195414_create_sector_local_image_sector_table', 1),
(64, '2022_11_21_195815_create_locale_events_table', 1),
(65, '2022_11_21_195816_create_events_table', 1),
(66, '2022_11_28_105442_create_gallery_image_article_table', 1),
(67, '2022_12_02_112640_create_locale_bisneses_table', 1),
(68, '2022_12_02_112718_create_suport_local_bisneses_table', 1),
(69, '2022_12_02_112727_create_suport_local_bisnes_images_table', 1),
(70, '2022_12_03_092756_create_locale_sites_table', 1),
(71, '2022_12_03_092757_create_sites_table', 1),
(72, '2022_12_10_135007_create_site_social_links_table', 1),
(73, '2022_12_10_135008_create_films_table', 1),
(74, '2022_12_10_135009_create_user_role_table', 1),
(75, '2022_12_10_135010_create_role_permissions_table', 1),
(76, '2022_12_10_135011_create_interested_events_table', 1),
(77, '2022_12_10_135012_create_film_files_table', 1),
(78, '2022_12_10_135013_create_favorite_films_table', 1),
(79, '2022_12_10_135014_create_film_reitings_table', 1),
(80, '2023_02_12_205545_create_jobs_table', 1),
(81, '2023_02_24_214620_create_social_accounts_table', 1),
(82, '2023_03_03_160946_create_order_statuses_table', 1),
(83, '2023_04_15_012534_create_general_info_event_table', 1),
(84, '2023_04_15_013205_create_article_other_urls_table', 1),
(85, '2023_07_28_013943_create_ice_sectors_table', 2),
(86, '2023_07_28_014055_create_ice_routes_table', 2),
(87, '2023_07_28_162331_create_ice_sector_images_table', 2),
(88, '2023_12_05_230407_create_sport_route_reviews_table', 3),
(90, '2023_12_08_123449_create_locale_tours_table', 3),
(93, '2023_12_13_224736_create_store_slides_table', 3),
(94, '2023_12_24_112703_create_sport_route_review_user_table', 4),
(97, '2024_01_26_003850_create_task_categories_table', 6),
(98, '2024_01_26_003851_create_tasks_table', 7),
(101, '2024_02_19_152733_create_product_feedback_user_table', 8),
(102, '2024_02_22_001059_create_non_registered_commenters_table', 8),
(103, '2024_02_23_235115_create_article_comment_answers_table', 8),
(104, '2024_02_28_072436_create_article_images_table', 8),
(105, '2024_02_28_072436_create_header_images_table', 8),
(106, '2023_12_08_123448_create_tour_categories_table', 9),
(107, '2024_03_03_171618_create_tours_table', 10),
(108, '2024_03_03_171619_create_tour_reservations_table', 10),
(109, '2024_03_03_171620_create_tour_images_table', 10),
(110, '2024_03_11_142445_create_user_tours_table', 10),
(111, '2024_03_11_142457_create_user_products_table', 10),
(112, '2024_03_13_212406_create_suport_local_bisnes_articles_table', 10),
(113, '2024_03_16_171539_create_tour_reservations_users_table', 10),
(114, '2024_07_21_112546_rename_shiped_regions_to_shiped_countries_table', 11),
(115, '2024_07_21_114000_change_column_coutry_to_region_to_shiped_regions_table', 11),
(116, '2024_07_21_155059_change_column_coutry_id_on_region_id_to_user_adreses_table', 11),
(117, '2024_07_22_121743_delete_sport_route_review_user_table', 12),
(118, '2024_07_22_124233_delete_product_feedback_user_table', 12),
(119, '2024_07_22_124234_create_row_to_product_feedbacks_table', 12),
(120, '2024_07_22_124235_create_row_to_sport_route_reviews_table', 13),
(121, '2024_07_22_124234_create_product_feedbacks_table', 14),
(122, '2024_07_22_124235_create_product_feedback_complaints_table', 14),
(123, '2024_11_22_225221_create_locale_brands_table', 14),
(124, '2024_11_22_225222_create_brands_table', 14),
(125, '2024_11_22_225223_add_brands_id_to_prodsuct_table', 14),
(126, '2024_11_23_001425_create_user_product_feedbacks_table', 14),
(127, '2024_12_02_145313_create_product_subcategories_table', 14),
(128, '2024_12_02_152135_change_column_category_id_to_subcategory_id_on_products_table', 14),
(129, '2024_12_02_201540_rename_brands_to_product_brands_table', 14),
(130, '2024_12_30_220808_delete_column_location_and_duration_on_tours_table', 15),
(131, '2024_12_30_220859_add_column_location_and_duration_on_locale_tours_table', 15),
(132, '2024_12_30_224755_change_column_reservatione_id_to_reservation_id_on_tour_reservations_users_table', 15),
(168, '2024_12_29_214928_create_climbing_routes_jsons_table', 16),
(169, '2025_01_14_011524_create_sector_local_images_jsons_table', 16),
(170, '2025_01_14_011952_create_sector_local_images_json_sectors_table', 16),
(171, '2025_01_14_151250_delete_ice_routes_table', 16),
(172, '2025_01_14_151251_delete_ice_sector_images_table', 16),
(173, '2025_01_14_151252_delete_ice_sectors_table', 16),
(174, '2025_01_16_203228_update_order_table', 16),
(175, '2025_01_17_025743_update_order_products_table', 16),
(176, '2025_03_11_000215_create_warehouses_table', 16),
(177, '2025_03_11_231359_create_warehouses_product_options_table', 16),
(178, '2025_06_22_144232_add_columns_on_users_table', 16),
(179, '2025_09_06_173904_create_live_cameras_table', 16),
(180, '2025_09_11_145435_delete_post_likes_table', 16),
(181, '2025_09_11_145436_delete_post_complaints_table', 16),
(182, '2025_09_11_145437_delete_post_comments_table', 16),
(183, '2025_09_11_145438_delete_from_posts_table', 16),
(184, '2025_09_11_145439_delete_topics_table', 16),
(185, '2025_09_11_145837_create_locale_posts_table', 16),
(186, '2025_09_11_145838_create_posts_table', 16),
(187, '2025_09_27_151258_drop_quantity_value_from_product_options_table', 17),
(188, '2025_10_04_132502_create_user_adrese_order_table', 17),
(189, '2025_10_04_132552_modificate_orders_table', 17),
(190, '2025_10_25_155040_add_columns_on_products_table', 17),
(191, '2025_10_25_155120_create_custom_order_addresses_table', 17),
(192, '2025_10_25_155204_create_custom_order_addresses_order_table', 17),
(193, '2025_10_25_164320_create_orders_user_table', 17),
(194, '2025_10_25_173638_modificate_user_notifications_table', 17),
(195, '2025_10_25_190553_modificate_task_table', 17),
(196, '2025_10_25_190625_drop_task_categories_table', 17),
(197, '2025_10_25_190626_create_order_tasks_table', 17),
(198, '2025_10_25_190627_create_product_option_tasks_table', 17),
(199, '2025_10_25_215250_change_products_table', 17),
(200, '2025_10_25_220227_add_column_for_product_options_table', 17),
(201, '2025_10_30_024307_change_sites_table', 17),
(202, '2025_10_30_024308_change_locale_sites_table', 17),
(203, '2025_10_30_123457_add_values_to_sectors_table', 17),
(204, '2025_11_15_120000_add_category_to_suport_local_bisnes_table', 17);

-- --------------------------------------------------------

--
-- Table structure for table `mounts`
--

CREATE TABLE `mounts` (
  `id` bigint UNSIGNED NOT NULL,
  `name` varchar(191) CHARACTER SET utf8mb4 COLLATE utf8mb4_unicode_ci NOT NULL,
  `published` int DEFAULT NULL,
  `map` text CHARACTER SET utf8mb4 COLLATE utf8mb4_unicode_ci,
  `weather` text CHARACTER SET utf8mb4 COLLATE utf8mb4_unicode_ci,
  `image` varchar(191) CHARACTER SET utf8mb4 COLLATE utf8mb4_unicode_ci DEFAULT NULL,
  `us_mount_id` bigint UNSIGNED NOT NULL,
  `ka_mount_id` bigint UNSIGNED NOT NULL,
  `created_at` timestamp NULL DEFAULT NULL,
  `updated_at` timestamp NULL DEFAULT NULL
) ENGINE=InnoDB DEFAULT CHARSET=utf8mb4 COLLATE=utf8mb4_unicode_ci;

--
-- Dumping data for table `mounts`
--

INSERT INTO `mounts` (`id`, `name`, `published`, `map`, `weather`, `image`, `us_mount_id`, `ka_mount_id`, `created_at`, `updated_at`) VALUES
(1, 'Chaukhi', NULL, '<iframe src=\"https://www.google.com/maps/d/embed?mid=19Oi7oeNqluJTwaS366g9pWjxpbzrI3aZ&ehbc=2E312F\" width=\"100%\" height=\"480\"></iframe>', '<iframe src=\"https://www.meteoblue.com/ru/%D0%BF%D0%BE%D0%B3%D0%BE%D0%B4%D0%B0/widget/daily/mt%e2%80%99a-chaukhi-dasavlet%e2%80%99isa_%d0%93%d1%80%d1%83%d0%b7%d0%b8%d1%8f_801217?geoloc=fixed&days=5&tempunit=CELSIUS&windunit=KILOMETER_PER_HOUR&precipunit=MILLIMETER&coloured=coloured&pictoicon=0&pictoicon=1&maxtemperature=0&maxtemperature=1&mintemperature=0&mintemperature=1&windspeed=0&windspeed=1&windgust=0&winddirection=0&winddirection=1&uv=0&humidity=0&precipitation=0&precipitation=1&precipitationprobability=0&precipitationprobability=1&spot=0&pressure=0&layout=light\"  frameborder=\"0\" scrolling=\"NO\" allowtransparency=\"true\" sandbox=\"allow-same-origin allow-scripts allow-popups allow-popups-to-escape-sandbox\" style=\"width: 270px; height: 420px\"></iframe><div><!-- DO NOT REMOVE THIS LINK --><a href=\"https://www.meteoblue.com/ru/%D0%BF%D0%BE%D0%B3%D0%BE%D0%B4%D0%B0/%D0%BD%D0%B5%D0%B4%D0%B5%D0%BB%D1%8F/mt%e2%80%99a-chaukhi-dasavlet%e2%80%99isa_%d0%93%d1%80%d1%83%d0%b7%d0%b8%d1%8f_801217?utm_source=weather_widget&utm_medium=linkus&utm_content=daily&utm_campaign=Weather%2BWidget\" target=\"_blank\" rel=\"noopener\">meteoblue</a></div>', NULL, 9, 7, '2023-04-29 02:45:26', '2023-05-28 20:03:20'),
(2, 'Mkinvartsveri', NULL, '<iframe src=\"https://www.google.com/maps/d/embed?mid=1rFg9EFoZ6ntP91kG50uypyImMh-ljoBU&ehbc=2E312F\" width=\"100%\" height=\"480\"></iframe>', '<iframe src=\"https://www.meteoblue.com/en/weather/widget/daily/mount-kazbek_georgia_551376?geoloc=fixed&days=5&tempunit=FAHRENHEIT&windunit=MILE_PER_HOUR&precipunit=INCH&coloured=coloured&pictoicon=0&pictoicon=1&maxtemperature=0&maxtemperature=1&mintemperature=0&mintemperature=1&windspeed=0&windspeed=1&windgust=0&winddirection=0&winddirection=1&uv=0&humidity=0&precipitation=0&precipitation=1&precipitationprobability=0&precipitationprobability=1&spot=0&spot=1&pressure=0&layout=light\"  frameborder=\"0\" scrolling=\"NO\" allowtransparency=\"true\" sandbox=\"allow-same-origin allow-scripts allow-popups allow-popups-to-escape-sandbox\" style=\"width: 270px; height: 420px\"></iframe><div><!-- DO NOT REMOVE THIS LINK --><a href=\"https://www.meteoblue.com/en/weather/week/mount-kazbek_georgia_551376?utm_source=weather_widget&utm_medium=linkus&utm_content=daily&utm_campaign=Weather%2BWidget\" target=\"_blank\" rel=\"noopener\">meteoblue</a></div>', NULL, 12, 10, '2023-05-02 02:45:32', '2025-07-04 18:55:43'),
(3, 'Tetnuldi', NULL, '<iframe src=\"https://www.google.com/maps/d/embed?mid=1WlJUIc3juXzOY31iIsRle03WhvvCXDU&ehbc=2E312F\" width=\"100%\" height=\"480\"></iframe>', '<iframe src=\"https://www.meteoblue.com/en/weather/widget/daily/mta-tetnuldi_georgia_611679?geoloc=fixed&days=5&tempunit=CELSIUS&windunit=KILOMETER_PER_HOUR&precipunit=MILLIMETER&coloured=coloured&pictoicon=1&maxtemperature=1&mintemperature=1&windspeed=1&windgust=0&winddirection=1&uv=0&humidity=0&precipitation=1&precipitationprobability=1&spot=0&pressure=0&layout=light\"  frameborder=\"0\" scrolling=\"NO\" allowtransparency=\"true\" sandbox=\"allow-same-origin allow-scripts allow-popups allow-popups-to-escape-sandbox\" style=\"width: 270px; height: 420px\"></iframe><div><!-- DO NOT REMOVE THIS LINK --><a href=\"https://www.meteoblue.com/en/weather/week/mta-tetnuldi_georgia_611679?utm_source=daily_widget&utm_medium=linkus&utm_content=daily&utm_campaign=Weather%2BWidget\" target=\"_blank\" rel=\"noopener\">meteoblue</a></div>', NULL, 15, 13, '2024-02-07 22:37:02', '2024-12-23 00:16:55'),
(4, 'South Ushba', NULL, '<iframe src=\"https://www.google.com/maps/d/embed?mid=1oBA-M-Sw0KfjNheaHvpA3sHTj_NzWOA&ehbc=2E312F\" width=\"100%\" height=\"480\"></iframe>', '<iframe src=\"https://www.meteoblue.com/en/weather/widget/daily/ushba_georgia_611259?geoloc=fixed&days=7&tempunit=CELSIUS&windunit=KILOMETER_PER_HOUR&precipunit=MILLIMETER&coloured=coloured&pictoicon=1&maxtemperature=1&mintemperature=1&windspeed=1&windgust=0&winddirection=1&uv=0&humidity=0&precipitation=1&precipitationprobability=1&spot=1&pressure=0&layout=light\"  frameborder=\"0\" scrolling=\"NO\" allowtransparency=\"true\" sandbox=\"allow-same-origin allow-scripts allow-popups allow-popups-to-escape-sandbox\" style=\"width: 378px; height: 420px\"></iframe><div><!-- DO NOT REMOVE THIS LINK --><a href=\"https://www.meteoblue.com/en/weather/week/ushba_georgia_611259?utm_source=daily_widget&utm_medium=linkus&utm_content=daily&utm_campaign=Weather%2BWidget\" target=\"_blank\" rel=\"noopener\">meteoblue</a></div>', NULL, 17, 16, '2024-05-06 14:49:21', '2025-06-02 21:09:27'),
(5, 'North Ushba', NULL, '<iframe src=\"https://www.google.com/maps/d/embed?mid=1oBA-M-Sw0KfjNheaHvpA3sHTj_NzWOA&ehbc=2E312F\" width=\"100%\" height=\"480\"></iframe>', '<iframe src=\"https://www.meteoblue.com/en/weather/widget/daily/ushba_georgia_611259?geoloc=fixed&days=7&tempunit=CELSIUS&windunit=KILOMETER_PER_HOUR&precipunit=MILLIMETER&coloured=coloured&pictoicon=1&maxtemperature=1&mintemperature=1&windspeed=1&windgust=0&winddirection=1&uv=0&humidity=0&precipitation=1&precipitationprobability=1&spot=1&pressure=0&layout=light\"  frameborder=\"0\" scrolling=\"NO\" allowtransparency=\"true\" sandbox=\"allow-same-origin allow-scripts allow-popups allow-popups-to-escape-sandbox\" style=\"width: 378px; height: 420px\"></iframe><div><!-- DO NOT REMOVE THIS LINK --><a href=\"https://www.meteoblue.com/en/weather/week/ushba_georgia_611259?utm_source=daily_widget&utm_medium=linkus&utm_content=daily&utm_campaign=Weather%2BWidget\" target=\"_blank\" rel=\"noopener\">meteoblue</a></div>', NULL, 19, 18, '2024-05-06 14:51:58', '2025-06-02 21:09:19'),
(6, 'Ortsveri', NULL, '<iframe src=\"https://www.google.com/maps/d/embed?mid=152G-hWlXQj__gbUxitt8YrQBOuClvOM&ehbc=2E312F\" width=\"100%\" height=\"480\"></iframe>', '<iframe src=\"https://www.meteoblue.com/en/weather/widget/daily/mount-kazbek_georgia_551376?geoloc=fixed&days=5&tempunit=FAHRENHEIT&windunit=MILE_PER_HOUR&precipunit=INCH&coloured=coloured&pictoicon=0&pictoicon=1&maxtemperature=0&maxtemperature=1&mintemperature=0&mintemperature=1&windspeed=0&windspeed=1&windgust=0&winddirection=0&winddirection=1&uv=0&humidity=0&precipitation=0&precipitation=1&precipitationprobability=0&precipitationprobability=1&spot=0&spot=1&pressure=0&layout=light\"  frameborder=\"0\" scrolling=\"NO\" allowtransparency=\"true\" sandbox=\"allow-same-origin allow-scripts allow-popups allow-popups-to-escape-sandbox\" style=\"width: 270px; height: 420px\"></iframe><div><!-- DO NOT REMOVE THIS LINK --><a href=\"https://www.meteoblue.com/en/weather/week/mount-kazbek_georgia_551376?utm_source=weather_widget&utm_medium=linkus&utm_content=daily&utm_campaign=Weather%2BWidget\" target=\"_blank\" rel=\"noopener\">meteoblue</a></div>', NULL, 21, 20, '2024-12-16 18:08:35', '2024-12-22 20:13:45'),
(7, 'Skhara', NULL, '<iframe src=\"https://www.google.com/maps/embed?pb=!1m18!1m12!1m3!1d28790.705607472784!2d43.08246604835658!3d42.971019728096095!2m3!1f0!2f0!3f0!3m2!1i1024!2i768!4f13.1!3m3!1m2!1s0x405bca2377155529%3A0xa07edc1865b63cef!2sShkhara!5e0!3m2!1sen!2sge!4v1748805823322!5m2!1sen!2sge\" width=\"100%\" height=\"450\" style=\"border:0;\" allowfullscreen=\"\" loading=\"lazy\" referrerpolicy=\"no-referrer-when-downgrade\"></iframe>', '<iframe src=\"https://www.meteoblue.com/en/weather/widget/daily/mount-kazbek_georgia_551376?geoloc=fixed&days=5&tempunit=FAHRENHEIT&windunit=MILE_PER_HOUR&precipunit=INCH&coloured=coloured&pictoicon=0&pictoicon=1&maxtemperature=0&maxtemperature=1&mintemperature=0&mintemperature=1&windspeed=0&windspeed=1&windgust=0&winddirection=0&winddirection=1&uv=0&humidity=0&precipitation=0&precipitation=1&precipitationprobability=0&precipitationprobability=1&spot=0&spot=1&pressure=0&layout=light\"  frameborder=\"0\" scrolling=\"NO\" allowtransparency=\"true\" sandbox=\"allow-same-origin allow-scripts allow-popups allow-popups-to-escape-sandbox\" style=\"width: 270px; height: 420px\"></iframe><div><!-- DO NOT REMOVE THIS LINK --><a href=\"https://www.meteoblue.com/en/weather/week/mount-kazbek_georgia_551376?utm_source=weather_widget&utm_medium=linkus&utm_content=daily&utm_campaign=Weather%2BWidget\" target=\"_blank\" rel=\"noopener\">meteoblue</a></div>', NULL, 23, 22, '2024-12-16 18:26:28', '2025-06-02 21:09:54'),
(8, 'Ailama', NULL, '<iframe src=\"https://www.google.com/maps/d/embed?mid=1vdD6oKQ7Y9H6T8Apm_rCyepjH4xwYzs&ehbc=2E312F\" width=\"640\" height=\"480\"></iframe>', NULL, NULL, 25, 24, '2025-05-31 22:54:31', '2025-06-06 18:03:42'),
(9, 'Shkhelda', NULL, '<iframe src=\"https://www.google.com/maps/embed?pb=!1m18!1m12!1m3!1d93130.20143434047!2d42.63693421475829!3d43.16083199892324!2m3!1f0!2f0!3f0!3m2!1i1024!2i768!4f13.1!3m3!1m2!1s0x40597ce9547c0377%3A0xc61c5a86a22e9655!2sGora%20Shkhel&#39;da!5e0!3m2!1sen!2sge!4v1748717801014!5m2!1sen!2sge\" width=\"100%\" height=\"450\" style=\"border:0;\" allowfullscreen=\"\" loading=\"lazy\" referrerpolicy=\"no-referrer-when-downgrade\"></iframe>', NULL, NULL, 27, 26, '2025-05-31 22:56:57', '2025-05-31 22:56:57'),
(10, 'Laila', NULL, NULL, NULL, NULL, 29, 28, '2025-09-07 12:39:17', '2025-09-07 12:39:17'),
(11, 'Kuro', NULL, NULL, NULL, NULL, 31, 30, '2025-09-07 12:43:27', '2025-09-07 12:43:27'),
(12, 'Dedaena', NULL, NULL, NULL, NULL, 33, 32, '2025-09-22 16:31:57', '2025-09-23 14:23:04'),
(13, 'Tebulosmta', NULL, NULL, NULL, NULL, 35, 34, '2025-10-28 04:22:48', '2025-10-28 04:22:48'),
(14, 'Little Ushba', NULL, NULL, NULL, NULL, 37, 36, '2026-01-23 19:19:53', '2026-01-23 19:19:53');

-- --------------------------------------------------------

--
-- Table structure for table `mount_route_images`
--

CREATE TABLE `mount_route_images` (
  `id` bigint UNSIGNED NOT NULL,
  `title` varchar(191) CHARACTER SET utf8mb4 COLLATE utf8mb4_unicode_ci DEFAULT NULL,
  `image` varchar(191) CHARACTER SET utf8mb4 COLLATE utf8mb4_unicode_ci DEFAULT NULL,
  `num` int DEFAULT NULL,
  `article_id` bigint UNSIGNED NOT NULL,
  `created_at` timestamp NULL DEFAULT NULL,
  `updated_at` timestamp NULL DEFAULT NULL
) ENGINE=InnoDB DEFAULT CHARSET=utf8mb4 COLLATE=utf8mb4_unicode_ci;

--
-- Dumping data for table `mount_route_images`
--

INSERT INTO `mount_route_images` (`id`, `title`, `image`, `num`, `article_id`, `created_at`, `updated_at`) VALUES
(13, NULL, '2024-02-09-23-02-02-1707505562{372807}.webp', NULL, 29, '2024-02-09 23:06:04', '2024-02-09 23:06:04'),
(14, NULL, '2024-02-09-23-02-04-1707505564{667864}.webp', NULL, 29, '2024-02-09 23:06:04', '2024-02-09 23:06:04'),
(21, NULL, '2024-04-05-00-04-15-1712261295{624034}.webp', NULL, 25, '2024-04-05 00:08:16', '2024-04-05 00:08:16'),
(23, NULL, '2024-04-08-22-04-43-1712600263{790616}.webp', NULL, 30, '2024-04-08 22:17:43', '2024-04-08 22:17:43'),
(24, NULL, '2024-05-06-01-05-25-1714946125{230329}.webp', NULL, 32, '2024-05-06 01:55:27', '2024-05-06 01:55:27'),
(25, NULL, '2024-05-06-01-05-34-1714946314{168504}.webp', NULL, 25, '2024-05-06 01:58:35', '2024-05-06 01:58:35'),
(26, NULL, '2024-05-06-01-05-08-1714946348{541413}.webp', NULL, 30, '2024-05-06 01:59:10', '2024-05-06 01:59:10'),
(28, NULL, '2024-12-11-17-12-15-1733922915{580759}.webp', NULL, 78, '2024-12-11 17:15:16', '2024-12-11 17:15:16'),
(29, NULL, '2024-12-11-17-12-16-1733922916{56495}.webp', NULL, 78, '2024-12-11 17:15:16', '2024-12-11 17:15:16'),
(30, NULL, '2024-12-11-17-12-16-1733922916{22918}.webp', NULL, 78, '2024-12-11 17:15:16', '2024-12-11 17:15:16'),
(35, NULL, '2024-12-11-18-12-08-1733926688{20517}.webp', NULL, 63, '2024-12-11 18:18:09', '2024-12-11 18:18:09'),
(36, NULL, '2024-12-11-18-12-09-1733926689{965115}.webp', NULL, 63, '2024-12-11 18:18:09', '2024-12-11 18:18:09'),
(37, NULL, '2024-12-11-18-12-09-1733926689{127904}.webp', NULL, 63, '2024-12-11 18:18:10', '2024-12-11 18:18:10'),
(38, NULL, '2024-12-16-18-12-24-1734359844{618070}.webp', NULL, 87, '2024-12-16 18:37:24', '2024-12-16 18:37:24'),
(41, NULL, '2024-12-16-18-12-18-1734360498{746440}.webp', NULL, 82, '2024-12-16 18:48:18', '2024-12-16 18:48:18'),
(42, NULL, '2024-12-16-18-12-18-1734360498{680514}.webp', NULL, 82, '2024-12-16 18:48:18', '2024-12-16 18:48:18'),
(43, NULL, '2024-12-16-18-12-18-1734360498{877228}.webp', NULL, 82, '2024-12-16 18:48:19', '2024-12-16 18:48:19'),
(44, NULL, '2024-12-16-19-12-48-1734362088{97429}.webp', NULL, 88, '2024-12-16 19:14:48', '2024-12-16 19:14:48'),
(45, NULL, '2024-12-16-19-12-48-1734362088{771599}.webp', NULL, 88, '2024-12-16 19:14:49', '2024-12-16 19:14:49'),
(46, NULL, '2024-12-16-19-12-49-1734362089{815190}.webp', NULL, 88, '2024-12-16 19:14:49', '2024-12-16 19:14:49'),
(47, NULL, '2024-12-19-21-12-32-1734629732{272249}.webp', NULL, 33, '2024-12-19 21:35:33', '2024-12-19 21:35:33'),
(48, NULL, '2024-12-21-15-12-58-1734779518{990281}.webp', NULL, 89, '2024-12-21 15:11:58', '2024-12-21 15:11:58'),
(49, NULL, '2024-12-21-15-12-11-1734779591{786443}.webp', NULL, 62, '2024-12-21 15:13:11', '2024-12-21 15:13:11'),
(50, NULL, '2025-05-31-23-05-26-1748721386{701294}.webp', NULL, 85, '2025-05-31 23:56:28', '2025-05-31 23:56:28'),
(52, NULL, '2025-06-02-22-06-13-1748888353{121555}.webp', NULL, 76, '2025-06-02 22:19:13', '2025-06-02 22:19:13'),
(53, NULL, '2025-07-04-14-07-01-1751625661{182358}.webp', NULL, 96, '2025-07-04 14:41:01', '2025-07-04 14:41:01'),
(54, NULL, '2025-07-04-14-07-35-1751626775{101330}.webp', NULL, 34, '2025-07-04 14:59:35', '2025-07-04 14:59:35'),
(55, NULL, '2025-07-04-14-07-35-1751626775{31507}.webp', NULL, 34, '2025-07-04 14:59:35', '2025-07-04 14:59:35'),
(57, NULL, '2025-07-29-18-07-12-1753799292{29934}.webp', NULL, 32, '2025-07-29 18:28:12', '2025-07-29 18:28:12'),
(58, NULL, '2025-08-14-21-08-00-1755194040{481089}.webp', NULL, 76, '2025-08-14 21:54:00', '2025-08-14 21:54:00'),
(59, NULL, '2025-08-22-17-08-55-1755870535{702395}.webp', NULL, 33, '2025-08-22 17:48:55', '2025-08-22 17:48:55');

-- --------------------------------------------------------

--
-- Table structure for table `mtps`
--

CREATE TABLE `mtps` (
  `id` bigint UNSIGNED NOT NULL,
  `name` varchar(191) CHARACTER SET utf8mb4 COLLATE utf8mb4_unicode_ci DEFAULT NULL,
  `text` text CHARACTER SET utf8mb4 COLLATE utf8mb4_unicode_ci,
  `height` int DEFAULT NULL,
  `author` varchar(191) CHARACTER SET utf8mb4 COLLATE utf8mb4_unicode_ci DEFAULT NULL,
  `first_ascent` varchar(191) CHARACTER SET utf8mb4 COLLATE utf8mb4_unicode_ci DEFAULT NULL,
  `num` int DEFAULT NULL,
  `sector_id` bigint UNSIGNED NOT NULL,
  `created_at` timestamp NULL DEFAULT NULL,
  `updated_at` timestamp NULL DEFAULT NULL
) ENGINE=InnoDB DEFAULT CHARSET=utf8mb4 COLLATE=utf8mb4_unicode_ci;

--
-- Dumping data for table `mtps`
--

INSERT INTO `mtps` (`id`, `name`, `text`, `height`, `author`, `first_ascent`, `num`, `sector_id`, `created_at`, `updated_at`) VALUES
(1, 'Spider', NULL, NULL, NULL, NULL, NULL, 15, '2019-05-03 16:53:26', '2019-05-03 09:28:37'),
(2, 'Multu P.', NULL, NULL, NULL, NULL, NULL, 15, '2019-05-03 13:29:07', '2019-05-03 09:29:07'),
(4, 'project (N8)', NULL, NULL, NULL, NULL, NULL, 39, '2019-12-29 20:35:08', '2019-12-29 16:35:08'),
(5, 'project (N9)', NULL, NULL, NULL, NULL, NULL, 39, '2019-12-29 20:36:16', '2019-12-29 16:36:16'),
(6, 'project (N10)', NULL, NULL, NULL, NULL, NULL, 39, '2019-12-29 20:36:30', '2019-12-29 16:36:30'),
(7, 'project (N11)', NULL, NULL, NULL, NULL, NULL, 39, '2019-12-29 20:36:43', '2019-12-29 16:36:43'),
(8, 'project (N12)', NULL, NULL, NULL, NULL, NULL, 39, '2020-01-01 20:00:49', '2019-12-29 16:37:18'),
(9, 'project (N13)', NULL, NULL, NULL, NULL, NULL, 39, '2020-01-01 19:44:30', '2019-12-29 16:37:44'),
(10, '1', NULL, 50, 'Guga Dabrundashvili', 'Guga Dabrundashvili', 1, 66, '2024-03-08 23:40:41', '2024-03-08 23:40:41'),
(11, '2', NULL, 50, 'Guga Dabrundashvili', 'Guga Dabrundashvili', 2, 66, '2024-03-08 23:40:54', '2024-03-08 23:40:54'),
(12, '3', NULL, 50, 'Guga Dabrundashvili', 'Guga Dabrundashvili', 3, 66, '2024-03-08 23:41:04', '2024-03-08 23:41:04'),
(13, 'One try', NULL, 55, 'Temo Samsonadze', 'Temo Samsonadze & Sopo Tchelidze', 1, 69, '2024-11-25 18:15:43', '2025-08-21 19:52:42');

-- --------------------------------------------------------

--
-- Table structure for table `mtp_pitchs`
--

CREATE TABLE `mtp_pitchs` (
  `id` bigint UNSIGNED NOT NULL,
  `name` varchar(191) CHARACTER SET utf8mb4 COLLATE utf8mb4_unicode_ci DEFAULT NULL,
  `text` text CHARACTER SET utf8mb4 COLLATE utf8mb4_unicode_ci,
  `grade` varchar(191) CHARACTER SET utf8mb4 COLLATE utf8mb4_unicode_ci DEFAULT NULL,
  `or_grade` varchar(191) CHARACTER SET utf8mb4 COLLATE utf8mb4_unicode_ci DEFAULT NULL,
  `bolts` varchar(191) CHARACTER SET utf8mb4 COLLATE utf8mb4_unicode_ci DEFAULT NULL,
  `author` varchar(191) CHARACTER SET utf8mb4 COLLATE utf8mb4_unicode_ci DEFAULT NULL,
  `creation_data` varchar(191) CHARACTER SET utf8mb4 COLLATE utf8mb4_unicode_ci DEFAULT NULL,
  `height` varchar(191) CHARACTER SET utf8mb4 COLLATE utf8mb4_unicode_ci DEFAULT NULL,
  `first_ascent` varchar(191) CHARACTER SET utf8mb4 COLLATE utf8mb4_unicode_ci DEFAULT NULL,
  `category` varchar(191) CHARACTER SET utf8mb4 COLLATE utf8mb4_unicode_ci DEFAULT NULL,
  `num` int DEFAULT NULL,
  `mtp_id` bigint UNSIGNED NOT NULL,
  `created_at` timestamp NULL DEFAULT NULL,
  `updated_at` timestamp NULL DEFAULT NULL
) ENGINE=InnoDB DEFAULT CHARSET=utf8mb4 COLLATE=utf8mb4_unicode_ci;

--
-- Dumping data for table `mtp_pitchs`
--

INSERT INTO `mtp_pitchs` (`id`, `name`, `text`, `grade`, `or_grade`, `bolts`, `author`, `creation_data`, `height`, `first_ascent`, `category`, `num`, `mtp_id`, `created_at`, `updated_at`) VALUES
(1, 'Multu P.', NULL, '6a+', NULL, '13', 'Guga Dabrundashvili', NULL, '25', NULL, NULL, 1, 2, NULL, NULL),
(2, 'Multu P.', NULL, '6b+', NULL, '9', NULL, NULL, '22', NULL, NULL, 2, 2, NULL, NULL),
(3, '-', NULL, 'project', NULL, NULL, 'Guga Dabrundashvili', NULL, NULL, NULL, NULL, 1, 4, NULL, NULL),
(4, '-', NULL, 'Project', NULL, NULL, 'Guga Dabrundashvili', NULL, NULL, NULL, NULL, 2, 4, NULL, NULL),
(5, 'Spider', NULL, '6b', '6b+', '6', 'Guga Dabrundashvili', NULL, '12', NULL, NULL, 1, 1, NULL, NULL),
(6, 'Spider', NULL, '7b', NULL, '15', 'Guga Dabrundashvili', NULL, '40', NULL, NULL, 2, 1, NULL, NULL),
(7, 'Spider', NULL, '7b', NULL, '15', 'Guga Dabrundashvili', NULL, '40', NULL, NULL, 3, 1, NULL, NULL),
(8, '-', NULL, 'Project', NULL, '9', 'Irakli Bidzishvili', '2019', '25', NULL, NULL, 1, 5, NULL, NULL),
(9, '-', NULL, 'Project', NULL, '9', 'Irakli Bidzishvili', '2019', '30', NULL, NULL, 1, 5, NULL, NULL),
(10, '-', NULL, 'Project', NULL, '7', 'Chuta', '2019', '20', NULL, NULL, 1, 6, NULL, NULL),
(11, '-', NULL, 'Project', NULL, '7', 'Chuta', '2019', '25', NULL, NULL, 1, 6, NULL, NULL),
(12, '-', NULL, 'Project', NULL, '10', 'Chuta', '2019', '20', NULL, NULL, 1, 7, NULL, NULL),
(13, '-', NULL, 'Project', NULL, '10', 'Chuta', '2019', '30', NULL, NULL, 2, 7, NULL, NULL),
(14, '-', NULL, 'Project', NULL, '10', 'Nika Shanava', '2019', '20', NULL, NULL, 1, 8, NULL, NULL),
(15, '-', NULL, 'Project', NULL, '10', 'Nika Sahnava', '2019', '25', NULL, NULL, 2, 8, NULL, NULL),
(16, '-', NULL, 'Project', NULL, '9', 'Irakli bidzishvili', '2019', '20', NULL, NULL, 1, 9, NULL, NULL),
(17, '-', NULL, 'Project', NULL, '9', 'Irakli Bidzishvili', '2019', '25', NULL, NULL, 2, 9, NULL, NULL),
(18, 'Multu P.', NULL, '5c', '5c+', NULL, 'Guga Dabrundashvili', NULL, '25', NULL, NULL, 3, 2, NULL, NULL),
(19, 'Multu P.', NULL, '5b', '5b+', NULL, 'Guga Dabrundashvili', NULL, '25', NULL, NULL, 4, 2, NULL, NULL),
(20, 'Hades', NULL, '6b', NULL, '11', 'Guga Dabrundashvili', NULL, '25', 'Guga Dabrundashvili', 'sport climbing', 1, 10, '2024-03-08 23:42:23', '2024-03-08 23:42:23'),
(21, 'Puza', NULL, '6c', NULL, '12', 'Guga Dabrundashvili + Anna Dularidze', NULL, '25', 'Guga Dabrundashvili + Anna Dularidze', 'sport climbing', 2, 10, '2024-03-08 23:43:06', '2024-03-08 23:49:10'),
(22, 'ბუხარი', NULL, '6a+', NULL, '11', 'Guga Dabrundashvili', NULL, '25', 'Guga Dabrundashvili', 'sport climbing', 1, 11, '2024-03-08 23:45:04', '2024-03-08 23:45:04'),
(23, 'Kiwi', NULL, '6a', NULL, '11', 'Guga Dabrundashvili + Mariam Kitsmarishvili', NULL, '25', 'Guga Dabrundashvili', 'sport climbing', 2, 11, '2024-03-08 23:46:35', '2024-03-08 23:46:35'),
(24, 'Heraclius', NULL, '6c+', '7a', '11', 'Guga Dabrundashvili', NULL, '25', 'Guga Dabrundashvili', 'sport climbing', 1, 12, '2024-03-08 23:48:03', '2024-03-08 23:48:03'),
(25, 'Hera', NULL, '6b+', NULL, '12', 'Gugs Dabrundashvili', NULL, '24', 'Gugs Dabrundashvili', 'sport climbing', 2, 12, '2024-03-08 23:48:36', '2024-03-08 23:48:36'),
(26, 'One try', NULL, '5b', NULL, '10', 'Temo Samsonadze', '2024-10-10', '25', 'Temo Samsonadze & Sopo Tchelidze', 'sport climbing', 1, 13, '2024-11-25 18:17:05', '2025-08-21 19:53:24'),
(27, 'No Fall Zone', NULL, '6a', NULL, '8', 'Temo Samsonadze', '2024-10-10', '20', 'Temo samsonadze & Sopo Tchelidze', 'sport climbing', 2, 13, '2024-11-25 18:19:03', '2025-08-21 19:54:11'),
(28, 'Cranium', NULL, '6a+', NULL, '8', 'Temo Samsonadze', '2025-08-19', '22', NULL, 'sport climbing', 3, 13, '2025-08-21 19:57:58', '2025-08-21 19:57:58');

-- --------------------------------------------------------

--
-- Table structure for table `non_registered_commenters`
--

CREATE TABLE `non_registered_commenters` (
  `id` bigint UNSIGNED NOT NULL,
  `email` varchar(191) CHARACTER SET utf8mb4 COLLATE utf8mb4_unicode_ci NOT NULL,
  `confirmed` int DEFAULT NULL,
  `created_at` timestamp NULL DEFAULT NULL,
  `updated_at` timestamp NULL DEFAULT NULL
) ENGINE=InnoDB DEFAULT CHARSET=utf8mb4 COLLATE=utf8mb4_unicode_ci;

--
-- Dumping data for table `non_registered_commenters`
--

INSERT INTO `non_registered_commenters` (`id`, `email`, `confirmed`, `created_at`, `updated_at`) VALUES
(1, 'ndehkordi@newvision.ge', NULL, '2024-06-11 17:09:11', '2024-06-11 17:09:11'),
(2, 'vandeloo.rob@gmail.com', NULL, '2026-01-10 15:15:36', '2026-01-10 15:15:36');

-- --------------------------------------------------------

--
-- Table structure for table `option_images`
--

CREATE TABLE `option_images` (
  `id` bigint UNSIGNED NOT NULL,
  `image` varchar(191) CHARACTER SET utf8mb4 COLLATE utf8mb4_unicode_ci DEFAULT NULL,
  `option_id` bigint UNSIGNED NOT NULL,
  `created_at` timestamp NULL DEFAULT NULL,
  `updated_at` timestamp NULL DEFAULT NULL
) ENGINE=InnoDB DEFAULT CHARSET=utf8mb4 COLLATE=utf8mb4_unicode_ci;

--
-- Dumping data for table `option_images`
--

INSERT INTO `option_images` (`id`, `image`, `option_id`, `created_at`, `updated_at`) VALUES
(1, '2023-05-07-17-05-19-1683466279{119083}.webp', 3, '2023-05-07 17:31:20', '2023-05-07 17:31:20'),
(3, '2023-05-07-17-05-55-1683466735{370574}.webp', 4, '2023-05-07 17:38:55', '2023-05-07 17:38:55'),
(7, '2023-05-07-17-05-16-1683467056{663720}.webp', 5, '2023-05-07 17:44:19', '2023-05-07 17:44:19'),
(30, '2024-04-07-00-04-06-1712436186{98090}.webp', 26, '2024-04-07 00:43:07', '2024-04-07 00:43:07'),
(31, '2024-04-07-00-04-23-1712436203{858023}.webp', 27, '2024-04-07 00:43:24', '2024-04-07 00:43:24'),
(32, '2024-04-08-20-04-42-1712592762{878639}.webp', 28, '2024-04-08 20:12:42', '2024-04-08 20:12:42'),
(33, '2024-04-08-20-04-57-1712593497{118159}.webp', 29, '2024-04-08 20:24:58', '2024-04-08 20:24:58'),
(34, '2024-04-08-20-04-58-1712593498{447995}.webp', 29, '2024-04-08 20:24:58', '2024-04-08 20:24:58'),
(35, '2024-04-08-20-04-05-1712593565{785191}.webp', 30, '2024-04-08 20:26:05', '2024-04-08 20:26:05'),
(36, '2024-04-08-20-04-05-1712593565{758031}.webp', 30, '2024-04-08 20:26:06', '2024-04-08 20:26:06'),
(37, '2024-04-08-20-04-06-1712593566{865765}.webp', 30, '2024-04-08 20:26:06', '2024-04-08 20:26:06'),
(38, '2024-04-08-20-04-24-1712593584{13815}.webp', 31, '2024-04-08 20:26:24', '2024-04-08 20:26:24'),
(39, '2024-04-08-20-04-04-1712593624{666174}.webp', 32, '2024-04-08 20:27:04', '2024-04-08 20:27:04'),
(40, '2024-04-08-20-04-04-1712593624{510399}.webp', 32, '2024-04-08 20:27:04', '2024-04-08 20:27:04'),
(41, '2024-04-08-20-04-10-1712593690{287599}.webp', 33, '2024-04-08 20:28:10', '2024-04-08 20:28:10'),
(42, '2024-04-08-20-04-10-1712593690{4556}.webp', 33, '2024-04-08 20:28:11', '2024-04-08 20:28:11'),
(43, '2024-04-08-20-04-11-1712593691{487590}.webp', 33, '2024-04-08 20:28:12', '2024-04-08 20:28:12'),
(44, '2024-04-08-20-04-12-1712593692{948331}.webp', 33, '2024-04-08 20:28:12', '2024-04-08 20:28:12'),
(45, '2024-04-08-20-04-40-1712593720{643153}.webp', 34, '2024-04-08 20:28:41', '2024-04-08 20:28:41'),
(46, '2024-04-08-20-04-41-1712593721{321770}.webp', 34, '2024-04-08 20:28:42', '2024-04-08 20:28:42'),
(47, '2024-04-08-20-04-19-1712593759{522849}.webp', 35, '2024-04-08 20:29:20', '2024-04-08 20:29:20'),
(48, '2024-04-08-20-04-37-1712593777{779440}.webp', 36, '2024-04-08 20:29:38', '2024-04-08 20:29:38'),
(49, '2024-04-08-20-04-00-1712593800{460565}.webp', 37, '2024-04-08 20:30:01', '2024-04-08 20:30:01'),
(50, '2024-04-08-20-04-01-1712593801{1101}.webp', 37, '2024-04-08 20:30:01', '2024-04-08 20:30:01'),
(51, '2024-04-08-20-04-48-1712593848{76954}.webp', 38, '2024-04-08 20:30:49', '2024-04-08 20:30:49'),
(52, '2024-04-08-20-04-49-1712593849{650502}.webp', 38, '2024-04-08 20:30:50', '2024-04-08 20:30:50'),
(53, '2024-04-08-20-04-50-1712593850{354690}.webp', 38, '2024-04-08 20:30:50', '2024-04-08 20:30:50'),
(54, '2024-04-08-20-04-37-1712593897{361126}.webp', 39, '2024-04-08 20:31:38', '2024-04-08 20:31:38'),
(55, '2024-04-08-20-04-38-1712593898{247698}.webp', 39, '2024-04-08 20:31:39', '2024-04-08 20:31:39'),
(56, '2024-04-08-20-04-54-1712593914{768467}.webp', 40, '2024-04-08 20:31:55', '2024-04-08 20:31:55'),
(57, '2024-04-08-20-04-44-1712594024{373844}.webp', 41, '2024-04-08 20:33:44', '2024-04-08 20:33:44'),
(58, '2024-04-08-20-04-44-1712594024{511123}.webp', 41, '2024-04-08 20:33:45', '2024-04-08 20:33:45'),
(59, '2024-04-08-20-04-45-1712594025{220562}.webp', 41, '2024-04-08 20:33:46', '2024-04-08 20:33:46'),
(60, '2024-04-08-20-04-27-1712594067{864877}.webp', 42, '2024-04-08 20:34:27', '2024-04-08 20:34:27'),
(61, '2024-04-08-20-04-41-1712594081{533439}.webp', 43, '2024-04-08 20:34:42', '2024-04-08 20:34:42'),
(62, '2024-04-08-20-04-57-1712594097{126100}.webp', 44, '2024-04-08 20:34:58', '2024-04-08 20:34:58'),
(63, '2024-04-08-20-04-46-1712594146{154576}.webp', 45, '2024-04-08 20:35:47', '2024-04-08 20:35:47'),
(64, '2024-04-08-20-04-47-1712594147{349197}.webp', 45, '2024-04-08 20:35:47', '2024-04-08 20:35:47'),
(65, '2024-04-08-20-04-47-1712594147{146679}.webp', 45, '2024-04-08 20:35:48', '2024-04-08 20:35:48'),
(66, '2024-04-08-20-04-48-1712594148{892989}.webp', 45, '2024-04-08 20:35:49', '2024-04-08 20:35:49'),
(94, '2025-04-24-18-04-41-1745503601{746021}.webp', 88, '2025-04-24 18:06:41', '2025-04-24 18:06:41'),
(95, '2025-04-24-18-04-02-1745503622{761198}.webp', 89, '2025-04-24 18:07:02', '2025-04-24 18:07:02'),
(96, '2025-04-24-18-04-20-1745503700{526154}.webp', 90, '2025-04-24 18:08:20', '2025-04-24 18:08:20'),
(97, '2025-04-24-18-04-37-1745503717{157739}.webp', 91, '2025-04-24 18:08:37', '2025-04-24 18:08:37'),
(98, '2025-04-25-12-04-37-1745569717{745373}.webp', 6, '2025-04-25 12:28:38', '2025-04-25 12:28:38'),
(99, '2025-04-25-12-04-38-1745569718{791750}.webp', 6, '2025-04-25 12:28:38', '2025-04-25 12:28:38'),
(100, '2025-04-25-12-04-38-1745569718{654799}.webp', 6, '2025-04-25 12:28:38', '2025-04-25 12:28:38'),
(101, '2025-04-25-12-04-45-1745569785{122562}.webp', 89, '2025-04-25 12:29:45', '2025-04-25 12:29:45'),
(102, '2025-04-25-12-04-56-1745569916{451410}.webp', 87, '2025-04-25 12:31:56', '2025-04-25 12:31:56'),
(103, '2025-04-25-12-04-07-1745569927{386131}.webp', 88, '2025-04-25 12:32:07', '2025-04-25 12:32:07'),
(104, '2025-04-25-12-04-43-1745570023{557326}.webp', 87, '2025-04-25 12:33:43', '2025-04-25 12:33:43'),
(105, '2025-04-25-12-04-10-1745570470{973470}.webp', 84, '2025-04-25 12:41:10', '2025-04-25 12:41:10'),
(106, '2025-04-25-12-04-10-1745570470{282582}.webp', 84, '2025-04-25 12:41:10', '2025-04-25 12:41:10'),
(107, '2025-04-25-12-04-25-1745570485{610589}.webp', 86, '2025-04-25 12:41:25', '2025-04-25 12:41:25'),
(108, '2025-04-25-12-04-25-1745570485{751940}.webp', 86, '2025-04-25 12:41:26', '2025-04-25 12:41:26'),
(110, '2025-05-04-00-05-13-1746304753{92376}.webp', 92, '2025-05-04 00:39:14', '2025-05-04 00:39:14'),
(111, '2025-05-29-17-05-41-1748524361{179625}.webp', 93, '2025-05-29 17:12:42', '2025-05-29 17:12:42'),
(112, '2025-05-29-17-05-42-1748524362{931630}.webp', 93, '2025-05-29 17:12:43', '2025-05-29 17:12:43'),
(113, '2025-05-29-17-05-00-1748524860{478580}.webp', 95, '2025-05-29 17:21:00', '2025-05-29 17:21:00'),
(114, '2025-05-29-17-05-00-1748524860{678013}.webp', 95, '2025-05-29 17:21:01', '2025-05-29 17:21:01'),
(115, '2025-05-29-17-05-49-1748525389{655748}.webp', 96, '2025-05-29 17:29:49', '2025-05-29 17:29:49'),
(116, '2025-05-29-17-05-49-1748525389{154638}.webp', 96, '2025-05-29 17:29:50', '2025-05-29 17:29:50'),
(117, '2025-05-29-17-05-43-1748525863{412203}.webp', 94, '2025-05-29 17:37:44', '2025-05-29 17:37:44'),
(118, '2025-05-29-17-05-44-1748525864{39037}.webp', 94, '2025-05-29 17:37:44', '2025-05-29 17:37:44'),
(119, '2025-05-29-17-05-45-1748525865{410608}.webp', 94, '2025-05-29 17:37:45', '2025-05-29 17:37:45'),
(120, '2025-05-31-22-05-10-1748716870{55961}.webp', 46, '2025-05-31 22:41:10', '2025-05-31 22:41:10'),
(121, '2025-05-31-22-05-16-1748716936{337739}.webp', 47, '2025-05-31 22:42:16', '2025-05-31 22:42:16'),
(122, '2025-05-31-22-05-27-1748717187{598899}.webp', 97, '2025-05-31 22:46:27', '2025-05-31 22:46:27'),
(123, '2025-05-31-22-05-07-1748717227{369501}.webp', 98, '2025-05-31 22:47:07', '2025-05-31 22:47:07'),
(124, '2025-05-31-22-05-52-1748717272{91894}.webp', 99, '2025-05-31 22:47:52', '2025-05-31 22:47:52'),
(125, '2025-05-31-22-05-37-1748717377{529075}.webp', 100, '2025-05-31 22:49:37', '2025-05-31 22:49:37'),
(126, '2025-05-31-22-05-37-1748717377{186731}.webp', 100, '2025-05-31 22:49:37', '2025-05-31 22:49:37'),
(127, '2025-05-31-22-05-38-1748717378{313484}.webp', 100, '2025-05-31 22:49:38', '2025-05-31 22:49:38'),
(128, '2025-05-31-22-05-38-1748717378{411589}.webp', 100, '2025-05-31 22:49:38', '2025-05-31 22:49:38'),
(129, '2025-06-20-17-06-27-1750426227{5994}.webp', 92, '2025-06-20 17:30:27', '2025-06-20 17:30:27'),
(131, '2025-10-01-23-10-15-1759345815{114585}.webp', 101, '2025-10-01 23:10:16', '2025-10-01 23:10:16'),
(132, '2025-10-01-23-10-40-1759345840{935075}.webp', 102, '2025-10-01 23:10:41', '2025-10-01 23:10:41'),
(133, '2025-10-01-23-10-03-1759345863{724708}.webp', 103, '2025-10-01 23:11:04', '2025-10-01 23:11:04'),
(135, '2025-10-01-23-10-24-1759346064{317358}.webp', 104, '2025-10-01 23:14:25', '2025-10-01 23:14:25'),
(136, '2025-10-01-23-10-53-1759346573{108545}.webp', 81, '2025-10-01 23:22:54', '2025-10-01 23:22:54'),
(137, '2025-10-01-23-10-55-1759346575{362547}.webp', 81, '2025-10-01 23:22:58', '2025-10-01 23:22:58'),
(141, '2025-10-01-23-10-13-1759347133{715651}.webp', 78, '2025-10-01 23:32:17', '2025-10-01 23:32:17'),
(142, '2025-10-01-23-10-17-1759347137{621909}.webp', 78, '2025-10-01 23:32:18', '2025-10-01 23:32:18'),
(143, '2025-10-01-23-10-19-1759347139{236646}.webp', 78, '2025-10-01 23:32:20', '2025-10-01 23:32:20'),
(144, '2025-10-15-14-10-53-1760524433{793787}.webp', 74, '2025-10-15 14:33:54', '2025-10-15 14:33:54'),
(145, '2025-10-15-14-10-54-1760524434{587817}.webp', 74, '2025-10-15 14:33:55', '2025-10-15 14:33:55'),
(146, '2025-10-15-14-10-55-1760524435{869374}.webp', 74, '2025-10-15 14:33:56', '2025-10-15 14:33:56'),
(147, '2025-10-15-14-10-56-1760524436{312071}.webp', 74, '2025-10-15 14:33:57', '2025-10-15 14:33:57'),
(148, '2025-10-15-14-10-38-1760525078{970272}.webp', 105, '2025-10-15 14:44:39', '2025-10-15 14:44:39'),
(149, '2025-10-15-14-10-39-1760525079{457560}.webp', 105, '2025-10-15 14:44:40', '2025-10-15 14:44:40'),
(151, '2025-12-19-17-12-55-1766149795{468161}.webp', 19, '2025-12-19 17:09:56', '2025-12-19 17:09:56'),
(153, '2026-01-19-20-01-29-1768840229{853130}.webp', 111, '2026-01-19 20:30:33', '2026-01-19 20:30:33'),
(154, '2026-01-19-20-01-07-1768840567{520519}.webp', 112, '2026-01-19 20:36:11', '2026-01-19 20:36:11'),
(155, '2026-01-19-20-01-42-1768840602{635128}.webp', 113, '2026-01-19 20:36:46', '2026-01-19 20:36:46'),
(156, '2026-01-19-20-01-46-1768840606{495240}.webp', 113, '2026-01-19 20:36:50', '2026-01-19 20:36:50'),
(157, '2026-01-19-20-01-37-1768840657{85504}.webp', 114, '2026-01-19 20:37:41', '2026-01-19 20:37:41'),
(158, '2026-01-19-20-01-48-1768841088{806871}.webp', 115, '2026-01-19 20:44:52', '2026-01-19 20:44:52'),
(159, '2026-01-19-20-01-49-1768841149{121439}.webp', 116, '2026-01-19 20:45:53', '2026-01-19 20:45:53'),
(160, '2026-01-19-20-01-31-1768841191{35170}.webp', 117, '2026-01-19 20:46:35', '2026-01-19 20:46:35'),
(161, '2026-01-28-03-01-34-1769555314{351618}.webp', 71, '2026-01-28 03:08:35', '2026-01-28 03:08:35'),
(162, '2026-02-22-22-02-46-1771783786{749956}.webp', 118, '2026-02-22 22:09:48', '2026-02-22 22:09:48'),
(163, '2026-02-22-22-02-48-1771783788{878744}.webp', 118, '2026-02-22 22:09:49', '2026-02-22 22:09:49'),
(164, '2026-02-22-22-02-49-1771783789{730881}.webp', 118, '2026-02-22 22:09:50', '2026-02-22 22:09:50'),
(165, '2026-02-22-22-02-50-1771783790{504275}.webp', 118, '2026-02-22 22:09:50', '2026-02-22 22:09:50'),
(166, '2026-02-22-22-02-39-1771783899{294157}.webp', 119, '2026-02-22 22:11:40', '2026-02-22 22:11:40'),
(167, '2026-02-22-22-02-01-1771783981{512414}.webp', 120, '2026-02-22 22:13:02', '2026-02-22 22:13:02'),
(169, '2026-03-30-20-03-31-1774888231{26754}.webp', 10, '2026-03-30 20:30:32', '2026-03-30 20:30:32'),
(170, '2026-03-30-20-03-32-1774888232{949845}.webp', 10, '2026-03-30 20:30:33', '2026-03-30 20:30:33'),
(172, '2026-03-30-20-03-05-1774888325{229583}.webp', 11, '2026-03-30 20:32:06', '2026-03-30 20:32:06'),
(174, '2026-03-30-20-03-01-1774888381{53935}.webp', 121, '2026-03-30 20:33:02', '2026-03-30 20:33:02'),
(175, '2026-03-30-20-03-02-1774888382{73982}.webp', 121, '2026-03-30 20:33:03', '2026-03-30 20:33:03'),
(176, '2026-03-30-20-03-26-1774889486{28485}.webp', 7, '2026-03-30 20:51:27', '2026-03-30 20:51:27'),
(177, '2026-03-30-20-03-01-1774889581{871731}.webp', 15, '2026-03-30 20:53:02', '2026-03-30 20:53:02'),
(178, '2026-03-30-20-03-32-1774889612{650739}.webp', 16, '2026-03-30 20:53:33', '2026-03-30 20:53:33'),
(179, '2026-03-30-20-03-03-1774889643{346275}.webp', 17, '2026-03-30 20:54:04', '2026-03-30 20:54:04'),
(180, '2026-03-30-20-03-04-1774889644{466867}.webp', 17, '2026-03-30 20:54:05', '2026-03-30 20:54:05'),
(181, '2026-03-30-20-03-05-1774889645{217329}.webp', 17, '2026-03-30 20:54:06', '2026-03-30 20:54:06'),
(182, '2026-03-30-20-03-29-1774889669{291096}.webp', 18, '2026-03-30 20:54:30', '2026-03-30 20:54:30'),
(183, '2026-03-30-21-03-19-1774890739{550478}.webp', 19, '2026-03-30 21:12:20', '2026-03-30 21:12:20'),
(184, '2026-03-30-21-03-05-1774890785{441357}.webp', 20, '2026-03-30 21:13:05', '2026-03-30 21:13:05'),
(185, '2026-03-30-21-03-06-1774890786{151191}.webp', 20, '2026-03-30 21:13:06', '2026-03-30 21:13:06'),
(186, '2026-03-30-21-03-33-1774890813{899776}.webp', 122, '2026-03-30 21:13:34', '2026-03-30 21:13:34'),
(187, '2026-03-30-21-03-07-1774890847{906062}.webp', 123, '2026-03-30 21:14:08', '2026-03-30 21:14:08'),
(188, '2026-03-30-21-03-47-1774892807{584595}.webp', 21, '2026-03-30 21:46:48', '2026-03-30 21:46:48'),
(189, '2026-03-30-21-03-48-1774892808{653101}.webp', 21, '2026-03-30 21:46:49', '2026-03-30 21:46:49'),
(190, '2026-03-30-21-03-04-1774892824{934177}.webp', 22, '2026-03-30 21:47:05', '2026-03-30 21:47:05'),
(191, '2026-03-30-21-03-05-1774892825{57376}.webp', 22, '2026-03-30 21:47:06', '2026-03-30 21:47:06'),
(192, '2026-03-30-21-03-05-1774892885{110286}.webp', 124, '2026-03-30 21:48:06', '2026-03-30 21:48:06'),
(193, '2026-03-30-21-03-06-1774892886{203127}.webp', 124, '2026-03-30 21:48:07', '2026-03-30 21:48:07'),
(194, '2026-03-30-21-03-36-1774892916{161879}.webp', 125, '2026-03-30 21:48:36', '2026-03-30 21:48:36'),
(195, '2026-03-30-21-03-08-1774893068{82324}.webp', 25, '2026-03-30 21:51:09', '2026-03-30 21:51:09'),
(196, '2026-03-30-21-03-09-1774893069{230390}.webp', 25, '2026-03-30 21:51:09', '2026-03-30 21:51:09'),
(197, '2026-03-30-21-03-09-1774893129{959343}.webp', 126, '2026-03-30 21:52:11', '2026-03-30 21:52:11'),
(198, '2026-03-30-21-03-48-1774893168{977442}.webp', 127, '2026-03-30 21:52:49', '2026-03-30 21:52:49'),
(199, '2026-03-30-21-03-21-1774893201{608106}.webp', 128, '2026-03-30 21:53:22', '2026-03-30 21:53:22'),
(200, '2026-03-30-21-03-32-1774893452{519947}.webp', 23, '2026-03-30 21:57:33', '2026-03-30 21:57:33'),
(201, '2026-03-30-21-03-19-1774893499{379306}.webp', 24, '2026-03-30 21:58:19', '2026-03-30 21:58:19'),
(202, '2026-03-30-21-03-55-1774893535{834439}.webp', 129, '2026-03-30 21:58:56', '2026-03-30 21:58:56'),
(203, '2026-03-30-21-03-33-1774893573{538095}.webp', 130, '2026-03-30 21:59:34', '2026-03-30 21:59:34'),
(204, '2026-04-13-02-04-53-1776031913{677811}.webp', 131, '2026-04-13 02:11:54', '2026-04-13 02:11:54'),
(205, '2026-04-13-02-04-54-1776031914{77472}.webp', 131, '2026-04-13 02:11:54', '2026-04-13 02:11:54'),
(206, '2026-04-13-02-04-54-1776031914{862692}.webp', 131, '2026-04-13 02:11:55', '2026-04-13 02:11:55'),
(207, '2026-04-22-21-04-51-1776879051{537462}.webp', 132, '2026-04-22 21:30:51', '2026-04-22 21:30:51'),
(208, '2026-04-23-22-04-26-1776968786{451690}.webp', 136, '2026-04-23 22:26:26', '2026-04-23 22:26:26'),
(209, '2026-04-23-22-04-43-1776969523{754805}.webp', 133, '2026-04-23 22:38:44', '2026-04-23 22:38:44'),
(211, '2026-04-23-22-04-23-1776969563{206907}.webp', 135, '2026-04-23 22:39:24', '2026-04-23 22:39:24'),
(213, '2026-04-23-22-04-10-1776969610{414593}.webp', 134, '2026-04-23 22:40:12', '2026-04-23 22:40:12'),
(214, '2026-05-07-12-05-18-1778141358{131766}.webp', 137, '2026-05-07 12:09:19', '2026-05-07 12:09:19'),
(215, '2026-05-07-12-05-19-1778141359{914020}.webp', 137, '2026-05-07 12:09:20', '2026-05-07 12:09:20'),
(216, '2026-05-07-12-05-39-1778141379{185696}.webp', 138, '2026-05-07 12:09:40', '2026-05-07 12:09:40'),
(222, '2026-05-15-19-05-59-1778859299{590418}.webp', 139, '2026-05-15 19:35:00', '2026-05-15 19:35:00'),
(223, '2026-05-15-19-05-00-1778859300{515868}.webp', 139, '2026-05-15 19:35:01', '2026-05-15 19:35:01'),
(224, '2026-05-15-19-05-01-1778859301{460646}.webp', 139, '2026-05-15 19:35:02', '2026-05-15 19:35:02'),
(225, '2026-05-15-19-05-02-1778859302{491136}.webp', 139, '2026-05-15 19:35:03', '2026-05-15 19:35:03'),
(226, '2026-05-15-19-05-29-1778859329{204699}.webp', 140, '2026-05-15 19:35:30', '2026-05-15 19:35:30'),
(227, '2026-05-15-19-05-30-1778859330{955787}.webp', 140, '2026-05-15 19:35:31', '2026-05-15 19:35:31'),
(228, '2026-05-15-19-05-52-1778859352{831640}.webp', 141, '2026-05-15 19:35:53', '2026-05-15 19:35:53'),
(229, '2026-05-15-19-05-42-1778859402{429439}.webp', 142, '2026-05-15 19:36:42', '2026-05-15 19:36:42'),
(230, '2026-05-15-19-05-18-1778859498{524049}.webp', 143, '2026-05-15 19:38:19', '2026-05-15 19:38:19'),
(231, '2026-05-15-19-05-15-1778859615{463921}.webp', 144, '2026-05-15 19:40:16', '2026-05-15 19:40:16'),
(232, '2026-05-15-19-05-49-1778860789{161230}.webp', 72, '2026-05-15 19:59:50', '2026-05-15 19:59:50'),
(233, '2026-05-15-19-05-50-1778860790{632536}.webp', 72, '2026-05-15 19:59:51', '2026-05-15 19:59:51'),
(234, '2026-05-15-19-05-51-1778860791{975391}.webp', 72, '2026-05-15 19:59:52', '2026-05-15 19:59:52'),
(235, '2026-05-15-20-05-09-1778860809{768873}.webp', 73, '2026-05-15 20:00:11', '2026-05-15 20:00:11'),
(236, '2026-05-15-20-05-20-1778860820{337097}.webp', 106, '2026-05-15 20:00:21', '2026-05-15 20:00:21'),
(237, '2026-05-15-20-05-29-1778860829{13619}.webp', 107, '2026-05-15 20:00:29', '2026-05-15 20:00:29'),
(238, '2026-05-15-20-05-40-1778860840{691766}.webp', 108, '2026-05-15 20:00:41', '2026-05-15 20:00:41'),
(239, '2026-05-15-20-05-48-1778860848{875349}.webp', 109, '2026-05-15 20:00:49', '2026-05-15 20:00:49'),
(240, '2026-05-15-20-05-58-1778860858{198982}.webp', 110, '2026-05-15 20:00:59', '2026-05-15 20:00:59'),
(241, '2026-05-15-20-05-37-1778861017{797636}.webp', 145, '2026-05-15 20:03:38', '2026-05-15 20:03:38');

-- --------------------------------------------------------

--
-- Table structure for table `orders`
--

CREATE TABLE `orders` (
  `id` bigint UNSIGNED NOT NULL,
  `confirm` int DEFAULT NULL,
  `payment` varchar(191) CHARACTER SET utf8mb4 COLLATE utf8mb4_unicode_ci DEFAULT NULL,
  `discount` varchar(191) CHARACTER SET utf8mb4 COLLATE utf8mb4_unicode_ci DEFAULT NULL,
  `shiping` int DEFAULT NULL,
  `is_custom` tinyint(1) NOT NULL DEFAULT '0',
  `created_at` timestamp NULL DEFAULT NULL,
  `updated_at` timestamp NULL DEFAULT NULL
) ENGINE=InnoDB DEFAULT CHARSET=utf8mb4 COLLATE=utf8mb4_unicode_ci;

-- --------------------------------------------------------

--
-- Table structure for table `orders_user`
--

CREATE TABLE `orders_user` (
  `id` bigint UNSIGNED NOT NULL,
  `order_id` bigint UNSIGNED NOT NULL,
  `user_id` bigint UNSIGNED NOT NULL,
  `created_at` timestamp NULL DEFAULT NULL,
  `updated_at` timestamp NULL DEFAULT NULL
) ENGINE=InnoDB DEFAULT CHARSET=utf8mb4 COLLATE=utf8mb4_unicode_ci;

-- --------------------------------------------------------

--
-- Table structure for table `order_products`
--

CREATE TABLE `order_products` (
  `id` bigint UNSIGNED NOT NULL,
  `quantity` int DEFAULT NULL,
  `total_price` int DEFAULT NULL,
  `item_price` int DEFAULT NULL,
  `product_id` bigint UNSIGNED DEFAULT NULL,
  `order_id` bigint UNSIGNED NOT NULL,
  `product_option_id` bigint UNSIGNED DEFAULT NULL,
  `created_at` timestamp NULL DEFAULT NULL,
  `updated_at` timestamp NULL DEFAULT NULL
) ENGINE=InnoDB DEFAULT CHARSET=utf8mb4 COLLATE=utf8mb4_unicode_ci;

-- --------------------------------------------------------

--
-- Table structure for table `order_statuses`
--

CREATE TABLE `order_statuses` (
  `id` bigint UNSIGNED NOT NULL,
  `status` varchar(191) CHARACTER SET utf8mb4 COLLATE utf8mb4_unicode_ci DEFAULT NULL,
  `status_updating_data` timestamp NULL DEFAULT NULL,
  `order_id` bigint UNSIGNED NOT NULL,
  `created_at` timestamp NULL DEFAULT NULL,
  `updated_at` timestamp NULL DEFAULT NULL
) ENGINE=InnoDB DEFAULT CHARSET=utf8mb4 COLLATE=utf8mb4_unicode_ci;

-- --------------------------------------------------------

--
-- Table structure for table `order_tasks`
--

CREATE TABLE `order_tasks` (
  `id` bigint UNSIGNED NOT NULL,
  `order_id` bigint UNSIGNED NOT NULL,
  `task_id` bigint UNSIGNED NOT NULL,
  `created_at` timestamp NULL DEFAULT NULL,
  `updated_at` timestamp NULL DEFAULT NULL
) ENGINE=InnoDB DEFAULT CHARSET=utf8mb4 COLLATE=utf8mb4_unicode_ci;

-- --------------------------------------------------------

--
-- Table structure for table `password_resets`
--

CREATE TABLE `password_resets` (
  `email` varchar(191) CHARACTER SET utf8mb4 COLLATE utf8mb4_unicode_ci NOT NULL,
  `token` varchar(191) CHARACTER SET utf8mb4 COLLATE utf8mb4_unicode_ci NOT NULL,
  `created_at` timestamp NULL DEFAULT NULL
) ENGINE=InnoDB DEFAULT CHARSET=utf8mb4 COLLATE=utf8mb4_unicode_ci;

--
-- Dumping data for table `password_resets`
--

INSERT INTO `password_resets` (`email`, `token`, `created_at`) VALUES
('samsonidzemanana@gmail.com', '$2y$10$eKOrOVhta5MrVGsTwedP8.jKbmIObGuxem/WLeeNAJZ0MdGtbSgrm', '2023-12-28 12:42:30'),
('samsonadze.temo9@gmail.com', '$2y$10$wTbnkwR72gyCVsRwlj44LeOW16Xs3VO3h5GnHbqg0nWGnoGVG5KP6', '2026-06-01 21:57:59');

-- --------------------------------------------------------

--
-- Table structure for table `permissions`
--

CREATE TABLE `permissions` (
  `id` bigint UNSIGNED NOT NULL,
  `subject` varchar(191) CHARACTER SET utf8mb4 COLLATE utf8mb4_unicode_ci NOT NULL,
  `action` varchar(191) CHARACTER SET utf8mb4 COLLATE utf8mb4_unicode_ci NOT NULL,
  `created_at` timestamp NULL DEFAULT NULL,
  `updated_at` timestamp NULL DEFAULT NULL
) ENGINE=InnoDB DEFAULT CHARSET=utf8mb4 COLLATE=utf8mb4_unicode_ci;

--
-- Dumping data for table `permissions`
--

INSERT INTO `permissions` (`id`, `subject`, `action`, `created_at`, `updated_at`) VALUES
(646, 'shiping_region', 'add', NULL, NULL),
(647, 'shiping_region', 'edit', NULL, NULL),
(648, 'shiping_region', 'del', NULL, NULL),
(649, 'guide_dashboard', 'show', NULL, NULL),
(650, 'shop_dashboard', 'show', NULL, NULL),
(651, 'article', 'add', NULL, NULL),
(652, 'article', 'edit', NULL, NULL),
(653, 'article', 'del', NULL, NULL),
(654, 'article', 'show', NULL, NULL),
(655, 'product', 'add', NULL, NULL),
(656, 'product', 'edit', NULL, NULL),
(657, 'product', 'del', NULL, NULL),
(658, 'product_category', 'add', NULL, NULL),
(659, 'product_category', 'edit', NULL, NULL),
(660, 'product_category', 'del', NULL, NULL),
(661, 'event', 'add', NULL, NULL),
(662, 'event', 'edit', NULL, NULL),
(663, 'event', 'del', NULL, NULL),
(664, 'export', 'show', NULL, NULL),
(665, 'sector', 'add', NULL, NULL),
(666, 'sector', 'edit', NULL, NULL),
(667, 'sector', 'del', NULL, NULL),
(668, 'my_comments', 'show', NULL, NULL),
(669, 'route', 'add', NULL, NULL),
(670, 'route', 'edit', NULL, NULL),
(671, 'route', 'del', NULL, NULL),
(672, 'mtp', 'add', NULL, NULL),
(673, 'mtp', 'edit', NULL, NULL),
(674, 'mtp', 'del', NULL, NULL),
(675, 'mtp_pitch', 'add', NULL, NULL),
(676, 'mtp_pitch', 'edit', NULL, NULL),
(677, 'mtp_pitch', 'del', NULL, NULL),
(678, 'services', 'add', NULL, NULL),
(679, 'services', 'edit', NULL, NULL),
(680, 'services', 'del', NULL, NULL),
(684, 'sector_local_images', 'add', NULL, NULL),
(685, 'sector_local_images', 'edit', NULL, NULL),
(686, 'sector_local_images', 'del', NULL, NULL),
(687, 'mount_route', 'add', NULL, NULL),
(688, 'mount_route', 'edit', NULL, NULL),
(689, 'mount_route', 'del', NULL, NULL),
(690, 'mount_massive', 'add', NULL, NULL),
(691, 'mount_massive', 'edit', NULL, NULL),
(692, 'mount_massive', 'del', NULL, NULL),
(693, 'gallery', 'add', NULL, NULL),
(694, 'gallery', 'edit', NULL, NULL),
(695, 'gallery', 'del', NULL, NULL),
(696, 'site_data', 'edit', NULL, NULL),
(697, 'site_data', 'add', NULL, NULL),
(698, 'order', 'edit_order_status', NULL, NULL),
(699, 'del', 'non_registered_commenter', NULL, NULL),
(700, 'comments', 'show', NULL, NULL),
(701, 'comments', 'del_comment', NULL, NULL),
(702, 'user', 'add', NULL, NULL),
(703, 'user', 'edit', NULL, NULL),
(704, 'user', 'del', NULL, NULL),
(705, 'user', 'edit_permissions', NULL, NULL),
(706, 'user', 'create_ban', NULL, NULL),
(707, 'product_options', 'add', NULL, NULL),
(708, 'product_options', 'del', NULL, NULL),
(709, 'product_options', 'edit', NULL, NULL),
(710, 'sale_code', 'add', NULL, NULL),
(711, 'sale_code', 'del', NULL, NULL),
(712, 'sale_code', 'edit', NULL, NULL),
(713, 'local_bisnes', 'add', NULL, NULL),
(714, 'local_bisnes', 'del', NULL, NULL),
(715, 'local_bisnes', 'edit', NULL, NULL),
(716, 'film', 'add', NULL, NULL),
(717, 'film', 'del', NULL, NULL),
(718, 'film', 'edit', NULL, NULL),
(719, 'film_category', 'add', NULL, NULL),
(720, 'film_category', 'del', NULL, NULL),
(721, 'film_category', 'edit', NULL, NULL),
(722, 'film_teg', 'add', NULL, NULL),
(723, 'film_teg', 'del', NULL, NULL),
(724, 'film_teg', 'edit', NULL, NULL),
(725, 'spot_region', 'add', NULL, NULL),
(726, 'spot_region', 'del', NULL, NULL),
(727, 'spot_region', 'edit', NULL, NULL),
(728, 'ice_sector', 'add', NULL, NULL),
(729, 'ice_sector', 'del', NULL, NULL),
(730, 'ice_sector', 'edit', NULL, NULL),
(731, 'store_slides', 'add', NULL, NULL),
(732, 'store_slides', 'del', NULL, NULL),
(733, 'store_slides', 'edit', NULL, NULL),
(734, 'guide_slides', 'add', NULL, NULL),
(735, 'guide_slides', 'del', NULL, NULL),
(736, 'guide_slides', 'edit', NULL, NULL),
(737, 'ice_route', 'add', NULL, NULL),
(738, 'ice_route', 'del', NULL, NULL),
(739, 'ice_route', 'edit', NULL, NULL),
(740, 'site_folloers', 'show', NULL, NULL),
(741, 'site_folloers', 'add', NULL, NULL),
(742, 'site_folloers', 'del', NULL, NULL),
(743, 'routes_rewiew', 'show', NULL, NULL),
(744, 'routes_rewiew', 'del', NULL, NULL),
(745, 'worker', 'show', NULL, NULL),
(746, 'favorite_products', 'show', NULL, NULL),
(747, 'my_favorite_outdoor_area', 'show', NULL, NULL),
(748, 'interested_events', 'show', NULL, NULL),
(749, 'guide_task', 'add', NULL, NULL),
(750, 'guide_task', 'edit', NULL, NULL),
(751, 'guide_task', 'del', NULL, NULL),
(752, 'guide_task', 'edit_status', NULL, NULL),
(753, 'shop_task', 'add', NULL, NULL),
(754, 'shop_task', 'edit', NULL, NULL),
(755, 'shop_task', 'del', NULL, NULL),
(756, 'shop_task', 'edit_status', NULL, NULL),
(757, 'ban', 'block', NULL, NULL),
(758, 'role', 'add', NULL, NULL),
(759, 'role', 'edit', NULL, NULL),
(760, 'role', 'del', NULL, NULL),
(761, 'sport_team', 'athlete', NULL, NULL),
(762, 'sport_team', 'staff', NULL, NULL),
(763, 'sport_team', 'athlete_candidate', NULL, NULL),
(764, 'tour_reservation', 'del', NULL, NULL),
(765, 'tour_reservation', 'show', NULL, NULL),
(766, 'tour_reservation', 'show_all', NULL, NULL),
(767, 'tour', 'add', NULL, NULL),
(768, 'tour', 'del', NULL, NULL),
(769, 'tour', 'edit', NULL, NULL),
(770, 'tour_category', 'add', NULL, NULL),
(771, 'tour_category', 'del', NULL, NULL),
(772, 'tour_category', 'edit', NULL, NULL),
(773, 'product_brand', 'add', NULL, NULL),
(774, 'product_brand', 'edit', NULL, NULL),
(775, 'product_brand', 'del', NULL, NULL),
(776, 'warehouse', 'add', NULL, NULL),
(777, 'warehouse', 'edit', NULL, NULL),
(778, 'warehouse', 'del', NULL, NULL),
(779, 'live_camera', 'add', NULL, NULL),
(780, 'live_camera', 'edit', NULL, NULL),
(781, 'live_camera', 'del', NULL, NULL),
(782, 'post', 'add', NULL, NULL),
(783, 'post', 'edit', NULL, NULL),
(784, 'post', 'del', NULL, NULL),
(785, 'team', 'add', NULL, NULL),
(786, 'team', 'edit', NULL, NULL),
(787, 'team', 'del', NULL, NULL),
(788, 'task_category', 'add', NULL, NULL),
(789, 'task_category', 'edit', NULL, NULL),
(790, 'task_category', 'del', NULL, NULL),
(791, 'head_slider', 'add', NULL, NULL),
(792, 'head_slider', 'edit', NULL, NULL),
(793, 'head_slider', 'del', NULL, NULL),
(794, 'product_feedback', 'edit', NULL, NULL),
(795, 'product_feedback', 'del', NULL, NULL),
(796, 'multimedia', 'add', NULL, NULL),
(797, 'multimedia', 'edit', NULL, NULL),
(798, 'multimedia', 'del', NULL, NULL),
(799, 'general_info', 'add', NULL, NULL),
(800, 'general_info', 'edit', NULL, NULL),
(801, 'general_info', 'del', NULL, NULL);

-- --------------------------------------------------------

--
-- Table structure for table `personal_access_tokens`
--

CREATE TABLE `personal_access_tokens` (
  `id` bigint UNSIGNED NOT NULL,
  `tokenable_type` varchar(191) CHARACTER SET utf8mb4 COLLATE utf8mb4_unicode_ci NOT NULL,
  `tokenable_id` bigint UNSIGNED NOT NULL,
  `name` varchar(191) CHARACTER SET utf8mb4 COLLATE utf8mb4_unicode_ci NOT NULL,
  `token` varchar(64) CHARACTER SET utf8mb4 COLLATE utf8mb4_unicode_ci NOT NULL,
  `abilities` text CHARACTER SET utf8mb4 COLLATE utf8mb4_unicode_ci,
  `last_used_at` timestamp NULL DEFAULT NULL,
  `created_at` timestamp NULL DEFAULT NULL,
  `updated_at` timestamp NULL DEFAULT NULL
) ENGINE=InnoDB DEFAULT CHARSET=utf8mb4 COLLATE=utf8mb4_unicode_ci;

--
-- Dumping data for table `personal_access_tokens`
--

INSERT INTO `personal_access_tokens` (`id`, `tokenable_type`, `tokenable_id`, `name`, `token`, `abilities`, `last_used_at`, `created_at`, `updated_at`) VALUES
(1, 'App\\Models\\User', 1, 'authToken', 'e30589d54f7ed87e115a1870b7e8893fa0a272c83bfbdcce94a67b2b376c6817', '[\"*\"]', NULL, '2026-01-19 00:33:49', '2026-01-19 00:33:49'),
(2, 'App\\Models\\User', 1, 'authToken', 'c30aa3c84d0ae3a8a12bab367009a9fc9203c5cb8cedcbec04986a42d5250058', '[\"*\"]', NULL, '2026-01-19 00:34:05', '2026-01-19 00:34:05'),
(3, 'App\\Models\\User', 1, 'authToken', '1e91cf491b4bdb76fb9cdd0d2d49a961e38c74a38b7d58134f84ee80d4bd9183', '[\"*\"]', NULL, '2026-01-19 00:36:13', '2026-01-19 00:36:13'),
(4, 'App\\Models\\User', 1, 'authToken', '966090226cfb93bae08c401fa1600d832115f4a8d16daa4c5810f2eeb2b56a01', '[\"*\"]', NULL, '2026-01-19 00:43:47', '2026-01-19 00:43:47'),
(5, 'App\\Models\\User', 1, 'authToken', '3314a2f1ac5dd39e44bd0331ea403c569994b4b21346f130699faf3bd717231b', '[\"*\"]', NULL, '2026-01-19 17:44:34', '2026-01-19 17:44:34'),
(6, 'App\\Models\\User', 1, 'authToken', 'cfb305194d2e1ede9cddbbe3750ef7cd78b13379c75eb13cd95552d47c59d63d', '[\"*\"]', NULL, '2026-01-19 20:21:03', '2026-01-19 20:21:03'),
(7, 'App\\Models\\User', 19, 'authToken', 'cb2d16bd4477a388513ed80838303ff2251c237b9abaf55cf9bfade75f8a3288', '[\"*\"]', NULL, '2026-01-19 21:37:47', '2026-01-19 21:37:47'),
(8, 'App\\Models\\User', 1, 'authToken', '9217673dfe295eb8779e1ae9239df17d890dd1738bb6f0f08d90e146813acc89', '[\"*\"]', NULL, '2026-01-26 17:41:25', '2026-01-26 17:41:25'),
(9, 'App\\Models\\User', 1, 'authToken', 'e0d078ba55dfe71cf08ac5260694c13dd65be484041d42a43452f280c2a85eba', '[\"*\"]', NULL, '2026-01-26 23:49:32', '2026-01-26 23:49:32'),
(10, 'App\\Models\\User', 1, 'authToken', 'aae5c43108234861f0207cdb76148abc5a5d61ecd9cdfb03de97a71d711d9ffb', '[\"*\"]', NULL, '2026-01-27 11:11:46', '2026-01-27 11:11:46'),
(11, 'App\\Models\\User', 1, 'authToken', 'f164e93d3b9324fb4ff6db0c8db184f8591fee09c2874f4dad1af4f57392f426', '[\"*\"]', NULL, '2026-01-27 15:05:13', '2026-01-27 15:05:13'),
(12, 'App\\Models\\User', 1, 'authToken', 'ce5add5b0eec3d79e03ac7a0ec6dfcd7407b679212825987cd9639c1c8cb8ea0', '[\"*\"]', NULL, '2026-01-28 03:07:20', '2026-01-28 03:07:20'),
(13, 'App\\Models\\User', 1, 'authToken', 'b083190f686b2d219a1f463052e250c58ac680cae3188f98fc07497f97ee0bfc', '[\"*\"]', NULL, '2026-03-04 19:45:41', '2026-03-04 19:45:41'),
(14, 'App\\Models\\User', 1, 'authToken', '108970abd51c1b937c1c5f98dbccc953e371ef46fce0bed4e6561e94c7485712', '[\"*\"]', NULL, '2026-03-09 15:04:58', '2026-03-09 15:04:58'),
(15, 'App\\Models\\User', 1, 'authToken', '904538823787b443ac3e9bdc9903f7518c0b84ac77127bb2815c0c0311bdb636', '[\"*\"]', NULL, '2026-03-10 14:08:02', '2026-03-10 14:08:02'),
(16, 'App\\Models\\User', 1, 'authToken', '771cc482a3d89863df6a42d903ad6aea81cad22f05700311d962e4733c7280a7', '[\"*\"]', NULL, '2026-03-10 22:20:49', '2026-03-10 22:20:49'),
(17, 'App\\Models\\User', 1, 'authToken', '2eb7580dac5cc6b67515259367fa8577518104cb5a0c8a9c64835e81b0d508e3', '[\"*\"]', NULL, '2026-03-28 12:56:24', '2026-03-28 12:56:24'),
(18, 'App\\Models\\User', 1, 'authToken', '22cef84ae5c6e250ed0f51f09e39b3f84c95632faf7dfdc71cae654e6310fad9', '[\"*\"]', NULL, '2026-03-29 23:27:08', '2026-03-29 23:27:08'),
(19, 'App\\Models\\User', 1, 'authToken', 'e35220dbff2d4d51bdf591bc13152e800f29fe81a0008d40bfae46fb987b3187', '[\"*\"]', NULL, '2026-03-30 19:15:05', '2026-03-30 19:15:05'),
(20, 'App\\Models\\User', 1, 'authToken', '1c940ec36e7adb30e54859e3e004c68a2a1b06aa8c77ac23e0eea0676f909759', '[\"*\"]', NULL, '2026-04-03 01:53:56', '2026-04-03 01:53:56'),
(21, 'App\\Models\\User', 1, 'authToken', '699eab84a58c3a28860527e153384af876314aa459ce63ca2eca6d34fb7edf6a', '[\"*\"]', NULL, '2026-04-03 19:54:35', '2026-04-03 19:54:35'),
(22, 'App\\Models\\User', 1, 'authToken', '777bc34abf6b4580838ce21836fdbc5b215c1c7991d818dee8d08a4a68ad286d', '[\"*\"]', NULL, '2026-04-13 02:01:12', '2026-04-13 02:01:12'),
(23, 'App\\Models\\User', 1, 'authToken', '611e16d9b925d83a2ea79c1098481e872ca0009974c04de0d43177cdc47522d6', '[\"*\"]', NULL, '2026-04-13 13:41:41', '2026-04-13 13:41:41'),
(24, 'App\\Models\\User', 1, 'authToken', 'f4fb2b501a40f06634268b4490d4bd18a3cf26f767b2d76a188ddd4ebcb8a212', '[\"*\"]', NULL, '2026-04-15 18:21:01', '2026-04-15 18:21:01'),
(25, 'App\\Models\\User', 1, 'authToken', 'baa0dffbfac9d5bdc8d8447ecb9fdf31db9d71885f55ddb162835c3dcdcd81ef', '[\"*\"]', NULL, '2026-04-19 22:24:40', '2026-04-19 22:24:40'),
(26, 'App\\Models\\User', 25, 'authToken', '4ef55194041773f57cac279cf48f5255efb09ba5e886b7f48ff244d8975fc002', '[\"*\"]', NULL, '2026-04-20 11:57:44', '2026-04-20 11:57:44'),
(27, 'App\\Models\\User', 1, 'authToken', '39e6b7c18517b7e1b3bc63a0d8d27b559673527f6b76089df9e27f4f239e674a', '[\"*\"]', NULL, '2026-04-20 14:50:28', '2026-04-20 14:50:28'),
(28, 'App\\Models\\User', 1, 'authToken', '229e9e80d0aca1255a60e967da885848d00a4530b90afa91eeee36a4295d6e91', '[\"*\"]', NULL, '2026-04-21 22:15:02', '2026-04-21 22:15:02'),
(29, 'App\\Models\\User', 1, 'authToken', '9145e9e656ff47d5615559aadbe177aabc66611f0a78765d06cf33a0d0cd2d7f', '[\"*\"]', NULL, '2026-04-22 21:25:00', '2026-04-22 21:25:00'),
(30, 'App\\Models\\User', 1, 'authToken', '5d99263214875d1ea5f99f5cbc720c61fb1e8f59f73206701e909b4cb99fbf21', '[\"*\"]', NULL, '2026-04-23 21:44:38', '2026-04-23 21:44:38'),
(31, 'App\\Models\\User', 1, 'authToken', '46a6ef8c95b4b2339c5b4bdd0aa3999aa7433523338a6e3a76f23547881e932a', '[\"*\"]', NULL, '2026-04-26 16:14:23', '2026-04-26 16:14:23'),
(32, 'App\\Models\\User', 26, 'authToken', '1b1548738f8f55df2bbee2581ec5e3fdfa76f14a991dcf8dc053555f14e04e30', '[\"*\"]', NULL, '2026-05-02 23:41:40', '2026-05-02 23:41:40'),
(33, 'App\\Models\\User', 1, 'authToken', '694739d609cf19a65b84e8d99efa4c18f2858866bf7f48cf2ad4d40c4ead0143', '[\"*\"]', NULL, '2026-05-06 21:11:48', '2026-05-06 21:11:48'),
(34, 'App\\Models\\User', 25, 'authToken', '47876b23abdb9607e008b8f5865080bb1ddccc8ed1b9014411e39bd35d5f1155', '[\"*\"]', NULL, '2026-05-14 10:33:09', '2026-05-14 10:33:09'),
(35, 'App\\Models\\User', 1, 'authToken', '443134a002db58494aba52d7895c5c76e212effcc0f78c0b6480a73f8d1978ed', '[\"*\"]', NULL, '2026-05-14 16:26:43', '2026-05-14 16:26:43'),
(36, 'App\\Models\\User', 1, 'authToken', '0565d5e4cbebfc40ac530c567674ee4dd07e4d12949f62212aeed72dbdc2ac17', '[\"*\"]', NULL, '2026-05-17 11:04:23', '2026-05-17 11:04:23'),
(37, 'App\\Models\\User', 1, 'authToken', 'fbe10a00fdafe1a6fdc95c07492539ee143143e209302c5ab15c499c19c44162', '[\"*\"]', NULL, '2026-06-05 12:27:31', '2026-06-05 12:27:31'),
(38, 'App\\Models\\User', 1, 'authToken', '83049fe35ac853d83aba01b9262936f23fc14a7aa3359a4ecabb6f153ef8ea90', '[\"*\"]', NULL, '2026-06-23 17:12:18', '2026-06-23 17:12:18'),
(39, 'App\\Models\\User', 1, 'authToken', '1e88fead00c329c47c66426194c3a19d526789769fdddb7f210bf9f5d3439030', '[\"*\"]', NULL, '2026-06-23 17:15:38', '2026-06-23 17:15:38'),
(40, 'App\\Models\\User', 1, 'authToken', 'e0afe637e8135881ded1090567fd821a49ff94f4e87b653c987c3b3a6334b407', '[\"*\"]', NULL, '2026-06-23 17:26:59', '2026-06-23 17:26:59'),
(41, 'App\\Models\\User', 1, 'authToken', '39977519dd58eb251da7b8b06b79507145dab3a8637d37cef6b00d2e3222b9d3', '[\"*\"]', NULL, '2026-06-23 17:34:51', '2026-06-23 17:34:51'),
(42, 'App\\Models\\User', 1, 'authToken', 'e04af6c1857d4b899de318fb2f1a1c9c5085bb7930c81967b43665799cbb7d79', '[\"*\"]', NULL, '2026-06-25 13:14:26', '2026-06-25 13:14:26');

-- --------------------------------------------------------

--
-- Table structure for table `posts`
--

CREATE TABLE `posts` (
  `id` bigint UNSIGNED NOT NULL,
  `published` int DEFAULT NULL,
  `url_title` varchar(191) COLLATE utf8mb4_unicode_ci DEFAULT NULL,
  `image` varchar(191) COLLATE utf8mb4_unicode_ci DEFAULT NULL,
  `us_post_id` bigint UNSIGNED NOT NULL,
  `ka_post_id` bigint UNSIGNED NOT NULL,
  `user_id` bigint UNSIGNED NOT NULL,
  `created_at` timestamp NULL DEFAULT NULL,
  `updated_at` timestamp NULL DEFAULT NULL
) ENGINE=InnoDB DEFAULT CHARSET=utf8mb4 COLLATE=utf8mb4_unicode_ci;

-- --------------------------------------------------------

--
-- Table structure for table `products`
--

CREATE TABLE `products` (
  `id` bigint UNSIGNED NOT NULL,
  `url_title` varchar(191) CHARACTER SET utf8mb4 COLLATE utf8mb4_unicode_ci DEFAULT NULL,
  `published` int DEFAULT NULL,
  `made_in_georgia` int DEFAULT NULL,
  `is_donation_product` int DEFAULT NULL,
  `sale_type` varchar(191) CHARACTER SET utf8mb4 COLLATE utf8mb4_unicode_ci DEFAULT NULL,
  `us_product_id` bigint UNSIGNED NOT NULL,
  `ka_product_id` bigint UNSIGNED NOT NULL,
  `created_at` timestamp NULL DEFAULT NULL,
  `updated_at` timestamp NULL DEFAULT NULL,
  `brand_id` bigint UNSIGNED DEFAULT NULL,
  `subcategory_id` bigint UNSIGNED DEFAULT NULL,
  `is_manufacturing` int DEFAULT NULL
) ENGINE=InnoDB DEFAULT CHARSET=utf8mb4 COLLATE=utf8mb4_unicode_ci;

--
-- Dumping data for table `products`
--

INSERT INTO `products` (`id`, `url_title`, `published`, `made_in_georgia`, `is_donation_product`, `sale_type`, `us_product_id`, `ka_product_id`, `created_at`, `updated_at`, `brand_id`, `subcategory_id`, `is_manufacturing`) VALUES
(1, 'handboard', 1, 1, NULL, 'custom_production', 201, 1, '2021-03-02 17:05:28', '2025-10-01 23:02:26', 1, 5, NULL),
(2, 'mono_hengboard', 1, 1, NULL, 'custom_production', 202, 2, '2021-03-04 16:58:51', '2025-10-01 23:03:45', 1, 5, NULL),
(3, 'climbing_power_pistons', 0, NULL, NULL, NULL, 203, 3, '2021-03-04 17:03:30', '2023-09-06 20:29:16', 1, NULL, NULL),
(4, 'climbing_brush', 1, NULL, NULL, 'online_order', 204, 4, '2021-03-04 17:07:14', '2025-04-25 12:28:03', 1, 15, NULL),
(5, 'liquid_chalk_for_climbing', 1, NULL, NULL, 'custom_production', 205, 5, '2021-03-04 17:11:24', '2025-05-29 17:11:47', 1, 18, NULL),
(6, 'home_training_zone', 1, 1, NULL, 'custom_production', 206, 6, '2021-03-20 05:04:41', '2025-06-20 18:10:05', 1, 5, NULL),
(7, 'hold_1', 1, 1, NULL, 'custom_production', 207, 7, '2021-05-07 14:48:43', '2026-03-30 20:28:40', 1, 3, NULL),
(8, 'hold_2', 1, 1, NULL, 'custom_production', 208, 8, '2021-05-07 14:52:56', '2026-03-30 20:56:01', 1, 3, NULL),
(9, 'hold_3', 1, 1, NULL, 'custom_production', 209, 9, '2021-05-19 15:38:24', '2025-12-19 17:11:32', 1, 3, NULL),
(10, 'hold_4', 1, 1, NULL, 'custom_production', 210, 10, '2021-05-19 15:42:11', '2026-03-30 21:50:01', 1, 3, NULL),
(11, 'hold_5', 1, 1, NULL, 'custom_production', 211, 11, '2021-05-19 15:44:19', '2026-03-30 21:54:41', 1, 23, NULL),
(12, 'hold_6', 1, 1, NULL, 'custom_production', 212, 12, '2021-05-19 15:47:15', '2026-03-30 22:00:29', 1, 3, NULL),
(13, 'hold_7', 0, 1, NULL, 'custom_production', 213, 13, '2021-05-19 15:50:19', '2024-04-07 00:43:41', 1, NULL, NULL),
(14, 'holds_kit_1', 0, NULL, NULL, NULL, 214, 14, '2021-05-19 15:52:39', '2021-12-15 17:03:25', 1, NULL, NULL),
(15, 'hold_8', 0, 1, NULL, 'custom_production', 215, 15, '2021-05-19 16:06:29', '2024-04-08 20:25:16', 1, NULL, NULL),
(16, 'hold_9', 0, 1, NULL, 'custom_production', 216, 16, '2021-05-19 16:09:14', '2024-04-08 20:26:31', 1, NULL, NULL),
(17, 'hold_10', 0, 1, NULL, 'custom_production', 217, 17, '2021-05-26 06:35:52', '2024-04-08 20:27:09', 1, NULL, NULL),
(18, 'hold_11', 0, 1, NULL, 'custom_production', 218, 18, '2021-08-26 01:20:20', '2024-04-08 20:27:26', 1, NULL, NULL),
(19, 'hold_12', 0, 1, NULL, 'custom_production', 219, 19, '2021-08-26 01:23:03', '2024-04-08 20:30:07', 1, NULL, NULL),
(20, 'hold_13', 0, 1, NULL, 'custom_production', 220, 20, '2021-08-26 01:25:37', '2024-07-07 00:12:17', 1, NULL, NULL),
(21, 'holds_kit_2', 0, NULL, NULL, NULL, 221, 21, '2021-08-26 01:27:10', '2021-12-15 17:03:09', 1, NULL, NULL),
(22, 'hold_14', 0, 1, NULL, 'custom_production', 222, 22, '2021-08-26 01:29:26', '2024-07-07 00:11:27', 1, NULL, NULL),
(23, 'one_pocket_fingerboard', 1, 1, NULL, 'custom_production', 223, 23, '2021-08-26 01:31:39', '2025-10-01 23:19:31', 1, 5, NULL),
(24, 'climbing_hold_bolt', 1, 0, NULL, 'custom_production', 224, 24, '2021-08-26 11:19:14', '2025-06-20 18:03:19', 1, 21, NULL),
(25, 'hold_15', 0, 1, NULL, 'custom_production', 225, 25, '2021-08-26 11:27:18', '2023-12-30 19:51:59', 1, NULL, NULL),
(26, 'hold_16', 0, 1, NULL, 'custom_production', 226, 26, '2021-08-26 11:30:50', '2024-04-08 20:33:51', 1, NULL, NULL),
(27, 'hold_17', 0, 1, NULL, 'custom_production', 227, 27, '2021-08-26 11:37:50', '2024-04-08 20:35:02', 1, NULL, NULL),
(28, 'tnuts', 1, 0, NULL, 'custom_production', 228, 28, '2021-08-26 11:41:06', '2025-06-20 17:52:26', 1, 21, NULL),
(30, 'hold_18', 0, 1, NULL, 'custom_production', 230, 30, '2021-12-15 17:04:05', '2024-04-08 20:35:54', 1, NULL, NULL),
(31, 'hold_19', 0, 1, NULL, 'custom_production', 231, 31, '2021-12-15 17:15:11', '2023-12-30 19:56:40', 1, NULL, NULL),
(32, 'hold_20', 0, 1, NULL, 'custom_production', 232, 32, '2021-12-15 17:20:52', '2023-12-30 19:56:52', 1, NULL, NULL),
(33, 'hold_21', 0, 1, NULL, 'custom_production', 233, 33, '2021-12-15 17:29:54', '2023-12-30 19:57:04', 1, NULL, NULL),
(34, 'holds_set_1', 0, 1, NULL, 'custom_production', 234, 34, '2021-12-15 17:31:53', '2023-12-30 19:57:14', 1, NULL, NULL),
(35, 'holds_set_2', 0, 1, NULL, 'custom_production', 235, 35, '2021-12-15 17:35:38', '2023-12-30 19:57:26', 1, NULL, NULL),
(36, 'holds_set_3', 0, 1, NULL, 'custom_production', 236, 36, '2021-12-16 16:39:23', '2023-12-30 19:57:37', 1, NULL, NULL),
(37, 'hold_22', 0, 1, NULL, 'custom_production', 237, 37, '2021-12-16 16:41:51', '2023-12-30 19:57:49', 1, NULL, NULL),
(38, 'hold_23', 0, 1, NULL, 'custom_production', 238, 38, '2021-12-16 16:44:49', '2023-12-30 19:58:01', 1, NULL, NULL),
(39, 'wooden_holds_for_kids', 1, 1, NULL, 'custom_production', 239, 39, '2021-12-16 16:46:44', '2026-01-19 20:29:32', 1, 25, NULL),
(40, 'micro_holds_1', 0, 1, NULL, 'custom_production', 240, 40, '2021-12-16 16:52:41', '2023-12-30 19:58:23', 1, NULL, NULL),
(41, 'chalk_bag', 1, 0, NULL, 'online_order', 241, 41, '2022-02-07 17:09:14', '2025-06-20 17:47:18', 1, 19, NULL),
(42, 'climbing_rope_bag', 1, 0, NULL, 'online_order', 242, 42, '2022-02-07 17:13:35', '2025-06-20 17:43:41', 1, 17, NULL),
(43, 'belay_glasses', 1, 0, NULL, 'custom_production', 243, 43, '2022-02-07 17:34:23', '2025-06-20 17:41:09', 1, 20, NULL),
(44, 'home_exercise_stand', 0, 1, NULL, 'custom_production', 244, 44, '2022-03-01 16:33:31', '2023-12-30 19:59:24', 1, NULL, NULL),
(45, 'climbing_volumes', 0, NULL, NULL, NULL, 245, 45, '2022-06-17 02:47:58', '2023-09-06 20:28:50', 1, NULL, NULL),
(46, 'georgian_alphabet', 0, 1, NULL, 'custom_production', 247, 246, NULL, NULL, 1, NULL, NULL),
(47, 'english_alphabet', 0, 1, NULL, 'custom_production', 249, 248, NULL, NULL, 1, NULL, NULL),
(48, 'dynamic_rope_rgrd97', 1, NULL, NULL, 'custom_production', 251, 250, NULL, '2026-01-28 03:31:32', 2, 27, NULL),
(49, 'stand_free_climbing_wall_45x45_meters_35_degree_', 1, 1, NULL, 'custom_production', 253, 252, NULL, '2026-05-14 16:29:34', 1, 22, NULL),
(50, 'handstand_push_up_stand_tripod_holder', 1, 1, NULL, 'online_order', 255, 254, NULL, '2025-10-10 15:15:06', 2, 6, NULL),
(51, 'climbing_tape', 1, NULL, NULL, 'online_order', 257, 256, NULL, '2025-10-15 14:35:27', 1, 15, NULL),
(52, 'fingerboard_one', 1, 1, NULL, 'custom_production', 259, 258, NULL, '2025-10-01 23:25:09', 1, 5, NULL),
(53, 'fingerboard_for_traveling', 1, 1, NULL, 'custom_production', 261, 260, NULL, '2025-10-01 23:23:19', 1, 5, NULL),
(54, 'chalk', 1, NULL, NULL, 'online_order', 263, 262, NULL, '2025-04-24 17:47:32', 1, 18, NULL),
(57, 'shark_climbing_chalk_bag', 1, NULL, NULL, 'online_order', 275, 274, NULL, '2025-05-29 17:17:21', 1, 19, NULL),
(58, 'bear_climbing_chalk_bag', 1, NULL, NULL, 'custom_production', 277, 276, NULL, '2025-05-29 17:20:28', 1, 19, NULL),
(61, 'led_portable_outdoor_sports_headlamp', 1, NULL, NULL, 'online_order', 283, 282, NULL, '2026-02-22 22:03:26', 1, 28, NULL),
(62, 'mini_thermometer_+_compass', 1, NULL, NULL, 'online_order', 285, 284, NULL, NULL, 1, 28, NULL),
(63, 'gloves', 1, NULL, NULL, 'online_order', 287, 286, NULL, '2026-02-22 22:08:28', 1, 29, NULL),
(64, 'climbing_rope_brush_', 1, NULL, NULL, 'custom_production', 289, 288, NULL, NULL, 1, 15, NULL),
(65, 'climbing_shoes', 1, NULL, NULL, 'online_order', 291, 290, NULL, '2026-04-22 21:32:42', 1, 30, NULL),
(66, 'liquid_chalk', 1, NULL, NULL, 'online_order', 293, 292, NULL, '2026-04-23 21:49:33', 1, 18, NULL),
(67, 'hold__fingrtboard', 1, 1, NULL, 'online_order', 295, 294, NULL, '2026-05-07 12:10:45', 1, 3, NULL),
(68, 'colorful_climbing_tape', 1, NULL, NULL, 'online_order', 297, 296, NULL, NULL, 1, 28, NULL);

-- --------------------------------------------------------

--
-- Table structure for table `product_brands`
--

CREATE TABLE `product_brands` (
  `id` bigint UNSIGNED NOT NULL,
  `us_brand_id` bigint UNSIGNED NOT NULL,
  `ka_brand_id` bigint UNSIGNED NOT NULL,
  `created_at` timestamp NULL DEFAULT NULL,
  `updated_at` timestamp NULL DEFAULT NULL
) ENGINE=InnoDB DEFAULT CHARSET=utf8mb4 COLLATE=utf8mb4_unicode_ci;

--
-- Dumping data for table `product_brands`
--

INSERT INTO `product_brands` (`id`, `us_brand_id`, `ka_brand_id`, `created_at`, `updated_at`) VALUES
(1, 1, 2, NULL, NULL),
(2, 3, 4, NULL, NULL);

-- --------------------------------------------------------

--
-- Table structure for table `product_categories`
--

CREATE TABLE `product_categories` (
  `id` bigint UNSIGNED NOT NULL,
  `us_name` varchar(191) CHARACTER SET utf8mb4 COLLATE utf8mb4_unicode_ci DEFAULT NULL,
  `ka_name` varchar(191) CHARACTER SET utf8mb4 COLLATE utf8mb4_unicode_ci DEFAULT NULL,
  `created_at` timestamp NULL DEFAULT NULL,
  `updated_at` timestamp NULL DEFAULT NULL
) ENGINE=InnoDB DEFAULT CHARSET=utf8mb4 COLLATE=utf8mb4_unicode_ci;

--
-- Dumping data for table `product_categories`
--

INSERT INTO `product_categories` (`id`, `us_name`, `ka_name`, `created_at`, `updated_at`) VALUES
(1, 'Climbing trainers', 'საცოცი ტრენაჟორები', '2021-03-02 20:53:46', '2021-03-02 20:53:46'),
(3, 'Rock Climbing Gear', 'აღჭურვილობა ცოცვისთვის', '2021-03-02 20:55:28', '2024-12-17 01:32:37'),
(4, 'Rope Access Gear', 'სასიმაღლო სამუშაოების აღჭურვილობა', '2021-03-02 20:58:09', '2024-12-17 01:36:56'),
(5, 'Clothes', 'ტანსაცმელი', '2021-03-02 20:59:29', '2024-12-17 01:34:24'),
(6, 'Climbing accessories', 'ცოცვაის აქსესუარები', '2021-03-02 21:00:36', '2021-03-02 21:00:36'),
(7, 'Climbing volumes', 'რელიეფი ცოცვისთვის', '2021-03-02 21:02:44', '2021-03-02 21:02:44'),
(10, 'Climbing holds', 'საცოცი საჭიდები', '2021-05-19 19:38:04', '2024-12-17 01:26:48'),
(13, 'Chalk And Chalk Bag', 'მაგნაეზია და მაგნეზიის ტომრები', '2025-04-24 17:46:36', '2025-04-24 17:46:36'),
(14, 'Climbing Wall Parts', 'საცოცი კედლის დეტალები', '2025-05-31 22:39:30', '2025-05-31 22:39:30'),
(15, 'Climbing wall', 'საცოცი კედელი', '2025-12-09 14:13:04', '2025-12-09 14:13:04'),
(16, 'Holds for kids', 'საჭიდები ბავშვებისთვის', '2025-12-30 00:53:30', '2025-12-30 00:53:30'),
(17, 'Climbing Shoes', 'საცოცი ფეხსაცმელი', '2026-04-22 21:26:46', '2026-04-22 21:26:46');

-- --------------------------------------------------------

--
-- Table structure for table `product_feedbacks`
--

CREATE TABLE `product_feedbacks` (
  `id` bigint UNSIGNED NOT NULL,
  `name` varchar(191) CHARACTER SET utf8mb4 COLLATE utf8mb4_unicode_ci DEFAULT NULL,
  `surname` varchar(191) CHARACTER SET utf8mb4 COLLATE utf8mb4_unicode_ci DEFAULT NULL,
  `email` varchar(191) CHARACTER SET utf8mb4 COLLATE utf8mb4_unicode_ci DEFAULT NULL,
  `text` text CHARACTER SET utf8mb4 COLLATE utf8mb4_unicode_ci,
  `stars` varchar(191) CHARACTER SET utf8mb4 COLLATE utf8mb4_unicode_ci DEFAULT NULL,
  `published` int DEFAULT NULL,
  `deleted_reason` varchar(191) CHARACTER SET utf8mb4 COLLATE utf8mb4_unicode_ci DEFAULT NULL,
  `deleted_at` timestamp NULL DEFAULT NULL,
  `have_product` bigint UNSIGNED DEFAULT NULL,
  `product_id` bigint UNSIGNED NOT NULL,
  `created_at` timestamp NULL DEFAULT NULL,
  `updated_at` timestamp NULL DEFAULT NULL
) ENGINE=InnoDB DEFAULT CHARSET=utf8mb4 COLLATE=utf8mb4_unicode_ci;

--
-- Dumping data for table `product_feedbacks`
--

INSERT INTO `product_feedbacks` (`id`, `name`, `surname`, `email`, `text`, `stars`, `published`, `deleted_reason`, `deleted_at`, `have_product`, `product_id`, `created_at`, `updated_at`) VALUES
(1, 'Temo', 'Samsonadze', 'samsonadze.temo9@gmail.com', 'test', '2', 1, NULL, NULL, 1, 30, NULL, NULL);

-- --------------------------------------------------------

--
-- Table structure for table `product_feedback_complaints`
--

CREATE TABLE `product_feedback_complaints` (
  `id` bigint UNSIGNED NOT NULL,
  `complaint` varchar(191) CHARACTER SET utf8mb4 COLLATE utf8mb4_unicode_ci DEFAULT NULL,
  `cause` varchar(191) CHARACTER SET utf8mb4 COLLATE utf8mb4_unicode_ci DEFAULT NULL,
  `user_id` bigint UNSIGNED NOT NULL,
  `feedback_id` bigint UNSIGNED NOT NULL,
  `created_at` timestamp NULL DEFAULT NULL,
  `updated_at` timestamp NULL DEFAULT NULL
) ENGINE=InnoDB DEFAULT CHARSET=utf8mb4 COLLATE=utf8mb4_unicode_ci;

-- --------------------------------------------------------

--
-- Table structure for table `product_options`
--

CREATE TABLE `product_options` (
  `id` bigint UNSIGNED NOT NULL,
  `name` varchar(191) CHARACTER SET utf8mb4 COLLATE utf8mb4_unicode_ci DEFAULT NULL,
  `price` varchar(191) CHARACTER SET utf8mb4 COLLATE utf8mb4_unicode_ci DEFAULT NULL,
  `currency` varchar(191) CHARACTER SET utf8mb4 COLLATE utf8mb4_unicode_ci DEFAULT NULL,
  `discount` int DEFAULT NULL,
  `product_id` bigint UNSIGNED NOT NULL,
  `created_at` timestamp NULL DEFAULT NULL,
  `updated_at` timestamp NULL DEFAULT NULL
) ENGINE=InnoDB DEFAULT CHARSET=utf8mb4 COLLATE=utf8mb4_unicode_ci;

--
-- Dumping data for table `product_options`
--

INSERT INTO `product_options` (`id`, `name`, `price`, `currency`, `discount`, `product_id`, `created_at`, `updated_at`) VALUES
(3, 'Fingerboard', '70', '₾', NULL, 1, '2023-05-07 17:31:19', '2025-10-01 23:02:13'),
(4, '2 Pic', '35', '₾', NULL, 2, '2023-05-07 17:37:55', '2025-10-01 23:03:18'),
(5, 'M', '50', '₾', NULL, 3, '2023-05-07 17:42:39', '2023-05-07 17:42:39'),
(6, 'Plastic brash', '10', '₾', NULL, 4, '2023-05-07 18:01:30', '2025-05-29 17:38:51'),
(7, 'Wite', '18', '₾', 0, 7, '2024-04-06 23:29:32', '2026-03-30 20:30:05'),
(10, 'Yellow', '18', '₾', 0, 7, '2024-04-07 00:14:34', '2026-03-30 20:30:31'),
(11, 'Blue', '18', '₾', 0, 7, '2024-04-07 00:14:48', '2026-03-30 20:33:12'),
(15, 'Rad', '20', '₾', 0, 8, '2024-04-07 00:35:55', '2026-03-30 20:53:01'),
(16, 'Blue', '20', '₾', 0, 8, '2024-04-07 00:36:28', '2026-03-30 20:53:32'),
(17, 'Yellow', '20', '₾', 0, 8, '2024-04-07 00:36:58', '2026-03-30 20:54:03'),
(18, 'Wite', '20', '₾', 0, 8, '2024-04-07 00:37:16', '2026-03-30 20:54:40'),
(19, 'Rad', '20', '₾', 0, 9, '2024-04-07 00:38:12', '2026-03-30 21:13:42'),
(20, 'Blue', '20', '₾', 0, 9, '2024-04-07 00:38:29', '2026-03-30 21:13:05'),
(21, 'Rad', '22', '₾', 0, 10, '2024-04-07 00:39:14', '2026-03-30 21:47:44'),
(22, 'Rad', '22', '₾', 0, 10, '2024-04-07 00:39:53', '2026-03-30 21:47:40'),
(23, 'Blue', '15', '₾', 0, 12, '2024-04-07 00:40:59', '2026-03-30 21:58:33'),
(24, 'Green', '15', '₾', 0, 12, '2024-04-07 00:41:26', '2026-03-30 21:58:27'),
(25, 'Rad', '14', '₾', 0, 11, '2024-04-07 00:42:13', '2026-03-30 21:51:08'),
(26, 'Rad', '12', '₾', NULL, 13, '2024-04-07 00:43:06', '2024-04-07 00:43:32'),
(27, 'Blue', '12', '₾', NULL, 13, '2024-04-07 00:43:23', '2024-04-07 00:43:23'),
(28, 'Blue', '8', '₾', NULL, 15, '2024-04-08 20:12:42', '2024-04-08 20:25:06'),
(29, 'Red', '8', '₾', NULL, 15, '2024-04-08 20:24:57', '2024-04-08 20:24:57'),
(30, 'Red', '12', '₾', NULL, 16, '2024-04-08 20:26:05', '2024-04-08 20:26:05'),
(31, 'Blue', '12', '₾', NULL, 16, '2024-04-08 20:26:24', '2024-04-08 20:26:24'),
(32, 'Blue', '13', '₾', NULL, 17, '2024-04-08 20:27:04', '2024-04-08 20:27:04'),
(33, 'Blue', '19', '₾', NULL, 18, '2024-04-08 20:28:10', '2024-06-09 11:56:16'),
(34, 'Red', '19', '₾', NULL, 18, '2024-04-08 20:28:40', '2024-04-08 20:28:40'),
(35, 'Blue', '19', '₾', NULL, 19, '2024-04-08 20:29:19', '2024-04-08 20:29:19'),
(36, 'Red', '19', '₾', NULL, 19, '2024-04-08 20:29:37', '2024-04-08 20:29:37'),
(37, 'Green', '19', '₾', NULL, 19, '2024-04-08 20:30:00', '2024-04-08 20:30:00'),
(38, 'Red', '22', '₾', NULL, 20, '2024-04-08 20:30:48', '2024-07-07 00:10:39'),
(39, 'Green', '23', '₾', NULL, 22, '2024-04-08 20:31:37', '2024-07-07 00:11:12'),
(40, 'Red', '23', '₾', NULL, 22, '2024-04-08 20:31:54', '2024-07-07 00:11:19'),
(41, 'Yellow', '11', '₾', NULL, 26, '2024-04-08 20:33:44', '2024-04-08 20:33:44'),
(42, 'Blue', '10', '₾', NULL, 27, '2024-04-08 20:34:27', '2024-04-08 20:34:27'),
(43, 'Red', '10', '₾', NULL, 27, '2024-04-08 20:34:41', '2024-04-08 20:34:41'),
(44, 'Green', '10', '₾', NULL, 27, '2024-04-08 20:34:57', '2024-04-08 20:34:57'),
(45, 'Green', '11', '₾', NULL, 30, '2024-04-08 20:35:46', '2024-04-08 20:35:46'),
(46, 'M10 (10MM)', '2', '₾', NULL, 28, '2024-04-08 20:38:27', '2025-05-31 22:41:39'),
(47, 'M8 (10MM)', '2', '₾', NULL, 28, '2024-04-08 20:38:43', '2025-05-31 22:42:16'),
(48, 'ა', '15', '₾', NULL, 46, '2024-10-23 02:13:50', '2024-10-23 02:13:50'),
(49, 'ბ', '15', '₾', NULL, 46, '2024-10-23 02:14:02', '2024-10-23 02:14:02'),
(50, 'გ', '15', '₾', NULL, 46, '2024-10-23 02:14:23', '2024-10-23 02:14:23'),
(51, 'დ', '15', '₾', NULL, 46, '2024-10-23 02:14:32', '2024-10-23 02:14:32'),
(52, 'ე', '15', '₾', NULL, 46, '2024-10-23 02:14:42', '2024-10-23 02:14:42'),
(53, 'ვ', '15', '₾', NULL, 46, '2024-10-23 02:14:49', '2024-10-23 02:14:49'),
(54, 'ზ', '15', '₾', NULL, 46, '2024-10-23 02:15:02', '2024-10-23 02:15:02'),
(55, 'თ', '15', '₾', NULL, 46, '2024-10-23 02:15:12', '2024-10-23 02:15:12'),
(56, 'ი', '15', '₾', NULL, 46, '2024-10-23 02:15:20', '2024-10-23 02:15:20'),
(57, 'კ', '15', '₾', NULL, 46, '2024-10-23 02:15:28', '2024-10-23 02:15:28'),
(58, 'ლ', '15', '₾', NULL, 46, '2024-10-23 02:15:37', '2024-10-23 02:15:37'),
(59, 'მ', '15', '₾', NULL, 46, '2024-10-23 02:15:45', '2024-10-23 02:15:45'),
(60, 'თ', '15', '₾', NULL, 46, '2024-10-23 02:15:55', '2024-10-23 02:15:55'),
(61, 'A', '15', '₾', NULL, 47, '2024-10-23 02:16:18', '2024-10-23 02:16:18'),
(62, 'B', '15', '₾', NULL, 47, '2024-10-23 02:16:24', '2024-10-23 02:16:24'),
(63, 'C', '15', '₾', NULL, 47, '2024-10-23 02:16:34', '2024-10-23 02:16:34'),
(64, 'D', '15', '₾', NULL, 47, '2024-10-23 02:16:41', '2024-10-23 02:16:41'),
(65, 'E', '15', '₾', NULL, 47, '2024-10-23 02:16:49', '2024-10-23 02:16:49'),
(66, 'F', '15', '₾', NULL, 47, '2024-10-23 02:17:05', '2024-10-23 02:17:05'),
(67, 'G', '15', '₾', NULL, 47, '2024-10-23 02:17:23', '2024-10-23 02:17:23'),
(68, 'H', '15', '₾', NULL, 47, '2024-10-23 02:17:31', '2024-10-23 02:17:31'),
(71, '1 M', '12', '₾', 0, 48, '2025-01-14 18:59:47', '2026-01-24 23:51:51'),
(72, 'Climbing wall (4.5 X 4.5)', '8000', '₾', 0, 49, '2025-01-14 19:10:00', '2026-05-14 00:42:03'),
(73, 'Climbing wall (4.5 X 4.5) + Mattress', '11000', '₾', 0, 49, '2025-01-14 19:10:42', '2026-05-14 00:46:11'),
(74, '2 Pic', '65', '₾', NULL, 50, '2025-01-14 19:22:50', '2025-10-15 14:33:53'),
(78, 'One', '95', '₾', NULL, 52, '2025-01-14 19:41:30', '2025-10-01 23:33:05'),
(81, 'Fingerboar for traveling', '60', '₾', NULL, 53, '2025-01-14 19:45:56', '2025-10-01 23:22:53'),
(84, '55 G', '10', '₾', NULL, 54, '2025-02-05 12:05:03', '2025-02-05 12:13:39'),
(86, '8 pic', '75', '₾', NULL, 54, '2025-04-24 17:51:04', '2025-04-24 17:51:04'),
(87, 'Rad', '55', '₾', 5, 42, '2025-04-24 18:06:20', '2026-05-29 02:46:39'),
(88, 'Orang', '55', '₾', 5, 42, '2025-04-24 18:06:41', '2026-05-29 02:46:46'),
(89, 'Black', '55', '₾', NULL, 42, '2025-04-24 18:07:02', '2025-04-24 18:07:02'),
(90, 'Black', '30', '₾', 10, 41, '2025-04-24 18:08:20', '2026-05-29 02:45:03'),
(91, 'Blue', '30', '₾', 10, 41, '2025-04-24 18:08:37', '2026-05-29 02:45:11'),
(92, 'Shark (Gray)', '60', '₾', NULL, 57, '2025-05-04 00:39:13', '2025-05-29 22:35:39'),
(93, '50 ML', '10', '₾', NULL, 5, '2025-05-29 17:12:41', '2025-05-29 17:12:41'),
(94, 'Shark (Blue)', '60', '₾', NULL, 57, '2025-05-29 17:13:51', '2025-05-29 22:35:44'),
(95, 'Bear', '60', '₾', 10, 58, '2025-05-29 17:21:00', '2026-05-29 02:45:50'),
(96, 'Belay Glasses', '75', '₾', NULL, 43, '2025-05-29 17:29:49', '2025-05-29 22:36:02'),
(97, 'M10 (4CM)', '2', '₾', NULL, 24, '2025-05-31 22:46:27', '2025-05-31 22:47:18'),
(98, 'M10 (8CM)', '2', '₾', NULL, 24, '2025-05-31 22:47:07', '2025-05-31 22:47:07'),
(99, 'M10 (10CM)', '3', '₾', NULL, 24, '2025-05-31 22:47:52', '2025-05-31 22:47:52'),
(100, '1', '1000', '₾', NULL, 6, '2025-05-31 22:49:37', '2025-05-31 22:49:37'),
(101, '16 MM', '20', '₾', NULL, 23, '2025-10-01 23:05:24', '2025-10-01 23:05:24'),
(102, '20 MM', '20', '₾', NULL, 23, '2025-10-01 23:10:40', '2025-10-01 23:10:40'),
(103, '25 MM', '20', '₾', NULL, 23, '2025-10-01 23:11:03', '2025-10-01 23:11:03'),
(104, '3 Pic', '50', '₾', NULL, 23, '2025-10-01 23:11:43', '2025-10-01 23:11:43'),
(105, '5მმ', '5', '₾', NULL, 51, '2025-10-10 15:15:27', '2025-10-10 15:15:27'),
(106, 'Climbing wall (4.5 X 4.5) + Mattress & 50 Holds', '12000', '₾', 0, 49, '2025-12-09 14:15:50', '2026-05-14 00:46:20'),
(107, 'Climbing wall (4.5 X 4.5) + Mattress & 100 Holds', '13000', '₾', 0, 49, '2025-12-09 14:16:08', '2026-05-14 00:46:27'),
(108, 'Climbing wall (4.5 X 4.5) + Mattress & 150 Holds', '14000', '₾', 0, 49, '2025-12-09 14:16:20', '2026-05-14 00:46:35'),
(109, 'Climbing wall (4.5 X 4.5) + Mattress & 200 Holds', '15000', '₾', 0, 49, '2025-12-09 14:16:32', '2026-05-14 00:46:40'),
(110, 'Climbing wall (4.5 X 4.5) + Mattress & 500 Holds', '21000', '₾', 0, 49, '2025-12-09 14:18:58', '2026-05-14 00:46:51'),
(111, 'Fish 1', '30', '₾', 0, 39, '2026-01-19 20:30:29', '2026-01-19 20:30:29'),
(112, 'Fish 2', '30', '₾', 0, 39, '2026-01-19 20:36:07', '2026-01-19 20:36:07'),
(113, 'Meduza', '30', '₾', 0, 39, '2026-01-19 20:36:42', '2026-01-19 20:36:42'),
(114, 'Delphine', '30', '₾', 0, 39, '2026-01-19 20:37:37', '2026-01-19 20:37:37'),
(115, 'Star (1 Pic)', '25', '₾', 0, 39, '2026-01-19 20:44:48', '2026-01-19 20:44:48'),
(116, 'Whale', '30', '₾', 0, 39, '2026-01-19 20:45:49', '2026-01-19 20:45:49'),
(117, 'Turtle', '30', '₾', 0, 39, '2026-01-19 20:46:31', '2026-01-19 20:46:31'),
(118, 'LED', '20', '₾', 0, 61, '2026-02-22 22:09:46', '2026-02-22 22:09:46'),
(119, 'Mini Thermometer + Compass', '10', '₾', 0, 62, '2026-02-22 22:11:39', '2026-02-22 22:11:39'),
(120, 'L (Black)', '20', '₾', 0, 63, '2026-02-22 22:13:01', '2026-02-22 22:13:01'),
(121, 'Rad', '18', '₾', 0, 7, '2026-03-30 20:32:29', '2026-03-30 20:33:01'),
(122, 'Yellow', '20', '₾', 0, 9, '2026-03-30 21:13:33', '2026-03-30 21:14:37'),
(123, 'Wite', '20', '₾', 0, 9, '2026-03-30 21:14:07', '2026-03-30 21:14:07'),
(124, 'Blue', '22', '₾', 0, 10, '2026-03-30 21:47:35', '2026-03-30 21:47:35'),
(125, 'Wite', '22', '₾', 0, 10, '2026-03-30 21:48:36', '2026-03-30 21:48:36'),
(126, 'Blue', '14', '₾', 0, 11, '2026-03-30 21:52:09', '2026-03-30 21:52:09'),
(127, 'yellow', '14', '₾', 0, 11, '2026-03-30 21:52:48', '2026-03-30 21:52:48'),
(128, 'With', '14', '₾', 0, 11, '2026-03-30 21:53:21', '2026-03-30 21:53:21'),
(129, 'Wite', '15', '₾', 0, 12, '2026-03-30 21:58:55', '2026-03-30 21:58:55'),
(130, 'Yellow', '15', '₾', 0, 12, '2026-03-30 21:59:33', '2026-03-30 21:59:33'),
(131, 'Brush ', '35', '₾', 0, 64, '2026-04-13 02:11:53', '2026-04-13 02:11:53'),
(132, '42', '175', '₾', 0, 65, '2026-04-22 21:30:51', '2026-04-22 21:31:37'),
(133, '100 Ml', '15', '₾', 0, 66, '2026-04-23 21:50:52', '2026-04-23 21:50:52'),
(134, '150 Ml', '20', '₾', 0, 66, '2026-04-23 21:51:04', '2026-04-23 21:51:13'),
(135, '200 Ml', '25', '₾', 0, 66, '2026-04-23 21:51:28', '2026-04-23 21:51:36'),
(136, '250 Ml', '30', '₾', 0, 66, '2026-04-23 21:51:57', '2026-04-23 21:52:21'),
(137, 'Yellow', '20', '₾', 0, 67, '2026-05-07 12:09:18', '2026-05-07 12:09:18'),
(138, 'Blue', '20', '₾', 0, 67, '2026-05-07 12:09:39', '2026-05-07 12:09:39'),
(139, '6 colors', '25', '₾', 0, 68, '2026-05-15 19:13:37', '2026-05-15 19:13:37'),
(140, 'Yellow', '5', '₾', 0, 68, '2026-05-15 19:35:29', '2026-05-15 19:35:29'),
(141, 'Blue', '5', '₾', 0, 68, '2026-05-15 19:35:52', '2026-05-15 19:35:52'),
(142, 'Green', '5', '₾', 0, 68, '2026-05-15 19:36:25', '2026-05-15 19:36:42'),
(143, 'Purple', '5', '₾', 0, 68, '2026-05-15 19:38:18', '2026-05-15 19:38:18'),
(144, 'Rad', '5', '₾', 0, 68, '2026-05-15 19:40:15', '2026-05-15 19:40:15'),
(145, 'Pink', '5', '₾', 0, 68, '2026-05-15 20:03:37', '2026-05-15 20:03:37');

-- --------------------------------------------------------

--
-- Table structure for table `product_option_tasks`
--

CREATE TABLE `product_option_tasks` (
  `id` bigint UNSIGNED NOT NULL,
  `product_option_id` bigint UNSIGNED NOT NULL,
  `task_id` bigint UNSIGNED NOT NULL,
  `created_at` timestamp NULL DEFAULT NULL,
  `updated_at` timestamp NULL DEFAULT NULL
) ENGINE=InnoDB DEFAULT CHARSET=utf8mb4 COLLATE=utf8mb4_unicode_ci;

-- --------------------------------------------------------

--
-- Table structure for table `product_subcategories`
--

CREATE TABLE `product_subcategories` (
  `id` bigint UNSIGNED NOT NULL,
  `us_name` varchar(191) CHARACTER SET utf8mb4 COLLATE utf8mb4_unicode_ci DEFAULT NULL,
  `ka_name` varchar(191) CHARACTER SET utf8mb4 COLLATE utf8mb4_unicode_ci DEFAULT NULL,
  `category_id` bigint UNSIGNED NOT NULL,
  `created_at` timestamp NULL DEFAULT NULL,
  `updated_at` timestamp NULL DEFAULT NULL
) ENGINE=InnoDB DEFAULT CHARSET=utf8mb4 COLLATE=utf8mb4_unicode_ci;

--
-- Dumping data for table `product_subcategories`
--

INSERT INTO `product_subcategories` (`id`, `us_name`, `ka_name`, `category_id`, `created_at`, `updated_at`) VALUES
(1, 'Climbing holds set', 'საჭიდების კომპლექტი', 10, '2024-12-17 01:24:38', '2024-12-17 01:25:01'),
(2, 'Climbing holds with screws', 'შურუპიანი საჭიდები', 10, '2024-12-17 01:25:30', '2024-12-17 01:25:30'),
(3, 'Big climbing holds', 'დიდი საჭიდები', 10, '2024-12-17 01:26:02', '2024-12-17 01:26:02'),
(4, 'Small climbing holds', 'პატარა საჭიდები', 10, '2024-12-17 01:26:45', '2024-12-17 01:26:45'),
(5, 'Henbords', 'ჰენგბორდები', 1, '2024-12-17 01:29:15', '2024-12-17 01:29:15'),
(6, 'Portativ Hanbords (Traveling hanbords)', 'პრტატული ჰენბორდები (სამოგზაურო ჰენგბორდები)', 1, '2024-12-17 01:29:53', '2024-12-17 01:30:12'),
(7, 'Climbing Carabiners', 'საცოცი კარაბინები', 3, '2024-12-17 01:31:12', '2024-12-17 01:31:45'),
(8, 'Belay Divices', 'დაზღვევის სისტემები', 3, '2024-12-17 01:31:36', '2024-12-17 01:31:36'),
(9, 'Quickdraw', 'ექსპრესები', 3, '2024-12-17 01:32:32', '2024-12-17 01:32:32'),
(10, 'T-shirt', 'მაისურები', 5, '2024-12-17 01:34:02', '2024-12-17 01:34:02'),
(11, 'Pants', 'შარვლები', 5, '2024-12-17 01:34:19', '2024-12-17 01:34:19'),
(12, 'Rope Access Carabins', 'კარაბინები სასიმაღლო სამუშაოებისთვის', 4, '2024-12-17 01:35:43', '2024-12-17 01:35:43'),
(13, 'Rope Access Belay Divaices', 'დასაშვები მოწყობილობა სასიმაღლოსთვის', 4, '2024-12-17 01:36:26', '2024-12-17 01:36:26'),
(14, 'Rope Access Ropes', 'თოკები სასიმაღლო სამუშაოებისთვის', 4, '2024-12-17 01:36:52', '2024-12-17 01:36:52'),
(15, 'Climbing Brashs', 'საცოცი ჯაგრისები', 6, '2024-12-17 01:37:38', '2024-12-17 01:37:38'),
(16, 'Rope Access Harness', 'სასიმაღლო სამუშაოების დაცვის ქამარი', 4, '2025-01-14 18:57:33', '2025-01-14 19:13:22'),
(17, 'Rope bags', 'თოკის ჩანთა', 6, '2025-04-24 17:45:44', '2025-04-24 17:45:44'),
(18, 'Chalk', 'მაგნეზია', 13, '2025-04-24 17:46:56', '2025-04-24 17:46:56'),
(19, 'Chalk Bag', 'მაგნეზიის ტომარა', 13, '2025-04-24 17:47:12', '2025-04-24 17:47:12'),
(20, 'Belay Glasses', 'დაცვის სათვალე', 6, '2025-05-29 17:26:04', '2025-05-29 17:26:04'),
(21, 'Bolts', 'ბოლტები', 14, '2025-05-31 22:40:17', '2025-05-31 22:40:17'),
(22, 'Climbing wall', 'საცოცი კედელი', 15, '2025-12-09 14:13:24', '2025-12-09 14:13:24'),
(23, 'Slopers', 'სრიალა საჭიდები', 10, '2025-12-30 00:52:29', '2025-12-30 00:52:29'),
(24, 'Wood Holds', 'ხის საჭიდები', 10, '2025-12-30 00:52:57', '2025-12-30 00:52:57'),
(25, 'Wood Holds for kids', 'ხის საჭიდები ბავშვებისთვის', 16, '2025-12-30 00:54:13', '2025-12-30 00:54:13'),
(26, 'Holds for kids', 'საჭიდები ბავშვებისთვის', 16, '2025-12-30 00:55:00', '2025-12-30 00:55:00'),
(27, 'Rope', 'თოკი', 3, '2026-01-28 03:24:29', '2026-01-28 03:24:29'),
(28, 'Other', 'სხვა', 6, '2026-02-22 22:03:11', '2026-02-22 22:03:11'),
(29, 'Gloves', 'ხელთათმანები', 5, '2026-02-22 22:07:35', '2026-02-22 22:07:35'),
(30, 'Climbing Shoes', 'საცოცი ფეხსაცმელი', 17, '2026-04-22 21:27:08', '2026-04-22 21:27:08');

-- --------------------------------------------------------

--
-- Table structure for table `regions`
--

CREATE TABLE `regions` (
  `id` bigint UNSIGNED NOT NULL,
  `us_name` varchar(191) CHARACTER SET utf8mb4 COLLATE utf8mb4_unicode_ci DEFAULT NULL,
  `ka_name` varchar(191) CHARACTER SET utf8mb4 COLLATE utf8mb4_unicode_ci DEFAULT NULL,
  `us_text` text CHARACTER SET utf8mb4 COLLATE utf8mb4_unicode_ci,
  `ka_text` text CHARACTER SET utf8mb4 COLLATE utf8mb4_unicode_ci,
  `map` text CHARACTER SET utf8mb4 COLLATE utf8mb4_unicode_ci,
  `created_at` timestamp NULL DEFAULT NULL,
  `updated_at` timestamp NULL DEFAULT NULL
) ENGINE=InnoDB DEFAULT CHARSET=utf8mb4 COLLATE=utf8mb4_unicode_ci;

--
-- Dumping data for table `regions`
--

INSERT INTO `regions` (`id`, `us_name`, `ka_name`, `us_text`, `ka_text`, `map`, `created_at`, `updated_at`) VALUES
(1, 'Chiatura region', 'ჭიათურის რეგიონი', '<p>Chiatura region is the largest industrial region in Georgia. It has over 20 sectors and more than 200 cable car routes within the region.</p>', '<p>ჭიათურის რეგიონი საქართველოს ყველაზე დიდი საცოცი რეგიონია. რეგიონში 20ამდე&nbsp; სექტორია და 200ზე მეტი საცოცი მარშრუტი.</p>', '<iframe src=\"https://www.google.com/maps/d/embed?mid=1DrAQiTPMiMazYvfmMER3O2Eza2uu6T8&ehbc=2E312F\" width=\"100%\" height=\"480\"></iframe>', '2023-04-16 21:27:23', '2023-05-28 22:10:12'),
(2, 'Adjara region', 'აჭარის რეგიონი', '<p>On the Black Sea coast, you can climb. Near of Batumi, you have the opportunity to discover more than 25 climbing routes.</p>', '<p>შავი ზღვის სანაპიროზე შეგიძლიათ დაკავდეთ ცოცვით. ქალაქი ბათუმის სიახლოვეს თქვენ შძლებთ იპოვოთ 25ზე მეტი საცოცი მარშრუტი.</p>', '<iframe src=\"https://www.google.com/maps/d/embed?mid=1QrpC3jhcnzjlp-kCujErs-E5iMdfCD8&ehbc=2E312F\" width=\"100%\" height=\"480\"></iframe>', '2023-04-16 21:47:07', '2023-05-28 22:22:54'),
(3, 'Near Tbilisi', 'თბილისთან ახლოს', '<p>In Tbilisi and its suburbs (within less than 1 hour by car), you can explore more than one climbing sector.</p>', '<p>თბილისში და მის შემოგარენში (მანქანით 1 საათზე ნაკლებ სავალზე) თქვენ შეგუძლიათ ეწვიოთ არაერთ საცოც სექტორს.</p>', '<iframe src=\"https://www.google.com/maps/d/embed?mid=1Qd6O22nNY3cXne-9EMLIOcA5yCTzPLY&ehbc=2E312F\" width=\"100%\" height=\"480\"></iframe>', '2023-04-16 22:09:28', '2023-05-28 22:43:06'),
(5, 'Stepantsminda (Kazbegi) region', 'სტეპანწმინდა (ყაზბეგის) რეგიონი', '<p>In Stefantsminda (Kazbeg district), you can visit lot of mountaineering routes, also rock climbing sectors and climbing gyms. In the winter, you can climb on the frozen ice waterfall.</p>', '<p>სტეფანწმინდაში (ყაზბეგის რაიონში), შეგიძლიათ ეწვიოთ როგორც ალპინისტურ მარშრუტებს ასევე კლდეზე საცოცი სექტორები და საცოც დარბაზებს. ზამთრის პერიოდძი კი იცოცოთ გაყინულ ყინულის ჩანჩქერზე.</p>', '<iframe src=\"https://www.google.com/maps/d/embed?mid=1ndEUqyK15qpnKQkQioZOeOIMQ-jknOA&ehbc=2E312F\" width=\"100%\" height=\"480\"></iframe>', '2023-04-16 22:43:04', '2023-05-28 22:54:04'),
(6, 'Borjomi Region', 'ბორჯომის რეგიონი', '<p>.</p>', '<p>.</p>', NULL, '2025-11-24 12:47:49', '2025-11-24 12:47:49');

-- --------------------------------------------------------

--
-- Table structure for table `roles`
--

CREATE TABLE `roles` (
  `id` bigint UNSIGNED NOT NULL,
  `name` varchar(191) CHARACTER SET utf8mb4 COLLATE utf8mb4_unicode_ci DEFAULT NULL,
  `slug` varchar(191) CHARACTER SET utf8mb4 COLLATE utf8mb4_unicode_ci DEFAULT NULL,
  `description` varchar(191) CHARACTER SET utf8mb4 COLLATE utf8mb4_unicode_ci DEFAULT NULL,
  `created_at` timestamp NULL DEFAULT NULL,
  `updated_at` timestamp NULL DEFAULT NULL
) ENGINE=InnoDB DEFAULT CHARSET=utf8mb4 COLLATE=utf8mb4_unicode_ci;

--
-- Dumping data for table `roles`
--

INSERT INTO `roles` (`id`, `name`, `slug`, `description`, `created_at`, `updated_at`) VALUES
(87, 'Admin', 'admin', 'Site Administrator', '2026-01-13 19:38:38', '2026-01-13 19:38:38'),
(88, 'Visual menager', 'visual_menader', 'Visual menager', '2026-01-13 19:38:39', '2026-01-13 19:38:39'),
(89, 'Mountain routes menager', 'mountain_routes_menager', 'Mountain routes menager', '2026-01-13 19:38:39', '2026-01-13 19:38:39'),
(90, 'Private products menager', 'private_products_menager', 'Private products menager', '2026-01-13 19:38:39', '2026-01-13 19:38:39'),
(91, 'All products menager', 'all_products_menager', 'Product menager', '2026-01-13 19:38:39', '2026-01-13 19:38:39'),
(92, 'Warehouses menager', 'warehouses_menager', 'Warehouses menager', '2026-01-13 19:38:39', '2026-01-13 19:38:39'),
(93, 'Films menager', 'films_menager', 'Films menager', '2026-01-13 19:38:40', '2026-01-13 19:38:40'),
(94, 'Locale bisnes menager', 'Locale_bisnes_menager', 'Locale bisnes menager', '2026-01-13 19:38:40', '2026-01-13 19:38:40'),
(95, 'Event menager', 'event_menager', 'Event menager', '2026-01-13 19:38:40', '2026-01-13 19:38:40'),
(96, 'Sale and order menager', 'sale_and_order_menager', 'Sale and order menager', '2026-01-13 19:38:40', '2026-01-13 19:38:40'),
(97, 'Order menager', 'order_menager', 'Order menager', '2026-01-13 19:38:40', '2026-01-13 19:38:40'),
(98, 'Content menager', 'content_menager', 'Content menager', '2026-01-13 19:38:40', '2026-01-13 19:38:40'),
(99, 'Blog menager', 'blog_menager', 'Blog menager', '2026-01-13 19:38:40', '2026-01-13 19:38:40'),
(100, 'Private tour menager', 'private_tour_menager', 'tour menager', '2026-01-13 19:38:40', '2026-01-13 19:38:40'),
(101, 'All tour menager', 'all_tour_menager', 'tour menager', '2026-01-13 19:38:40', '2026-01-13 19:38:40'),
(102, 'User', 'user', 'User', '2026-01-13 19:38:40', '2026-01-13 19:38:40'),
(103, 'Ban', 'ban', 'Ban', '2026-01-13 19:38:40', '2026-01-13 19:38:40'),
(104, 'Worker', 'worker', 'Site Worker', '2026-01-13 19:38:40', '2026-01-13 19:38:40'),
(105, 'Team Manager', 'team_manager', 'Team Manager', '2026-01-13 19:38:40', '2026-01-13 19:38:40'),
(106, 'Guide Manager', 'guide_manager', 'Guide Manager', '2026-01-13 19:38:40', '2026-01-13 19:38:40'),
(107, 'Shop Manager', 'shop_manager', 'Shop Manager', '2026-01-13 19:38:40', '2026-01-13 19:38:40'),
(108, 'Live Camera Manager', 'live_camera_manager', 'Live Camera Manager', '2026-01-13 19:38:40', '2026-01-13 19:38:40'),
(109, 'User Management', 'user_management', 'User Management', '2026-01-13 19:38:40', '2026-01-13 19:38:40'),
(110, 'Task Category Manager', 'task_category_manager', 'Task Category Manager', '2026-01-13 19:38:40', '2026-01-13 19:38:40'),
(111, 'Site Followers Manager', 'site_followers_manager', 'Site Followers Manager', '2026-01-13 19:38:40', '2026-01-13 19:38:40');

-- --------------------------------------------------------

--
-- Table structure for table `role_permissions`
--

CREATE TABLE `role_permissions` (
  `id` bigint UNSIGNED NOT NULL,
  `role_id` bigint UNSIGNED NOT NULL,
  `permission_id` bigint UNSIGNED NOT NULL,
  `created_at` timestamp NULL DEFAULT NULL,
  `updated_at` timestamp NULL DEFAULT NULL
) ENGINE=InnoDB DEFAULT CHARSET=utf8mb4 COLLATE=utf8mb4_unicode_ci;

--
-- Dumping data for table `role_permissions`
--

INSERT INTO `role_permissions` (`id`, `role_id`, `permission_id`, `created_at`, `updated_at`) VALUES
(1, 87, 646, NULL, NULL),
(2, 87, 647, NULL, NULL),
(3, 87, 648, NULL, NULL),
(4, 87, 649, NULL, NULL),
(5, 87, 650, NULL, NULL),
(6, 87, 651, NULL, NULL),
(7, 87, 652, NULL, NULL),
(8, 87, 653, NULL, NULL),
(9, 87, 654, NULL, NULL),
(10, 87, 655, NULL, NULL),
(11, 87, 656, NULL, NULL),
(12, 87, 657, NULL, NULL),
(13, 87, 658, NULL, NULL),
(14, 87, 659, NULL, NULL),
(15, 87, 660, NULL, NULL),
(16, 87, 661, NULL, NULL),
(17, 87, 662, NULL, NULL),
(18, 87, 663, NULL, NULL),
(19, 87, 664, NULL, NULL),
(20, 87, 665, NULL, NULL),
(21, 87, 666, NULL, NULL),
(22, 87, 667, NULL, NULL),
(23, 87, 668, NULL, NULL),
(24, 87, 669, NULL, NULL),
(25, 87, 670, NULL, NULL),
(26, 87, 671, NULL, NULL),
(27, 87, 672, NULL, NULL),
(28, 87, 673, NULL, NULL),
(29, 87, 674, NULL, NULL),
(30, 87, 675, NULL, NULL),
(31, 87, 676, NULL, NULL),
(32, 87, 677, NULL, NULL),
(33, 87, 678, NULL, NULL),
(34, 87, 679, NULL, NULL),
(35, 87, 680, NULL, NULL),
(39, 87, 684, NULL, NULL),
(40, 87, 685, NULL, NULL),
(41, 87, 686, NULL, NULL),
(42, 87, 687, NULL, NULL),
(43, 87, 688, NULL, NULL),
(44, 87, 689, NULL, NULL),
(45, 87, 690, NULL, NULL),
(46, 87, 691, NULL, NULL),
(47, 87, 692, NULL, NULL),
(48, 87, 693, NULL, NULL),
(49, 87, 694, NULL, NULL),
(50, 87, 695, NULL, NULL),
(51, 87, 696, NULL, NULL),
(52, 87, 697, NULL, NULL),
(53, 87, 698, NULL, NULL),
(54, 87, 699, NULL, NULL),
(55, 87, 700, NULL, NULL),
(56, 87, 701, NULL, NULL),
(57, 87, 702, NULL, NULL),
(58, 87, 703, NULL, NULL),
(59, 87, 704, NULL, NULL),
(60, 87, 705, NULL, NULL),
(61, 87, 706, NULL, NULL),
(62, 87, 707, NULL, NULL),
(63, 87, 708, NULL, NULL),
(64, 87, 709, NULL, NULL),
(65, 87, 710, NULL, NULL),
(66, 87, 711, NULL, NULL),
(67, 87, 712, NULL, NULL),
(68, 87, 713, NULL, NULL),
(69, 87, 714, NULL, NULL),
(70, 87, 715, NULL, NULL),
(71, 87, 716, NULL, NULL),
(72, 87, 717, NULL, NULL),
(73, 87, 718, NULL, NULL),
(74, 87, 719, NULL, NULL),
(75, 87, 720, NULL, NULL),
(76, 87, 721, NULL, NULL),
(77, 87, 722, NULL, NULL),
(78, 87, 723, NULL, NULL),
(79, 87, 724, NULL, NULL),
(80, 87, 725, NULL, NULL),
(81, 87, 726, NULL, NULL),
(82, 87, 727, NULL, NULL),
(83, 87, 728, NULL, NULL),
(84, 87, 729, NULL, NULL),
(85, 87, 730, NULL, NULL),
(86, 87, 731, NULL, NULL),
(87, 87, 732, NULL, NULL),
(88, 87, 733, NULL, NULL),
(89, 87, 734, NULL, NULL),
(90, 87, 735, NULL, NULL),
(91, 87, 736, NULL, NULL),
(92, 87, 737, NULL, NULL),
(93, 87, 738, NULL, NULL),
(94, 87, 739, NULL, NULL),
(95, 87, 740, NULL, NULL),
(96, 87, 741, NULL, NULL),
(97, 87, 742, NULL, NULL),
(98, 87, 743, NULL, NULL),
(99, 87, 744, NULL, NULL),
(100, 87, 745, NULL, NULL),
(101, 87, 746, NULL, NULL),
(102, 87, 747, NULL, NULL),
(103, 87, 748, NULL, NULL),
(104, 87, 749, NULL, NULL),
(105, 87, 750, NULL, NULL),
(106, 87, 751, NULL, NULL),
(107, 87, 752, NULL, NULL),
(108, 87, 753, NULL, NULL),
(109, 87, 754, NULL, NULL),
(110, 87, 755, NULL, NULL),
(111, 87, 756, NULL, NULL),
(112, 87, 758, NULL, NULL),
(113, 87, 759, NULL, NULL),
(114, 87, 760, NULL, NULL),
(115, 87, 761, NULL, NULL),
(116, 87, 762, NULL, NULL),
(117, 87, 763, NULL, NULL),
(118, 87, 764, NULL, NULL),
(119, 87, 765, NULL, NULL),
(120, 87, 766, NULL, NULL),
(121, 87, 767, NULL, NULL),
(122, 87, 768, NULL, NULL),
(123, 87, 769, NULL, NULL),
(124, 87, 770, NULL, NULL),
(125, 87, 771, NULL, NULL),
(126, 87, 772, NULL, NULL),
(127, 87, 773, NULL, NULL),
(128, 87, 774, NULL, NULL),
(129, 87, 775, NULL, NULL),
(130, 87, 776, NULL, NULL),
(131, 87, 777, NULL, NULL),
(132, 87, 778, NULL, NULL),
(133, 87, 779, NULL, NULL),
(134, 87, 780, NULL, NULL),
(135, 87, 781, NULL, NULL),
(136, 87, 782, NULL, NULL),
(137, 87, 783, NULL, NULL),
(138, 87, 784, NULL, NULL),
(139, 87, 785, NULL, NULL),
(140, 87, 786, NULL, NULL),
(141, 87, 787, NULL, NULL),
(142, 87, 788, NULL, NULL),
(143, 87, 789, NULL, NULL),
(144, 87, 790, NULL, NULL),
(145, 88, 693, NULL, NULL),
(146, 88, 694, NULL, NULL),
(147, 88, 695, NULL, NULL),
(148, 88, 696, NULL, NULL),
(149, 88, 697, NULL, NULL),
(150, 88, 731, NULL, NULL),
(151, 88, 732, NULL, NULL),
(152, 88, 733, NULL, NULL),
(153, 88, 734, NULL, NULL),
(154, 88, 735, NULL, NULL),
(155, 88, 736, NULL, NULL),
(156, 89, 665, NULL, NULL),
(157, 89, 666, NULL, NULL),
(158, 89, 667, NULL, NULL),
(159, 89, 669, NULL, NULL),
(160, 89, 670, NULL, NULL),
(161, 89, 671, NULL, NULL),
(162, 89, 672, NULL, NULL),
(163, 89, 673, NULL, NULL),
(164, 89, 674, NULL, NULL),
(165, 89, 675, NULL, NULL),
(166, 89, 676, NULL, NULL),
(167, 89, 677, NULL, NULL),
(168, 89, 684, NULL, NULL),
(169, 89, 685, NULL, NULL),
(170, 89, 686, NULL, NULL),
(171, 89, 687, NULL, NULL),
(172, 89, 688, NULL, NULL),
(173, 89, 689, NULL, NULL),
(174, 89, 690, NULL, NULL),
(175, 89, 691, NULL, NULL),
(176, 89, 692, NULL, NULL),
(177, 90, 655, NULL, NULL),
(178, 90, 656, NULL, NULL),
(179, 90, 657, NULL, NULL),
(180, 90, 658, NULL, NULL),
(181, 90, 659, NULL, NULL),
(182, 90, 660, NULL, NULL),
(183, 90, 707, NULL, NULL),
(184, 90, 708, NULL, NULL),
(185, 90, 709, NULL, NULL),
(186, 90, 710, NULL, NULL),
(187, 90, 711, NULL, NULL),
(188, 90, 712, NULL, NULL),
(189, 90, 773, NULL, NULL),
(190, 90, 774, NULL, NULL),
(191, 90, 775, NULL, NULL),
(192, 91, 655, NULL, NULL),
(193, 91, 656, NULL, NULL),
(194, 91, 657, NULL, NULL),
(195, 91, 658, NULL, NULL),
(196, 91, 659, NULL, NULL),
(197, 91, 660, NULL, NULL),
(198, 91, 707, NULL, NULL),
(199, 91, 708, NULL, NULL),
(200, 91, 709, NULL, NULL),
(201, 91, 710, NULL, NULL),
(202, 91, 711, NULL, NULL),
(203, 91, 712, NULL, NULL),
(204, 91, 773, NULL, NULL),
(205, 91, 774, NULL, NULL),
(206, 91, 775, NULL, NULL),
(207, 92, 776, NULL, NULL),
(208, 92, 777, NULL, NULL),
(209, 92, 778, NULL, NULL),
(210, 93, 716, NULL, NULL),
(211, 93, 717, NULL, NULL),
(212, 93, 718, NULL, NULL),
(213, 93, 719, NULL, NULL),
(214, 93, 720, NULL, NULL),
(215, 93, 721, NULL, NULL),
(216, 93, 722, NULL, NULL),
(217, 93, 723, NULL, NULL),
(218, 93, 724, NULL, NULL),
(219, 94, 713, NULL, NULL),
(220, 94, 714, NULL, NULL),
(221, 94, 715, NULL, NULL),
(222, 95, 661, NULL, NULL),
(223, 95, 662, NULL, NULL),
(224, 95, 663, NULL, NULL),
(225, 96, 655, NULL, NULL),
(226, 96, 656, NULL, NULL),
(227, 96, 657, NULL, NULL),
(228, 96, 698, NULL, NULL),
(229, 96, 707, NULL, NULL),
(230, 96, 708, NULL, NULL),
(231, 96, 709, NULL, NULL),
(232, 96, 710, NULL, NULL),
(233, 96, 711, NULL, NULL),
(234, 96, 712, NULL, NULL),
(235, 97, 698, NULL, NULL),
(236, 98, 651, NULL, NULL),
(237, 98, 652, NULL, NULL),
(238, 98, 653, NULL, NULL),
(239, 98, 654, NULL, NULL),
(240, 98, 696, NULL, NULL),
(241, 98, 697, NULL, NULL),
(242, 98, 782, NULL, NULL),
(243, 98, 783, NULL, NULL),
(244, 98, 784, NULL, NULL),
(245, 100, 764, NULL, NULL),
(246, 100, 765, NULL, NULL),
(247, 100, 767, NULL, NULL),
(248, 100, 768, NULL, NULL),
(249, 100, 769, NULL, NULL),
(250, 100, 770, NULL, NULL),
(251, 100, 771, NULL, NULL),
(252, 100, 772, NULL, NULL),
(253, 101, 764, NULL, NULL),
(254, 101, 765, NULL, NULL),
(255, 101, 766, NULL, NULL),
(256, 101, 767, NULL, NULL),
(257, 101, 768, NULL, NULL),
(258, 101, 769, NULL, NULL),
(259, 101, 770, NULL, NULL),
(260, 101, 771, NULL, NULL),
(261, 101, 772, NULL, NULL),
(262, 102, 668, NULL, NULL),
(263, 102, 746, NULL, NULL),
(264, 102, 747, NULL, NULL),
(265, 102, 748, NULL, NULL),
(266, 103, 757, NULL, NULL),
(267, 104, 649, NULL, NULL),
(268, 104, 650, NULL, NULL),
(269, 104, 654, NULL, NULL),
(270, 104, 664, NULL, NULL),
(271, 104, 668, NULL, NULL),
(272, 104, 700, NULL, NULL),
(273, 104, 740, NULL, NULL),
(274, 104, 743, NULL, NULL),
(275, 104, 745, NULL, NULL),
(276, 104, 746, NULL, NULL),
(277, 104, 747, NULL, NULL),
(278, 104, 748, NULL, NULL),
(279, 104, 765, NULL, NULL),
(280, 105, 761, NULL, NULL),
(281, 105, 762, NULL, NULL),
(282, 105, 763, NULL, NULL),
(283, 105, 785, NULL, NULL),
(284, 105, 786, NULL, NULL),
(285, 105, 787, NULL, NULL),
(286, 106, 649, NULL, NULL),
(287, 106, 725, NULL, NULL),
(288, 106, 726, NULL, NULL),
(289, 106, 727, NULL, NULL),
(290, 106, 728, NULL, NULL),
(291, 106, 729, NULL, NULL),
(292, 106, 730, NULL, NULL),
(293, 106, 737, NULL, NULL),
(294, 106, 738, NULL, NULL),
(295, 106, 739, NULL, NULL),
(296, 106, 743, NULL, NULL),
(297, 106, 744, NULL, NULL),
(298, 106, 749, NULL, NULL),
(299, 106, 750, NULL, NULL),
(300, 106, 751, NULL, NULL),
(301, 106, 752, NULL, NULL),
(302, 107, 646, NULL, NULL),
(303, 107, 647, NULL, NULL),
(304, 107, 648, NULL, NULL),
(305, 107, 650, NULL, NULL),
(306, 107, 664, NULL, NULL),
(307, 107, 700, NULL, NULL),
(308, 107, 701, NULL, NULL),
(309, 107, 753, NULL, NULL),
(310, 107, 754, NULL, NULL),
(311, 107, 755, NULL, NULL),
(312, 107, 756, NULL, NULL),
(313, 108, 779, NULL, NULL),
(314, 108, 780, NULL, NULL),
(315, 108, 781, NULL, NULL),
(316, 109, 702, NULL, NULL),
(317, 109, 703, NULL, NULL),
(318, 109, 704, NULL, NULL),
(319, 109, 705, NULL, NULL),
(320, 109, 706, NULL, NULL),
(321, 109, 758, NULL, NULL),
(322, 109, 759, NULL, NULL),
(323, 109, 760, NULL, NULL),
(324, 110, 788, NULL, NULL),
(325, 110, 789, NULL, NULL),
(326, 110, 790, NULL, NULL),
(327, 111, 740, NULL, NULL),
(328, 111, 741, NULL, NULL),
(329, 111, 742, NULL, NULL),
(330, 87, 791, NULL, NULL),
(331, 87, 792, NULL, NULL),
(332, 87, 793, NULL, NULL),
(333, 87, 794, NULL, NULL),
(334, 87, 795, NULL, NULL),
(335, 87, 796, NULL, NULL),
(336, 87, 797, NULL, NULL),
(337, 87, 798, NULL, NULL),
(338, 87, 799, NULL, NULL),
(339, 87, 800, NULL, NULL),
(340, 87, 801, NULL, NULL);

-- --------------------------------------------------------

--
-- Table structure for table `routes`
--

CREATE TABLE `routes` (
  `id` bigint UNSIGNED NOT NULL,
  `name` varchar(191) CHARACTER SET utf8mb4 COLLATE utf8mb4_unicode_ci DEFAULT NULL,
  `text` text CHARACTER SET utf8mb4 COLLATE utf8mb4_unicode_ci,
  `grade` varchar(191) CHARACTER SET utf8mb4 COLLATE utf8mb4_unicode_ci DEFAULT NULL,
  `or_grade` varchar(191) CHARACTER SET utf8mb4 COLLATE utf8mb4_unicode_ci DEFAULT NULL,
  `bolts` varchar(191) CHARACTER SET utf8mb4 COLLATE utf8mb4_unicode_ci DEFAULT NULL,
  `author` varchar(191) CHARACTER SET utf8mb4 COLLATE utf8mb4_unicode_ci DEFAULT NULL,
  `creation_data` varchar(191) CHARACTER SET utf8mb4 COLLATE utf8mb4_unicode_ci DEFAULT NULL,
  `height` varchar(191) CHARACTER SET utf8mb4 COLLATE utf8mb4_unicode_ci DEFAULT NULL,
  `first_ascent` varchar(191) CHARACTER SET utf8mb4 COLLATE utf8mb4_unicode_ci DEFAULT NULL,
  `anchor_type` varchar(191) CHARACTER SET utf8mb4 COLLATE utf8mb4_unicode_ci DEFAULT NULL,
  `bolts_type` varchar(191) CHARACTER SET utf8mb4 COLLATE utf8mb4_unicode_ci DEFAULT NULL,
  `category` varchar(191) CHARACTER SET utf8mb4 COLLATE utf8mb4_unicode_ci DEFAULT NULL,
  `stars` varchar(191) CHARACTER SET utf8mb4 COLLATE utf8mb4_unicode_ci DEFAULT NULL,
  `num` int DEFAULT NULL,
  `sector_id` bigint UNSIGNED NOT NULL,
  `created_at` timestamp NULL DEFAULT NULL,
  `updated_at` timestamp NULL DEFAULT NULL
) ENGINE=InnoDB DEFAULT CHARSET=utf8mb4 COLLATE=utf8mb4_unicode_ci;

--
-- Dumping data for table `routes`
--

INSERT INTO `routes` (`id`, `name`, `text`, `grade`, `or_grade`, `bolts`, `author`, `creation_data`, `height`, `first_ascent`, `anchor_type`, `bolts_type`, `category`, `stars`, `num`, `sector_id`, `created_at`, `updated_at`) VALUES
(1, 'The Bug', NULL, '6a', NULL, '6', 'Temo Samsonadze', NULL, '14', NULL, '0', NULL, 'sport climbing', NULL, 1, 1, '2019-03-28 18:26:44', '2020-05-25 06:07:36'),
(2, 'Chris.K', NULL, '6a', NULL, '11', 'Chris', NULL, '17', NULL, '0', NULL, 'sport climbing', NULL, 2, 1, '2019-03-28 19:38:10', '2020-05-25 06:07:36'),
(4, 'Samson', '<p>test route description</p>', '5b', NULL, '7', 'Temo Samsonadze', NULL, '15', NULL, '0', NULL, 'sport climbing', NULL, 3, 1, '2019-03-30 08:32:45', '2020-05-25 06:07:36'),
(5, 'Talalala', NULL, '5b', NULL, '7', 'Guga Dabrundashvili', NULL, '15', NULL, '2', NULL, 'sport climbing', NULL, 5, 1, '2019-03-30 08:35:33', '2020-05-25 06:07:36'),
(6, 'X. Z.', NULL, '6a+', NULL, '8', 'Shako Mikava', NULL, '17', NULL, '2', NULL, 'sport climbing', NULL, 6, 1, '2019-03-30 08:40:24', '2020-05-25 06:07:36'),
(7, 'S.k.Lucky', NULL, '5a', NULL, '7', 'Guga Dabrundashvili', NULL, '15', NULL, '1', NULL, 'sport climbing', NULL, 4, 1, '2019-03-30 08:42:25', '2020-05-25 06:07:36'),
(8, 'Tsie', NULL, '6a+', NULL, '9', 'Shako Mikava', NULL, '17', NULL, '1', NULL, 'sport climbing', NULL, 7, 1, '2019-03-30 08:44:20', '2020-05-25 06:07:36'),
(9, 'Yin & Yang', NULL, '6b', NULL, '7', 'Shako Mikava', NULL, '17', NULL, '1', NULL, 'sport climbing', NULL, 8, 1, '2019-03-30 10:39:29', '2020-05-25 06:07:36'),
(10, 'Ioio', NULL, '5b', NULL, '4', 'Guga Dabrundashvili', NULL, '12', NULL, '2', NULL, 'sport climbing', NULL, 2, 5, '2019-04-01 22:12:40', '2021-05-09 10:51:01'),
(11, 'Shano', NULL, '5c+', NULL, '6', 'Guga Dabrundashvili', NULL, '18', NULL, '2', NULL, 'sport climbing', NULL, 3, 5, '2019-04-01 22:14:23', '2023-09-21 13:12:10'),
(12, 'Aladin', NULL, '6a+', NULL, '6', 'Temo Samsonadze', NULL, '18', NULL, '2', NULL, 'sport climbing', NULL, 4, 5, '2019-04-01 22:17:05', '2021-05-09 10:51:01'),
(13, '99 Problem', NULL, '6b+', NULL, '7', 'Irakli Bidzishvili', NULL, '20', NULL, '2', NULL, 'sport climbing', NULL, 5, 5, '2019-04-01 22:18:06', '2021-05-09 10:51:01'),
(14, 'Ebola', NULL, '6c', NULL, '6', 'Irakli Bidzishvili', NULL, '15', NULL, '2', NULL, 'sport climbing', NULL, 6, 5, '2019-04-01 22:18:40', '2021-05-09 10:51:01'),
(15, 'GMGA', NULL, '7c', NULL, '5', 'Guga Dabrundashvili', NULL, '10', 'Temo Samsonadze', '2', NULL, 'sport climbing', NULL, 10, 5, '2019-04-01 22:19:31', '2022-09-17 03:08:53'),
(16, 'Titan', NULL, '7b', NULL, '5', 'Guga Dabrundashvili', NULL, '10', NULL, '2', NULL, 'sport climbing', NULL, 11, 5, '2019-04-01 22:20:19', '2021-05-09 10:51:01'),
(17, 'Chinka', NULL, '6b+', NULL, '5', 'Nika Sanava', NULL, '10', NULL, '2', NULL, 'sport climbing', NULL, 12, 5, '2019-04-01 22:22:58', '2021-05-09 10:51:01'),
(18, 'Caravan', NULL, '6c', NULL, '4', 'Guga Dabrundashvili', NULL, '10', NULL, '2', NULL, 'sport climbing', NULL, 13, 5, '2019-04-01 22:24:18', '2021-05-09 10:51:01'),
(19, 'Multy Way', NULL, '6c+', NULL, '5', 'Guga Dabrundashvili', NULL, '10', NULL, '2', NULL, 'sport climbing', NULL, 14, 5, '2019-04-01 22:25:08', '2021-05-09 10:51:01'),
(20, 'Lady in Black', NULL, '7c', NULL, '5', 'Guga Dabrundashvili', NULL, '12', 'Salome Meshveliani', '2', NULL, 'sport climbing', NULL, 15, 5, '2019-04-01 22:26:58', '2021-05-09 10:51:01'),
(21, 'S. M.', NULL, '7a', NULL, '5', 'Guga Dabrundashvili', NULL, '12', NULL, '2', NULL, 'sport climbing', NULL, 16, 5, '2019-04-01 22:27:49', '2023-07-19 00:19:54'),
(22, 'Try Me', NULL, '6a+', NULL, '5', 'Nika Sanava', NULL, '12', NULL, '2', NULL, 'sport climbing', NULL, 17, 5, '2019-04-01 22:28:44', '2022-09-14 22:32:27'),
(23, 'Zgushonka', NULL, '5c+', NULL, '6', 'Guga Dabrundashvili', NULL, '15', NULL, '2', NULL, 'sport climbing', NULL, 18, 5, '2019-04-01 22:29:43', '2021-05-09 10:51:01'),
(24, 'Patagonia', NULL, '5c', NULL, '7', 'Nika Sanava', NULL, '16', NULL, '2', NULL, 'sport climbing', NULL, 19, 5, '2019-04-01 22:32:17', '2021-05-09 10:51:01'),
(25, 'Mitca (Ground)', NULL, '5c', NULL, '8', 'Guga Dabrundashvili', NULL, '20', NULL, '2', NULL, 'sport climbing', NULL, 20, 5, '2019-04-01 22:33:55', '2023-09-21 13:16:28'),
(26, 'Mushrooms', NULL, '6a', NULL, '5', 'Guga Dabrundashvili', NULL, '12', NULL, '2', NULL, 'sport climbing', NULL, 1, 6, '2019-04-01 22:35:12', '2020-05-25 06:07:36'),
(27, 'Task', NULL, '6b', NULL, '6', 'Nika Sanava', NULL, '15', NULL, '2', NULL, 'sport climbing', NULL, 2, 6, '2019-04-01 22:36:37', '2020-05-25 06:07:36'),
(28, 'Strax', NULL, '6b+', NULL, '6', 'Irakli Bidzishvili', NULL, '15', NULL, '2', NULL, 'sport climbing', NULL, 3, 6, '2019-04-01 22:38:48', '2020-05-25 06:07:36'),
(29, 'Carela Supi', NULL, '6a', NULL, '7', 'Irakli Bidzishvili', NULL, '15', NULL, '2', NULL, 'sport climbing', NULL, 4, 6, '2019-04-01 22:40:21', '2020-05-25 06:07:36'),
(30, 'Salewa', NULL, '6a+', NULL, '6', 'Guga Dabrundashvili', NULL, '15', NULL, '2', NULL, 'sport climbing', NULL, 5, 6, '2019-04-01 22:41:04', '2020-05-25 06:07:36'),
(31, 'ACDC', NULL, '6b', NULL, '8', 'Guga Dabrundashvili', NULL, '17', NULL, '2', NULL, 'sport climbing', NULL, 9, 1, '2019-04-02 09:03:40', '2020-05-25 06:07:36'),
(32, 'Opera D', NULL, '7a+', NULL, '11', 'Guga Dabrundashvili', NULL, '25', NULL, '2', NULL, 'sport climbing', NULL, 11, 1, '2019-04-02 09:04:36', '2021-06-06 03:11:07'),
(33, 'Giliotina', NULL, '6c', NULL, '10', 'Guga Dabrundashvili', NULL, '23', NULL, '2', NULL, 'sport climbing', NULL, 12, 1, '2019-04-02 09:06:11', '2021-06-06 03:11:07'),
(34, 'Geoland', NULL, '6b+', NULL, '14', 'Guga Dabrundashvili', NULL, '27', NULL, '2', NULL, 'sport climbing', NULL, 13, 1, '2019-04-02 09:07:03', '2021-06-06 03:11:07'),
(35, 'Mummy', NULL, '6c', NULL, '11', 'Guga Dabrundashvili', NULL, '23', NULL, '2', NULL, 'sport climbing', NULL, 14, 1, '2019-04-02 09:07:47', '2021-06-06 03:11:07'),
(36, 'John Rambo', NULL, '6b', NULL, '9', 'Guga Dabrundashvili', NULL, '18', NULL, '2', NULL, 'sport climbing', NULL, 5, 2, '2019-04-02 09:10:30', '2024-11-09 00:11:18'),
(37, 'Usakhelo', NULL, '6a+', NULL, '9', 'Guga Dabrundashvili', NULL, '25', NULL, '2', NULL, 'sport climbing', NULL, 6, 2, '2019-04-02 09:12:00', '2024-11-09 00:11:18'),
(38, 'Sado Mazo P', NULL, '7a+', NULL, '11', 'Guga Dabrundashvili', NULL, '25', NULL, '1', NULL, 'sport climbing', NULL, 7, 2, '2019-04-02 09:14:54', '2024-11-09 00:11:18'),
(39, 'KoKoKo', '<p>Long distance between bolts. Need good belayer.&nbsp;</p>', '7a', NULL, '11', 'Guga Dabrundashvili', NULL, '25', NULL, '1', NULL, 'sport climbing', NULL, 8, 2, '2019-04-02 09:16:11', '2024-11-09 00:11:18'),
(40, 'Xamichok', NULL, '6a+', NULL, '14', 'Guga Dabrundashvili', '2006-04-12', '25', NULL, '1', 'glued', 'sport climbing', NULL, 11, 2, '2019-04-02 09:17:27', '2024-11-09 00:11:18'),
(41, 'Hole', NULL, '7b+', NULL, '7', 'German friends', NULL, '10', NULL, '2', NULL, 'sport climbing', NULL, 1, 3, '2019-04-02 09:19:16', '2025-06-07 11:49:09'),
(42, 'Nervi', NULL, '7b', '7b+', '8', 'Guga Dabrundashvili', NULL, '12', NULL, '2', NULL, 'sport climbing', NULL, 2, 3, '2019-04-02 09:19:49', '2025-06-07 11:48:30'),
(43, 'Ara Vchamot Puri', NULL, '6c', NULL, '10', 'Guga Dabrundashvili', NULL, '12', NULL, '2', NULL, 'sport climbing', NULL, 3, 3, '2019-04-02 09:20:46', '2020-05-25 06:07:36'),
(44, 'Surprize', NULL, '6b+', NULL, '9', 'Guga Dabrundashvili', NULL, '12', NULL, '2', NULL, 'sport climbing', NULL, 4, 3, '2019-04-02 09:22:12', '2025-06-07 11:44:47'),
(45, 'Jibe', NULL, '6b+', NULL, '9', 'Guga Dabrundashvili', NULL, '14', NULL, '2', NULL, 'sport climbing', NULL, 5, 3, '2019-04-02 09:22:45', '2020-05-25 06:07:36'),
(46, 'Puza', NULL, '7b', NULL, '9', 'Guga Dabrundashvili', NULL, '14', NULL, '2', NULL, 'sport climbing', NULL, 6, 3, '2019-04-02 09:23:43', '2025-06-07 11:46:54'),
(47, 'Butterfly', NULL, '6c', NULL, '11', 'Guga Dabrundashvili', NULL, '14', NULL, '2', NULL, 'sport climbing', NULL, 7, 3, '2019-04-02 09:24:41', '2025-06-07 11:50:03'),
(48, 'Ugachaga', NULL, '7b+', '7c', '8', 'Guga Dabrundashvili', NULL, '13', NULL, '2', NULL, 'sport climbing', NULL, 8, 3, '2019-04-02 09:25:36', '2025-06-07 11:51:26'),
(49, 'Snake', NULL, '7a+', NULL, '7', 'Guga Dabrundashvili', NULL, '13', NULL, '2', NULL, 'sport climbing', NULL, 9, 3, '2019-04-02 09:26:52', '2020-05-25 06:07:36'),
(50, 'Morieli', NULL, '6b+', NULL, '11', 'Guga Dabrundashvili', NULL, '16', NULL, '2', NULL, 'sport climbing', NULL, 10, 3, '2019-04-02 09:28:00', '2020-05-25 06:07:36'),
(51, 'Ravi Aba', NULL, '5a', NULL, '5', 'Temo Samsonadze', NULL, '10', NULL, '1', NULL, 'sport climbing', NULL, 4, 4, '2019-04-02 09:30:47', '2022-08-12 11:54:15'),
(52, 'Ravi', NULL, '5a', NULL, '5', 'Temo Samsonadze', NULL, '9', NULL, '1', NULL, 'sport climbing', NULL, 5, 4, '2019-04-02 09:31:32', '2022-08-12 11:54:08'),
(53, 'Mini Zgarbi', NULL, '5c', NULL, '6', 'Temo Samsonadze', NULL, '9', NULL, '2', NULL, 'sport climbing', NULL, 6, 4, '2019-04-02 09:32:14', '2022-08-12 11:54:01'),
(54, 'Ger', NULL, '6a+', NULL, '6', 'Temo Samsonadze', NULL, '9', NULL, '1', NULL, 'sport climbing', NULL, 7, 4, '2019-04-02 09:33:21', '2020-05-25 06:07:36'),
(55, 'Scar Face', NULL, '6b', NULL, '5', 'Temo Samsonadze', NULL, '9', NULL, '1', NULL, 'sport climbing', NULL, 8, 4, '2019-04-02 09:34:16', '2020-05-25 06:07:36'),
(56, 'Drakula Utold', NULL, '6b', NULL, '5', 'Guga Dabrundashvili', NULL, '10', NULL, '1', NULL, 'sport climbing', NULL, 9, 4, '2019-04-02 09:39:35', '2020-05-25 06:07:36'),
(57, 'ID', NULL, '7a+', NULL, '7', 'German friends', NULL, '10', NULL, '0', NULL, 'sport climbing', NULL, 11, 4, '2019-04-02 09:40:34', '2020-05-25 06:07:36'),
(58, 'Hame Ha', NULL, '7a', NULL, '6', 'Shako Mikava', NULL, '12', NULL, '2', NULL, 'sport climbing', NULL, 12, 4, '2019-04-02 09:41:16', '2020-05-25 06:07:36'),
(59, 'Cunami', NULL, '6c+', NULL, '7', 'Guga Dabrundashvili', NULL, '12', NULL, '1', NULL, 'sport climbing', NULL, 14, 4, '2019-04-02 09:42:24', '2020-05-25 06:07:36'),
(60, 'Dano', NULL, '8b+', NULL, '7', 'Guga Dabrundashvili', NULL, '12', 'Hans Rabetzki', '2', NULL, 'sport climbing', NULL, 2, 7, '2019-04-02 09:46:43', '2020-05-25 06:07:36'),
(61, 'Grama', NULL, '8a+', NULL, '7', 'Guga Dabrundashvili', NULL, '18', NULL, '2', NULL, 'sport climbing', NULL, 3, 7, '2019-04-02 09:48:34', '2020-05-25 06:07:36'),
(62, 'Sabbotage', NULL, '8a', NULL, '6', 'Guga Dabrundashvili', NULL, '17', NULL, '2', NULL, 'sport climbing', NULL, 4, 7, '2019-04-02 09:49:57', '2020-05-25 06:07:36'),
(63, 'Luda', '<p>One more route left from &quot;Dano&quot; in the corner</p>', '6a', NULL, '6', 'Guga Dabrundashvili', NULL, '15', NULL, '2', NULL, 'sport climbing', NULL, 1, 7, '2019-04-02 09:50:47', '2020-05-25 06:07:36'),
(64, 'Ozzy', NULL, '6b', NULL, '7', 'Guga Dabrundashvili', NULL, '15', NULL, '2', NULL, 'sport climbing', NULL, 1, 44, '2019-04-02 09:51:49', '2020-05-25 06:07:36'),
(65, 'Hspitali', NULL, '6b+', NULL, '6', 'Guga Dabrundashvili', NULL, '15', NULL, '2', NULL, 'sport climbing', NULL, 3, 44, '2019-04-02 09:52:33', '2020-05-25 06:07:36'),
(66, 'Palo', NULL, '6a+', NULL, '7', 'German friends', NULL, '15', NULL, '2', NULL, 'sport climbing', NULL, 2, 44, '2019-04-02 09:53:08', '2020-05-25 06:07:36'),
(67, 'Solo', NULL, '6a', NULL, '7', 'Guga Dabrundashvili', NULL, '12', NULL, '2', NULL, 'sport climbing', NULL, 5, 44, '2019-04-02 09:54:02', '2020-05-25 06:07:36'),
(68, 'Buia', NULL, '6b+', NULL, '8', 'Guga Dabrundashvili', NULL, '12', NULL, '2', NULL, 'sport climbing', NULL, 6, 44, '2019-04-02 09:54:43', '2020-05-25 06:07:36'),
(69, 'Buda', NULL, '6b', NULL, '7', 'Temo Samsonadze', NULL, '12', NULL, '2', NULL, 'sport climbing', NULL, 7, 44, '2019-04-02 09:56:42', '2020-05-25 06:07:36'),
(70, 'Pandora', NULL, '6a+', NULL, '7', 'Guga Dabrundashvili', NULL, '10', NULL, '2', NULL, 'sport climbing', NULL, 8, 44, '2019-04-02 09:57:36', '2020-05-25 06:07:36'),
(71, 'Babua', NULL, '5a', NULL, '4', 'Guga Dabrundashvili', '2019', '10', NULL, '2', NULL, 'sport climbing', NULL, 3, 8, '2019-04-02 10:03:41', '2021-11-16 12:33:21'),
(72, 'Rioni', NULL, '5a', NULL, '7', 'Guga Dabrundashvili', '2019', '15', NULL, '2', NULL, 'sport climbing', NULL, 4, 8, '2019-04-02 10:06:50', '2021-11-16 12:34:49'),
(73, 'Jibe', NULL, '6a', NULL, NULL, 'Guga Dabrundashvili', '2019', '15', NULL, '2', NULL, 'sport climbing', NULL, 5, 8, '2019-04-02 10:09:29', '2021-11-16 12:36:16'),
(74, 'Remboi', NULL, '6b', NULL, '8', 'Guga Dabrundashvili', '2019', '15', NULL, '2', NULL, 'sport climbing', NULL, 6, 8, '2019-04-02 10:10:08', '2021-11-16 12:37:21'),
(75, 'Daugava', NULL, '6a', NULL, NULL, 'Guga Dabrundashvili', '2019', '13', NULL, '0', NULL, 'sport climbing', NULL, 7, 8, '2019-04-02 10:11:34', '2021-11-16 12:43:00'),
(76, 'Petzl', NULL, '6c', NULL, '13', 'Guga Dabrundashvili', '2019', '26', NULL, '2', NULL, 'sport climbing', NULL, 12, 8, '2019-04-02 10:12:19', '2021-11-16 12:45:08'),
(77, 'Taro', NULL, '6b+', NULL, '12', 'Guga Dabrundashvili', '2019', '25', NULL, '2', NULL, 'sport climbing', NULL, 11, 8, '2019-04-02 10:12:54', '2021-11-16 12:42:18'),
(78, 'Mogzauri', NULL, '8a', NULL, '11', 'Guga Dabrundashvili', NULL, '20', NULL, '2', NULL, 'sport climbing', NULL, 1, 9, '2019-04-02 21:54:13', '2025-01-14 12:27:46'),
(79, 'Cerber', NULL, '6b+', NULL, '10', 'Guga Dabrundashvili', NULL, '22', NULL, '2', NULL, 'sport climbing', NULL, 2, 9, '2019-04-02 21:55:38', '2020-05-25 06:07:36'),
(80, 'Hades', NULL, '6b', NULL, '11', 'Guga Dabrundashvili', NULL, '25', NULL, '2', NULL, 'sport climbing', NULL, 3, 9, '2019-04-02 21:57:17', '2020-05-25 06:07:36'),
(81, 'Corner', NULL, '6a+', NULL, '7', 'Guga Dabrundashvili', NULL, '16', NULL, '2', NULL, 'sport climbing', NULL, 4, 9, '2019-04-02 21:57:57', '2020-05-25 06:07:36'),
(82, 'Chimny', NULL, '6a+', NULL, '7', 'Guga Dabrundashvili', NULL, '16', NULL, '2', NULL, 'sport climbing', NULL, 5, 9, '2019-04-02 22:00:32', '2020-05-25 06:07:36'),
(83, 'Heracles', NULL, '6c+', NULL, '8', 'Guga Dabrundashvili', NULL, '16', NULL, '2', NULL, 'sport climbing', NULL, 6, 9, '2019-04-02 22:01:35', '2020-05-25 06:07:36'),
(84, 'Zeus', NULL, '6c', NULL, '7', 'Guga Dabrundashvili', NULL, '15', NULL, '2', NULL, 'sport climbing', NULL, 7, 9, '2019-04-02 22:03:16', '2020-05-25 06:07:36'),
(85, 'Nif-Nif', NULL, '5c', NULL, '7', 'Guga Dabrundashvili', NULL, '14', NULL, '2', NULL, 'sport climbing', NULL, 8, 9, '2019-04-02 22:04:24', '2020-05-25 06:07:36'),
(86, 'Nuf-Nuf', NULL, '5c', NULL, '5', 'Guga Dabrundashvili', NULL, '10', NULL, '2', NULL, 'sport climbing', NULL, 9, 9, '2019-04-02 22:05:26', '2020-05-25 06:07:36'),
(87, 'Naf-Naf', NULL, '5c+', NULL, '7', 'Guga Dabrundashvili', NULL, '10', NULL, '2', NULL, 'sport climbing', NULL, 10, 9, '2019-04-02 22:08:22', '2020-05-25 06:07:36'),
(91, 'Mokle', NULL, '6a+', NULL, '12', 'Guga Dabrundashvili', NULL, '30', NULL, '2', NULL, 'sport climbing', NULL, 1, 10, '2019-04-02 22:13:39', '2020-05-25 06:07:36'),
(92, 'Simba', NULL, '6b', NULL, '13', 'Guga Dabrundashvili, Arcil Badriashvili', NULL, '25', NULL, '2', NULL, 'sport climbing', NULL, 2, 10, '2019-04-02 22:15:05', '2020-05-25 06:07:36'),
(93, 'Jangle', NULL, '6a', NULL, '7', 'Guga Dabrundashvili', NULL, '22', NULL, '2', NULL, 'sport climbing', NULL, 3, 10, '2019-04-02 22:35:48', '2020-05-25 06:07:36'),
(94, 'Pades', NULL, '6b', NULL, '9', 'Guga Dabrundashvili, Maryam Kitsmarishvili', NULL, '20', NULL, '2', NULL, 'sport climbing', NULL, 4, 10, '2019-04-02 22:36:24', '2020-05-25 06:07:36'),
(95, 'M.M.K.', NULL, '6a+', NULL, '8', 'Guga Dabrundashvili', NULL, '20', NULL, '2', NULL, 'sport climbing', NULL, 5, 10, '2019-04-02 22:37:05', '2020-05-25 06:07:36'),
(96, 'Bomba', NULL, '6a+', NULL, '10', 'Jahannes', NULL, '22', NULL, '2', NULL, 'sport climbing', NULL, 6, 10, '2019-04-02 22:39:30', '2020-05-25 06:07:36'),
(97, 'Daina', NULL, '6a+', NULL, '10', 'Jahannes', NULL, '22', NULL, '2', NULL, 'sport climbing', NULL, 7, 10, '2019-04-02 22:39:35', '2025-01-08 00:29:59'),
(98, 'Lina', NULL, '5c+', NULL, '10', 'Guga Dabrundashvili', NULL, '22', NULL, '2', NULL, 'sport climbing', NULL, 8, 10, '2019-04-02 22:40:23', '2020-05-25 06:07:36'),
(99, 'Montis Magia', NULL, '6a', NULL, '9', 'Guga Dabrundashvili', NULL, '22', NULL, '2', NULL, 'sport climbing', NULL, 9, 10, '2019-04-02 22:41:03', '2020-05-25 06:07:36'),
(100, 'Ant', NULL, '6b+', NULL, '8', 'Guga Dabrundashvili', NULL, '20', NULL, '2', NULL, 'sport climbing', NULL, 5, 11, '2019-04-02 22:41:37', '2024-03-08 23:59:10'),
(101, 'Pomegramt', NULL, '6b', NULL, '7', 'Misho Nadiradze', NULL, '20', NULL, '2', NULL, 'sport climbing', NULL, 6, 11, '2019-04-02 22:42:26', '2024-03-08 23:59:10'),
(102, 'Bolo', NULL, '6b', NULL, '8', 'Guga Dabrundashvili', NULL, '15', NULL, '2', NULL, 'sport climbing', NULL, 16, 12, '2019-04-08 06:18:05', '2024-04-25 00:22:42'),
(103, 'Tree', NULL, 'V2', NULL, NULL, NULL, NULL, '5', NULL, '2', NULL, 'bouldering', NULL, 1, 13, '2019-04-08 06:48:38', '2024-04-25 00:23:29'),
(110, 'Spider', NULL, '6a', NULL, '6', 'Guga Dabrundashvili', NULL, '12', NULL, '0', NULL, 'sport climbing', NULL, 1, 14, '2019-04-14 06:22:49', '2023-08-20 18:22:39'),
(114, 'No start No finish', NULL, '6c', NULL, '10', 'Guga Dabrundashvili', NULL, '28', NULL, '2', NULL, 'sport climbing', NULL, 2, 14, '2019-05-03 07:07:00', '2023-08-20 18:22:39'),
(115, 'Omega', NULL, '6c+', NULL, '11', 'Guga Dabrundashvili', NULL, '28', NULL, '2', NULL, 'sport climbing', NULL, 3, 14, '2019-05-03 07:08:35', '2023-08-20 18:22:39'),
(116, 'Log in', NULL, '6b', NULL, '11', NULL, NULL, '25', NULL, '2', NULL, 'sport climbing', NULL, 4, 14, '2019-05-03 07:09:23', '2023-08-20 18:22:39'),
(117, 'Patato', NULL, '6a', NULL, '10', 'Guga Dabrundashvili', NULL, '27', NULL, '2', NULL, 'sport climbing', NULL, 5, 14, '2019-05-03 07:11:49', '2023-08-20 18:22:39'),
(118, 'Astra', NULL, '6a+', NULL, '10', 'Guga Dabrundashvili', NULL, '25', NULL, '2', NULL, 'sport climbing', NULL, 6, 14, '2019-05-03 07:13:06', '2023-08-20 18:22:39'),
(119, 'Deutschland', NULL, '6c', NULL, '25', 'Guga Dabrundashvili', NULL, '10', NULL, '2', NULL, 'sport climbing', NULL, 7, 14, '2019-05-03 07:15:27', '2023-08-20 18:22:39'),
(120, 'Sweet tea', NULL, '6a', NULL, '10', 'Guga Dabrundashvili', NULL, '25', NULL, '2', NULL, 'sport climbing', NULL, 8, 14, '2019-05-03 07:16:23', '2023-08-20 18:22:40'),
(121, '69', NULL, '7a', NULL, '12', 'Guga Dabrundashvili', NULL, '25', NULL, '2', NULL, 'sport climbing', NULL, 9, 14, '2019-05-03 07:17:06', '2020-05-25 06:07:36'),
(122, '5047', NULL, '6c', NULL, '8', 'Guga Dabrundashvili', NULL, '18', NULL, '2', NULL, 'sport climbing', NULL, 10, 14, '2019-05-03 07:17:46', '2023-08-20 18:22:40'),
(123, 'No name', NULL, '6b+', NULL, '8', 'Guga Dabrundashvili', NULL, '20', NULL, '2', NULL, 'sport climbing', NULL, 11, 14, '2019-05-03 07:18:25', '2023-08-20 18:22:40'),
(124, 'Rock n roll', NULL, '6b+', NULL, '10', 'Guga Dabrundashvili', NULL, '22', NULL, '2', NULL, 'sport climbing', NULL, 12, 14, '2019-05-03 07:19:33', '2023-08-20 18:22:40'),
(125, 'Dusty', NULL, '6b+', NULL, '7', 'Guga Dabrundashvili', NULL, '15', NULL, '2', NULL, 'sport climbing', NULL, 13, 14, '2019-05-03 07:20:23', '2023-08-20 18:22:40'),
(126, 'Chire', NULL, '6a', NULL, '6', 'Guga Dabrundashvili', NULL, '15', NULL, '2', NULL, 'sport climbing', NULL, 14, 14, '2019-05-03 07:22:13', '2023-08-20 18:22:40'),
(127, 'Tonga', NULL, '6b+', NULL, '7', 'Guga Dabrundashvili', NULL, '15', NULL, '2', NULL, 'sport climbing', NULL, 15, 14, '2019-05-03 07:22:45', '2023-08-20 18:22:40'),
(128, 'Tonga', NULL, '6b+', NULL, '7', 'Guga Dabrundashvili', NULL, '15', NULL, '2', NULL, 'sport climbing', NULL, 16, 14, '2019-05-03 07:24:14', '2023-08-20 18:22:40'),
(129, 'Nest', NULL, '6b+', NULL, '7', 'Guga Dabrundashvili', NULL, '15', NULL, '2', NULL, 'sport climbing', NULL, 17, 14, '2019-05-03 07:25:06', '2023-08-20 18:22:40'),
(130, 'Fixe', NULL, '6b+', NULL, '7', 'Guga Dabrundashvili', NULL, '15', NULL, '2', NULL, 'sport climbing', NULL, 18, 14, '2019-05-03 07:29:23', '2023-08-20 18:22:40'),
(131, 'Arsha', NULL, '5b', NULL, '7', 'Guga Dabrundashvili', NULL, '20', NULL, '2', NULL, 'sport climbing', NULL, 19, 14, '2019-05-03 07:30:09', '2023-08-20 18:22:40'),
(132, 'Beast', NULL, '6a+', NULL, '10', 'Guga Dabrundashvili', NULL, '25', NULL, '2', NULL, 'sport climbing', NULL, 20, 14, '2019-05-03 07:33:13', '2023-08-20 18:22:40'),
(133, 'Grey', NULL, '6a', NULL, '10', 'Guga Dabrundashvili', NULL, '25', NULL, '2', NULL, 'sport climbing', NULL, 21, 14, '2019-05-03 07:34:15', '2023-08-20 18:22:40'),
(134, 'Ele', NULL, '5b', NULL, '10', 'Guga Dabrundashvili', NULL, '22', NULL, '2', NULL, 'sport climbing', NULL, 22, 14, '2019-05-03 07:34:47', '2023-08-20 18:22:40'),
(135, 'Red left', NULL, '5a', NULL, '10', 'Guga Dabrundashvili', NULL, '22', NULL, '2', NULL, 'sport climbing', NULL, 23, 14, '2019-05-03 07:35:46', '2023-08-20 18:22:40'),
(136, 'Red right', NULL, '5b', NULL, '10', 'Guga Dabrundashvili', NULL, '22', NULL, '2', NULL, 'sport climbing', NULL, 24, 14, '2019-05-03 07:36:29', '2023-08-20 18:22:40'),
(137, 'Cannon', NULL, '5b', NULL, '9', 'Guga Dabrundashvili', NULL, '22', NULL, '2', NULL, 'sport climbing', NULL, 25, 14, '2019-05-03 07:37:20', '2023-08-20 18:22:40'),
(138, 'Multu. p', NULL, '6a+', NULL, '9', 'Guga Dabrundashvili', NULL, '22', NULL, '2', NULL, 'sport climbing', NULL, 26, 14, '2019-05-03 07:38:03', '2023-08-20 18:22:40'),
(139, 'Top', NULL, '5b', NULL, '10', 'Guga Dabrundashvili', NULL, '22', NULL, '2', NULL, 'sport climbing', NULL, 27, 14, '2019-05-03 07:38:36', '2023-08-20 18:22:40'),
(140, 'Sika', NULL, '5c', NULL, '8', 'Guga Dabrundashvili', NULL, '22', NULL, '2', NULL, 'sport climbing', NULL, 28, 14, '2019-05-03 07:39:47', '2023-08-20 18:22:40'),
(141, 'New', NULL, '6a', NULL, '9', 'Guga Dabrundashvili', NULL, '22', NULL, '2', NULL, 'sport climbing', NULL, 29, 14, '2019-05-03 07:40:51', '2023-08-20 18:22:40'),
(142, 'Bolo', NULL, '5c', NULL, '10', 'Guga Dabrundashvili', NULL, '22', NULL, '2', NULL, 'sport climbing', NULL, 30, 14, '2019-05-03 07:41:19', '2023-08-20 18:22:40'),
(143, 'Snake', NULL, '6b', NULL, '11', 'Guga Dabrundashvili', NULL, '25', NULL, '2', 'hangerr', 'sport climbing', NULL, 5, 16, '2019-05-03 07:43:29', '2024-07-20 13:07:00'),
(144, 'Scorpion', NULL, '7a', NULL, '9', 'Guga Dabrundashvili', NULL, '17', NULL, '2', 'hangerr', 'sport climbing', NULL, 7, 16, '2019-05-03 07:44:16', '2024-07-20 13:07:36'),
(145, 'Blizarrd', NULL, '6a', NULL, '7', 'Brat.m', NULL, '10', NULL, '2', NULL, 'sport climbing', NULL, 7, 18, '2019-05-03 07:54:42', '2024-07-06 00:00:28'),
(146, 'Blue wave', NULL, '6a+', NULL, '7', 'Vento', NULL, '10', NULL, '2', NULL, 'sport climbing', NULL, 6, 18, '2019-05-03 07:55:04', '2024-07-06 00:00:28'),
(147, 'Meduza', NULL, '6b', NULL, '8', 'Guga Dabrundashvili', '2021', '12', NULL, '2', NULL, 'sport climbing', NULL, 5, 18, '2019-05-03 07:55:31', '2024-07-06 00:00:28'),
(148, 'Chees', NULL, '5a', NULL, '10', 'Guga Dabrundashvili', NULL, '6', NULL, '0', NULL, 'sport climbing', NULL, 6, 17, '2019-05-03 07:56:31', '2022-06-27 14:08:05'),
(149, 'Barabulka', NULL, '6a', '6a+', '7', NULL, NULL, '11', NULL, '0', NULL, 'sport climbing', NULL, 4, 17, '2019-05-03 07:57:16', '2021-08-03 11:36:24'),
(150, 'Covid19', NULL, '6a', NULL, '9', 'Guga Dabrundashvili', NULL, '17', NULL, '2', NULL, 'sport climbing', NULL, 3, 18, '2019-05-03 07:57:39', '2021-08-03 11:44:42'),
(152, 'Diuba', NULL, '6a', NULL, '9', 'Guga Dabrundashvili', NULL, '18', NULL, '2', NULL, 'sport climbing', NULL, 3, 17, '2019-05-03 07:58:50', '2021-08-03 11:34:53'),
(153, 'Sergia', NULL, '6a', NULL, '7', 'Shako Mikava', NULL, '20', NULL, '0', NULL, 'sport climbing', NULL, 1, 19, '2019-05-03 08:15:54', '2020-05-25 06:07:36'),
(154, 'Boloki', NULL, '6a+', NULL, '8', 'Luka Lomashvili', NULL, '20', NULL, '0', NULL, 'sport climbing', NULL, 2, 19, '2019-05-03 08:17:13', '2020-05-25 06:07:36'),
(155, 'Nali', NULL, '5c+', NULL, '8', 'Temo Samsonadze', NULL, '22', NULL, '0', NULL, 'sport climbing', NULL, 3, 19, '2019-05-03 08:18:03', '2020-05-25 06:07:36'),
(156, 'Dady', NULL, '6a', NULL, '10', 'Guga Dabrundashvili', NULL, '22', NULL, '0', NULL, 'sport climbing', NULL, 4, 19, '2019-05-03 08:19:23', '2020-05-25 06:07:36'),
(157, 'Slopy', NULL, '6a+', NULL, '7', 'Guga Dabrundashvili', NULL, '15', NULL, '0', NULL, 'sport climbing', NULL, 5, 19, '2019-05-03 08:20:24', '2020-05-25 06:07:36'),
(158, 'Malou', NULL, '5c', NULL, '6', 'Guga Dabrundashvili', NULL, '15', NULL, '0', NULL, 'sport climbing', NULL, 6, 19, '2019-05-03 08:21:07', '2020-05-25 06:07:36'),
(159, '-', NULL, '6b+', NULL, '13', 'Luka Lomashvili', NULL, '35', NULL, '2', NULL, 'sport climbing', NULL, 7, 19, '2019-05-03 08:21:50', '2020-05-25 06:07:36'),
(160, '-', NULL, '6c', NULL, '13', 'Shako Mikava', NULL, '30', NULL, '0', NULL, 'sport climbing', NULL, 8, 19, '2019-05-03 08:22:33', '2020-05-25 06:07:36'),
(161, '-', NULL, '6a+', NULL, '8', 'Guga Dabrundashvili', NULL, '25', NULL, '0', NULL, 'sport climbing', NULL, 9, 19, '2019-05-03 08:23:33', '2020-05-25 06:07:36'),
(162, '-', NULL, '6a+', NULL, '8', 'Guga Dabrundashvili', NULL, '25', NULL, '2', NULL, 'sport climbing', NULL, 10, 19, '2019-05-03 08:23:59', '2020-05-25 06:07:36'),
(163, '-', NULL, '6b', NULL, '12', 'Guga Dabrundashvili', NULL, '28', NULL, '0', NULL, 'sport climbing', NULL, 11, 19, '2019-05-03 08:24:49', '2020-05-25 06:07:36'),
(164, '-', NULL, '?', NULL, '8', 'Temo Samsonadze', NULL, '13', NULL, '0', NULL, 'sport climbing', NULL, 1, 20, '2019-05-03 08:25:20', '2021-05-09 11:18:27'),
(165, '-', NULL, '?', NULL, '6', 'Temo Samsonadze', NULL, '13', NULL, '0', NULL, 'sport climbing', NULL, 2, 20, '2019-05-03 08:26:07', '2021-05-09 11:18:02'),
(166, '-', NULL, '?', NULL, '8', 'Guga Dabrundashvili', NULL, '13', NULL, '0', NULL, 'sport climbing', NULL, 3, 20, '2019-05-03 08:27:36', '2021-05-09 11:17:36'),
(167, 'Demoni', NULL, '7b+', NULL, '8', 'Guga Dabrundashvili', NULL, '13', NULL, '0', NULL, 'sport climbing', NULL, 4, 20, '2019-05-03 08:28:09', '2021-05-09 11:17:23'),
(168, '-', NULL, '?', NULL, '11', 'Oto Maisuradze', NULL, '15', NULL, '2', NULL, 'sport climbing', NULL, 1, 21, '2019-05-04 02:14:36', '2020-05-25 06:07:36'),
(169, '-', NULL, '?', NULL, '14', 'Oto Maisuradze', NULL, '20', NULL, '2', NULL, 'sport climbing', NULL, 2, 21, '2019-05-04 02:15:19', '2020-05-25 06:07:36'),
(170, '-', NULL, '6c', NULL, '7', 'Oto Maisuradze', NULL, '15', NULL, '2', NULL, 'sport climbing', NULL, 3, 21, '2019-05-04 02:16:21', '2020-05-25 06:07:36'),
(171, '-', NULL, '6a+', NULL, '12', 'Guga Dabrundashvili', NULL, '25', NULL, '2', NULL, 'sport climbing', NULL, 4, 21, '2019-05-04 02:17:03', '2020-05-25 06:07:36'),
(172, '-', NULL, '5c', NULL, NULL, 'Archil Cincadze', NULL, '25', NULL, '2', NULL, 'sport climbing', NULL, 5, 21, '2019-05-04 02:17:37', '2020-05-25 06:07:36'),
(173, '-', NULL, '?', NULL, NULL, NULL, NULL, NULL, NULL, '2', NULL, 'sport climbing', NULL, 6, 21, '2019-05-04 02:18:07', '2020-05-25 06:07:36'),
(174, '-', NULL, '7a', NULL, '11', 'Guga Dabrundashvili', NULL, '30', NULL, '2', NULL, 'sport climbing', NULL, 1, 22, '2019-05-04 02:21:15', '2020-05-25 06:07:36'),
(175, '-', NULL, '6b+', NULL, '12', 'Ilia Berulava', NULL, '30', NULL, '2', NULL, 'sport climbing', NULL, 2, 22, '2019-05-04 02:21:53', '2020-05-25 06:07:36'),
(176, '-', NULL, '?', NULL, NULL, 'Guga Dabrundashvili', NULL, '30', NULL, '2', NULL, 'sport climbing', NULL, 3, 22, '2019-05-04 02:22:19', '2020-05-25 06:07:36'),
(177, '-', NULL, '?', NULL, NULL, 'Guga Dabrundashvili', NULL, '30', NULL, '2', NULL, 'sport climbing', NULL, 4, 22, '2019-05-04 02:22:40', '2020-05-25 06:07:36'),
(178, '-', NULL, '5c', NULL, '6', 'Guga Dabrundashvili', NULL, '10', NULL, '2', NULL, 'sport climbing', NULL, 5, 22, '2019-05-04 02:23:27', '2020-05-25 06:07:36'),
(179, '-', NULL, '5c+', NULL, '7', 'Archil Cincadze', NULL, '15', NULL, '2', NULL, 'sport climbing', NULL, 6, 22, '2019-05-04 02:24:01', '2020-05-25 06:07:36'),
(180, 'Corner', NULL, 'V1', NULL, NULL, NULL, NULL, '5', NULL, '2', NULL, 'bouldering', NULL, 2, 13, '2019-05-04 02:52:47', '2020-05-25 06:07:36'),
(181, 'Tango', NULL, 'V4', NULL, NULL, NULL, NULL, '5', NULL, '2', NULL, 'bouldering', NULL, 3, 13, '2019-05-04 02:57:34', '2020-05-25 06:07:36'),
(182, 'Jump', NULL, 'V2', NULL, NULL, NULL, NULL, '5', NULL, '2', NULL, 'bouldering', NULL, 4, 13, '2019-05-04 02:58:06', '2020-05-25 06:07:36'),
(183, 'Kibe', NULL, 'V2', NULL, NULL, NULL, NULL, '5', NULL, '2', NULL, 'bouldering', NULL, 5, 13, '2019-05-04 02:58:36', '2020-05-25 06:07:36'),
(184, 'Slopy', NULL, 'V3', NULL, NULL, NULL, NULL, '5', NULL, '2', NULL, 'bouldering', NULL, 6, 13, '2019-05-04 02:59:30', '2020-05-25 06:07:36'),
(185, 'Traverse', NULL, 'V3', NULL, NULL, NULL, NULL, '5', NULL, '2', NULL, 'bouldering', NULL, 7, 13, '2019-05-04 03:00:25', '2020-05-25 06:07:36'),
(186, 'Roof', NULL, 'V3', NULL, NULL, NULL, NULL, '5', NULL, '2', NULL, 'bouldering', NULL, 8, 13, '2019-05-04 03:01:07', '2020-05-25 06:07:36'),
(187, 'Corner Roof', NULL, 'V2', NULL, NULL, NULL, NULL, '5', NULL, '2', NULL, 'bouldering', NULL, 9, 13, '2019-05-04 03:03:16', '2020-05-25 06:07:36'),
(188, 'Classic', NULL, 'V2', NULL, NULL, NULL, NULL, '5', NULL, '2', NULL, 'bouldering', NULL, 10, 13, '2019-05-04 03:05:39', '2020-05-25 06:07:36'),
(189, 'Green', NULL, 'V3', NULL, NULL, NULL, NULL, '5', NULL, '2', NULL, 'bouldering', NULL, 11, 13, '2019-05-04 03:08:09', '2020-05-25 06:07:36'),
(190, 'Glue', NULL, 'V3', NULL, NULL, NULL, NULL, '5', NULL, '2', NULL, 'bouldering', NULL, 12, 13, '2019-05-04 03:08:40', '2020-05-25 06:07:36'),
(191, 'One Hand', NULL, 'V3', NULL, NULL, NULL, NULL, '5', NULL, '2', NULL, 'bouldering', NULL, 13, 13, '2019-05-04 03:09:21', '2020-05-25 06:07:36'),
(192, 'Theangle', NULL, 'V2', NULL, NULL, NULL, NULL, '5', NULL, '2', NULL, 'bouldering', NULL, 14, 13, '2019-05-04 03:11:01', '2020-05-25 06:07:36'),
(193, 'Nose', NULL, 'V3', NULL, NULL, NULL, NULL, '5', NULL, '2', NULL, 'bouldering', NULL, 15, 13, '2019-05-04 03:11:33', '2020-05-25 06:07:36'),
(194, 'Lamzira', NULL, 'V4', NULL, NULL, NULL, NULL, '5', NULL, '2', NULL, 'bouldering', NULL, 16, 13, '2019-05-04 03:12:01', '2020-05-25 06:07:36'),
(195, 'Sisi', NULL, 'V4', NULL, NULL, NULL, NULL, '5', NULL, '2', NULL, 'bouldering', NULL, 17, 13, '2019-05-04 03:12:24', '2020-05-25 06:07:36'),
(196, 'No start No finish', NULL, '6b', NULL, '4', 'Guga Dabrundashvili', NULL, '8', NULL, '2', NULL, 'sport climbing', NULL, 1, 12, '2019-05-04 03:45:44', '2020-05-25 06:07:36'),
(197, '3 Stone', NULL, '6b', NULL, '4', 'Guga Dabrundashvili', NULL, '9', NULL, '2', NULL, 'sport climbing', NULL, 2, 12, '2019-05-04 03:46:32', '2020-05-25 06:07:36'),
(198, 'Never give up', NULL, '6a+', NULL, '5', 'Guga Dabrundashvili', NULL, '9', NULL, '1', NULL, 'sport climbing', NULL, 3, 12, '2019-05-04 03:48:30', '2020-05-25 06:07:36'),
(199, 'axe', NULL, '6a', NULL, '6', 'Guga Dabrundashvili', NULL, '9', NULL, '2', NULL, 'sport climbing', NULL, 4, 12, '2019-05-04 03:49:14', '2020-05-25 06:07:36'),
(200, 'Beal', NULL, '6a+', NULL, '6', 'Guga Dabrundashvili', NULL, '10', NULL, '1', NULL, 'sport climbing', NULL, 5, 12, '2019-05-04 03:50:18', '2020-05-25 06:07:36'),
(201, 'Saxli (Singing rock)', NULL, '6b+', NULL, '6', 'Irakli Soselia', NULL, '8', NULL, '1', NULL, 'sport climbing', NULL, 6, 12, '2019-05-04 03:51:42', '2020-05-25 06:07:36'),
(202, 'Kutxe', NULL, '5a', NULL, NULL, NULL, NULL, '12', NULL, '2', NULL, 'top', NULL, 7, 12, '2019-05-04 03:56:12', '2024-04-25 00:19:38'),
(203, 'Buia', NULL, '5c', NULL, NULL, NULL, NULL, '12', NULL, '2', NULL, 'top', NULL, 8, 12, '2019-05-04 03:56:54', '2024-04-25 00:20:59'),
(204, 'Streli', NULL, '6a', NULL, NULL, NULL, NULL, '13', NULL, '2', NULL, 'top', NULL, 9, 12, '2019-05-04 03:57:32', '2024-04-25 00:21:40'),
(205, 'Rusalka', NULL, '6a+', NULL, NULL, NULL, NULL, '12', NULL, '2', NULL, 'top', NULL, 10, 12, '2019-05-04 03:58:07', '2024-04-25 00:21:47'),
(206, 'Samkutxedi', NULL, '5c', NULL, NULL, NULL, NULL, '12', NULL, '2', NULL, 'top', NULL, 11, 12, '2019-05-04 03:59:02', '2024-04-25 00:21:50'),
(207, 'Classic', NULL, '5b', NULL, NULL, NULL, NULL, '11', NULL, '2', NULL, 'top', NULL, 12, 12, '2019-05-04 03:59:45', '2024-04-25 00:21:55'),
(208, 'Plita', NULL, '6a', NULL, '4', 'Guga Dabrundashvili', NULL, '10', NULL, '1', NULL, 'sport climbing', NULL, 13, 12, '2019-05-04 04:01:20', '2020-05-25 06:07:36'),
(209, 'Ghari', NULL, '5a', NULL, '4', 'Guga Dabrundashvili', NULL, '8', NULL, '1', NULL, 'sport climbing', NULL, 14, 12, '2019-05-04 04:03:10', '2020-05-25 06:07:36'),
(210, 'Luxi', NULL, '6a+', NULL, NULL, NULL, NULL, '12', NULL, '2', NULL, 'top', NULL, 15, 12, '2019-05-04 04:03:54', '2024-04-25 00:22:32'),
(231, 'Superman', NULL, 'V7', NULL, NULL, NULL, NULL, '2', NULL, '2', NULL, 'bouldering', NULL, 3, 29, '2019-05-04 19:46:28', '2020-05-25 06:07:36'),
(232, 'Rac mamas unda (Hard)', NULL, 'V5', NULL, NULL, NULL, NULL, '6', NULL, NULL, NULL, 'bouldering', NULL, 4, 50, '2019-05-04 19:48:53', '2022-04-09 11:32:33'),
(233, 'Rac mamas unda (Medium)', NULL, 'V4', NULL, NULL, NULL, NULL, '6', NULL, NULL, NULL, 'bouldering', NULL, 5, 50, '2019-05-04 19:49:46', '2022-04-09 11:32:03'),
(234, 'Rac mamas unda (Easy)', NULL, 'V3', NULL, NULL, NULL, NULL, '6', NULL, NULL, NULL, 'bouldering', NULL, 6, 50, '2019-05-04 19:51:26', '2022-04-09 11:31:34'),
(235, 'Pikachu', NULL, 'V4', NULL, NULL, 'Shako Mikava', NULL, '6', NULL, NULL, NULL, 'bouldering', NULL, 7, 50, '2019-05-04 19:52:12', '2022-04-09 11:56:41'),
(236, 'Marto', NULL, 'V3', NULL, NULL, NULL, NULL, '4', NULL, '2', NULL, 'bouldering', NULL, 1, 30, '2019-05-04 19:52:51', '2020-05-25 06:07:36'),
(237, 'Cave', NULL, 'V9', NULL, NULL, NULL, NULL, '7', NULL, '2', NULL, 'bouldering', NULL, 2, 30, '2019-05-04 19:54:32', '2020-05-25 06:07:36'),
(238, 'Spider', NULL, 'V7', NULL, NULL, NULL, NULL, '8', NULL, '2', NULL, 'bouldering', NULL, 1, 31, '2019-05-04 19:55:39', '2020-05-25 06:07:36'),
(239, 'Spring', NULL, 'V3', NULL, NULL, NULL, NULL, '8', NULL, '2', NULL, 'bouldering', NULL, 2, 31, '2019-05-04 19:57:26', '2020-05-25 06:07:36'),
(240, 'Slopy', NULL, 'V4', NULL, NULL, NULL, NULL, '6', NULL, '2', NULL, 'bouldering', NULL, 3, 31, '2019-05-04 19:58:16', '2020-05-25 06:07:36'),
(241, 'Super slopy', NULL, 'V5', NULL, NULL, NULL, NULL, '6', NULL, '2', NULL, 'bouldering', NULL, 4, 31, '2019-05-04 19:58:51', '2020-05-25 06:07:36'),
(242, 'Travers', NULL, 'V3', NULL, NULL, NULL, NULL, '3', NULL, '2', NULL, 'bouldering', NULL, 1, 32, '2019-05-04 20:02:53', '2020-05-25 06:07:36'),
(243, 'Next', NULL, 'V4', NULL, NULL, NULL, NULL, '5', NULL, '2', NULL, 'bouldering', NULL, 2, 32, '2019-05-04 20:03:16', '2020-05-25 06:07:36'),
(244, 'Puza', NULL, 'V5', NULL, NULL, NULL, NULL, '5', NULL, '2', NULL, 'bouldering', NULL, 3, 32, '2019-05-04 20:03:40', '2020-05-25 06:07:36'),
(245, 'Camel', NULL, 'V3', NULL, NULL, NULL, NULL, '6', NULL, '2', NULL, 'bouldering', NULL, 4, 32, '2019-05-04 20:04:17', '2020-05-25 06:07:36'),
(246, 'Stone', NULL, 'V4', NULL, NULL, NULL, NULL, '8', NULL, NULL, NULL, 'bouldering', NULL, 1, 52, '2019-05-04 20:05:00', '2022-04-09 12:03:17'),
(247, 'Light', NULL, 'V2', NULL, NULL, NULL, NULL, '8', NULL, NULL, NULL, 'bouldering', NULL, 2, 52, '2019-05-04 20:05:24', '2022-04-09 12:02:54'),
(248, 'Easy', NULL, 'V2', NULL, NULL, NULL, NULL, '6', NULL, NULL, NULL, 'bouldering', NULL, 3, 53, '2019-05-04 20:06:24', '2022-04-09 12:09:29'),
(249, 'Jump', NULL, 'V6', NULL, NULL, NULL, NULL, '6', NULL, NULL, NULL, 'bouldering', NULL, 4, 53, '2019-05-04 20:06:54', '2022-04-09 12:08:16'),
(250, '-', NULL, 'V2', NULL, NULL, NULL, NULL, '6', NULL, NULL, NULL, 'bouldering', NULL, 5, 53, '2019-05-04 20:08:15', '2022-04-09 12:07:47'),
(251, 'Globus', NULL, 'V3', NULL, NULL, NULL, NULL, '4', NULL, NULL, NULL, 'bouldering', NULL, 6, 54, '2019-05-04 20:08:53', '2022-04-09 12:12:12'),
(252, 'Chip & Dale', NULL, 'V2', NULL, NULL, NULL, NULL, '6', NULL, NULL, NULL, 'bouldering', NULL, 7, 54, '2019-05-04 20:09:46', '2022-04-09 12:12:36'),
(253, '-', NULL, '7a+', NULL, NULL, NULL, NULL, '60', NULL, '2', NULL, 'sport climbing', NULL, 1, 34, '2019-05-04 20:36:11', '2020-05-25 06:07:36'),
(254, '-', NULL, '7b+', NULL, NULL, NULL, NULL, '60', NULL, '2', NULL, 'sport climbing', NULL, 2, 34, '2019-05-04 20:37:02', '2020-05-25 06:07:36'),
(259, 'Kids', NULL, '5b', NULL, '7', 'Guga Dabrundashvili', NULL, '16', NULL, '1', NULL, 'sport climbing', NULL, 1, 5, '2019-05-15 03:38:59', '2021-05-09 10:51:01'),
(260, 'Dio', NULL, '5b', NULL, '5', 'Guga Dabrundashvili', NULL, '10', NULL, '2', NULL, 'sport climbing', NULL, 1, 35, '2019-05-15 06:51:12', '2020-05-25 06:07:36'),
(261, 'Metalica', NULL, '7b', NULL, '11', 'Guga Dabrundashvili', NULL, '25', NULL, '2', NULL, 'sport climbing', NULL, 2, 35, '2019-05-15 06:51:50', '2025-08-21 20:19:07'),
(262, 'Sepultura', NULL, '7a', NULL, '10', 'Guga Dabrundashvili', NULL, '26', NULL, '2', NULL, 'sport climbing', NULL, 3, 35, '2019-05-15 06:53:18', '2025-08-21 20:18:54'),
(263, 'Soulfly', NULL, '6c+', NULL, '10', 'Guga Dabrundashvili', NULL, '26', NULL, '2', NULL, 'sport climbing', NULL, 4, 35, '2019-05-15 06:54:19', '2020-05-25 06:07:36'),
(264, 'Pantera', NULL, '6a', NULL, '9', 'Guga Dabrundashvili', NULL, '22', NULL, '2', NULL, 'sport climbing', NULL, 5, 35, '2019-05-15 06:55:07', '2020-05-25 06:07:36'),
(265, 'Chutelanjelo', NULL, '6b+', NULL, '7', 'Guga Dabrundashvili', NULL, '22', NULL, '2', NULL, 'sport climbing', NULL, 7, 35, '2019-05-15 06:55:45', '2025-08-21 20:25:11'),
(266, 'Frog party', NULL, '6b', NULL, '10', 'Irakli Bidzishvili', NULL, '28', NULL, '2', NULL, 'sport climbing', NULL, 8, 35, '2019-05-15 06:56:46', '2025-08-21 20:25:11'),
(267, '-', NULL, '4', NULL, '4', 'Temo Samsonadze', NULL, '8', 'Guga Dabrundashvili', '1', NULL, 'sport climbing', NULL, 1, 4, '2019-07-14 22:48:14', '2020-05-25 06:07:36'),
(268, '-', NULL, '6a+', NULL, '6', NULL, NULL, '9', 'Guga Dabrundashvili', '1', NULL, 'sport climbing', NULL, 2, 4, '2019-07-14 22:48:49', '2020-05-25 06:07:36'),
(269, 'Bat', NULL, '6b+', NULL, '5', 'Guga Dabrundashvili', NULL, '9', 'Guga Dabrundashvili', '1', NULL, 'sport climbing', NULL, 3, 4, '2019-07-14 22:50:00', '2020-05-25 06:07:36'),
(270, '-', NULL, '5a', NULL, NULL, 'Guga Dabrundashvili', '2016', '9', NULL, '2', NULL, 'sport climbing', NULL, 1, 49, '2019-07-14 23:48:49', '2022-04-09 11:38:45'),
(271, '-', NULL, '5a', NULL, NULL, 'Guga Dabrundashvili', '2016', '9', NULL, '2', NULL, 'sport climbing', NULL, 2, 49, '2019-07-14 23:49:22', '2022-04-09 11:39:35'),
(272, '-', NULL, '5a', NULL, '6', NULL, NULL, '9', NULL, '2 bolts only', NULL, 'sport climbing', NULL, 1, 36, '2019-07-14 23:50:02', '2023-07-28 01:47:39'),
(273, '-', NULL, '5b', NULL, '6', NULL, NULL, '9', NULL, '2 bolts only', NULL, 'sport climbing', NULL, 2, 36, '2019-07-14 23:50:39', '2023-07-28 01:47:46'),
(274, '-', NULL, '6a+', NULL, '6', NULL, NULL, '8', NULL, '2 bolts only', NULL, 'sport climbing', NULL, 1, 37, '2019-07-14 23:51:50', '2023-07-28 01:44:46'),
(275, '-', NULL, '6a', NULL, NULL, NULL, NULL, '8', NULL, '2 bolts only', NULL, 'top', NULL, 2, 37, '2019-07-14 23:52:26', '2023-07-28 01:44:58'),
(276, '-', NULL, '6a', NULL, NULL, NULL, NULL, '8', NULL, '2 bolts only', NULL, 'top', NULL, 3, 37, '2019-07-14 23:52:47', '2023-07-28 01:45:05'),
(277, '-', NULL, '6a+', NULL, NULL, NULL, NULL, '8', NULL, '2 bolts only', NULL, 'top', NULL, 4, 37, '2019-07-14 23:53:10', '2023-07-28 01:45:10'),
(278, '-', NULL, '6b', NULL, NULL, NULL, NULL, '8', NULL, '2 bolts only', NULL, 'top', NULL, 5, 37, '2019-07-14 23:54:05', '2023-07-28 01:45:21'),
(279, '-', NULL, '5a', NULL, '6', NULL, NULL, '9', NULL, '2 bolts only', NULL, 'sport climbing', NULL, 6, 63, '2019-07-14 23:54:44', '2023-07-28 01:44:04'),
(280, 'Ikarus', NULL, '6c', NULL, '7', 'Guga Dabrundashvili', NULL, '10', NULL, '0', NULL, 'sport climbing', NULL, 7, 5, '2019-12-17 00:59:26', '2021-05-09 10:51:01'),
(281, 'Meteor', NULL, '6b+', NULL, '10', 'Guga Dabrundashvili', NULL, '18', NULL, '1', NULL, 'sport climbing', NULL, 8, 5, '2019-12-17 01:00:08', '2021-05-09 10:51:01'),
(282, 'Chuta', NULL, '6a', NULL, '6', 'Guga Dabrundashvili', NULL, '10', NULL, '1', NULL, 'sport climbing', NULL, 9, 5, '2019-12-17 01:00:46', '2021-05-09 10:51:01'),
(283, 'warm up', NULL, '5c', NULL, '6', 'Guga Dabrundashvili', NULL, '10', NULL, '2', NULL, 'sport climbing', NULL, 1, 38, '2019-12-29 08:18:59', '2020-05-25 06:07:36'),
(284, 'Tsdo', NULL, '6a+', NULL, '6', 'Guga Dabrundashvili', NULL, '14', NULL, '2', NULL, 'sport climbing', NULL, 2, 38, '2019-12-29 08:22:04', '2020-05-25 06:07:36'),
(285, 'Cobra', NULL, '6b', NULL, '7', 'Nika Sanava', NULL, '14', NULL, '2', NULL, 'sport climbing', NULL, 3, 38, '2019-12-29 08:23:40', '2020-05-25 06:07:36'),
(286, 'პროგრესირებადი პატრიოტი', NULL, '6b', NULL, '8', 'Giorgi Gomiashvili', NULL, '14', NULL, '2', NULL, 'sport climbing', NULL, 4, 38, '2019-12-29 08:24:35', '2020-05-25 06:07:36'),
(287, 'Pomelo', NULL, '6a', NULL, '6', 'Chuta', NULL, '13', NULL, '2', NULL, 'sport climbing', NULL, 5, 38, '2019-12-29 08:25:34', '2020-05-25 06:07:36'),
(288, '1Dam', NULL, '6a', NULL, '6', 'Nika Sanava', NULL, '11', NULL, '2', NULL, 'sport climbing', NULL, 6, 38, '2019-12-29 08:26:10', '2020-05-25 06:07:36'),
(301, 'Jaga', NULL, '6a', NULL, '7', NULL, '2019', '0', NULL, '1', NULL, 'sport climbing', NULL, 8, 40, '2020-02-29 07:06:50', '2021-08-03 11:59:08'),
(302, 'Juja', NULL, '6a', NULL, '4', NULL, '2019', '7', NULL, '1', NULL, 'sport climbing', NULL, 7, 40, '2020-02-29 07:07:37', '2021-08-03 11:59:08'),
(303, 'Hera', NULL, '6b', NULL, '7', NULL, '2019', '14', NULL, '1', NULL, 'sport climbing', NULL, 6, 40, '2020-02-29 07:08:00', '2021-08-03 11:59:08'),
(304, 'Argo', NULL, '6a', NULL, '7', NULL, '2019', '15', NULL, '1', NULL, 'sport climbing', NULL, 5, 40, '2020-02-29 07:08:26', '2021-08-03 11:59:08'),
(305, 'Gragon', NULL, '6a+', NULL, '7', NULL, '2019', '13', NULL, '1', NULL, 'sport climbing', NULL, 4, 40, '2020-02-29 07:09:01', '2021-08-03 11:59:08'),
(306, 'Hera', NULL, '5c', NULL, '6', NULL, '2019', '14', NULL, '1', NULL, 'sport climbing', NULL, 3, 40, '2020-02-29 07:09:23', '2021-08-03 11:59:08'),
(307, 'Poseidon', NULL, '6b+', NULL, '6', NULL, '2019', '14', NULL, '1', NULL, 'sport climbing', NULL, 2, 40, '2020-02-29 07:09:50', '2021-08-03 11:59:08'),
(308, 'Zeus', NULL, '6b', NULL, '6', NULL, '2019', '14', NULL, '2', NULL, 'sport climbing', NULL, 1, 40, '2020-02-29 07:10:16', '2021-08-03 11:59:08'),
(309, 'Hulk', NULL, '5a', NULL, '5', 'Irakli Bidzishvili', NULL, '8', NULL, '2', NULL, 'sport climbing', NULL, 1, 41, '2020-04-23 02:19:57', '2020-05-25 06:07:36'),
(310, 'Tetris', NULL, '5c', NULL, '5', 'Guga Dabrundashvili', NULL, '8', NULL, '2', NULL, 'sport climbing', NULL, 2, 41, '2020-04-23 02:21:21', '2020-05-25 06:07:36'),
(311, 'Game Boy', NULL, '6a', NULL, '5', 'Guga Dabrundashvili', NULL, '7', NULL, '2', NULL, 'sport climbing', NULL, 3, 41, '2020-04-23 02:22:35', '2020-05-25 06:07:36'),
(312, 'Spiderman', NULL, '6a', NULL, '7', 'Nika Sanava', NULL, '11', NULL, '2', NULL, 'sport climbing', NULL, 4, 41, '2020-04-23 02:24:43', '2020-05-25 06:07:36'),
(313, 'Batman', NULL, '6b+', NULL, '11', 'Nika Sanava', NULL, '14', NULL, '2', NULL, 'sport climbing', NULL, 5, 41, '2020-04-23 02:28:47', '2020-05-25 06:07:36'),
(314, 'Fataliti', NULL, '6c', NULL, '9', 'Chuta', NULL, '14', NULL, '2', NULL, 'sport climbing', NULL, 6, 41, '2020-04-23 02:29:59', '2020-05-25 06:07:36'),
(315, 'Sonyc', NULL, '6b', NULL, '7', 'Irakli Bidzishvili', NULL, '17', NULL, '2', NULL, 'sport climbing', NULL, 7, 41, '2020-04-23 02:31:09', '2020-05-25 06:07:36'),
(316, 'Mortal Combat', NULL, '6a', NULL, '7', 'Guga Dabrundashvili', NULL, '12', NULL, '2', NULL, 'sport climbing', NULL, 8, 41, '2020-04-23 02:32:05', '2020-05-25 06:07:36'),
(317, 'Tekken', NULL, '6a+', NULL, '7', 'Irakli Bidzishvili', NULL, '14', NULL, '2', NULL, 'sport climbing', NULL, 9, 41, '2020-04-23 02:33:11', '2020-05-25 06:07:36'),
(318, 'Cush Bush', NULL, '6a+', NULL, '7', 'Irakli Bidzishvili', NULL, '12', NULL, '2', NULL, 'sport climbing', NULL, 10, 41, '2020-04-23 02:34:23', '2020-05-25 06:07:36'),
(319, 'Mario', NULL, '5c+', NULL, '6', 'Super Mario', NULL, '11', NULL, '2', NULL, 'sport climbing', NULL, 11, 41, '2020-04-23 02:35:21', '2020-05-25 06:07:36'),
(320, 'Cveti', NULL, '5b', NULL, '10', 'Guga Dabrundashvili', NULL, '18', NULL, '1', NULL, 'sport climbing', NULL, 1, 42, '2020-04-23 02:45:26', '2020-05-25 06:07:36'),
(321, 'Shua', NULL, '5c', NULL, '10', 'Guga Dabrundashvili', NULL, '18', NULL, '2', NULL, 'sport climbing', NULL, 2, 42, '2020-04-23 02:46:48', '2020-05-25 06:07:36'),
(322, 'Maxata', NULL, '5c+', NULL, '6', 'Guga Dabrundashvili', NULL, '14', NULL, '2', NULL, 'sport climbing', NULL, 3, 42, '2020-04-23 02:47:45', '2020-05-25 06:07:36'),
(323, 'ARA', NULL, '7b', NULL, '6', 'Temo Samsonadze', NULL, '10', NULL, '2', NULL, 'sport climbing', NULL, 10, 4, '2020-04-23 02:54:10', '2020-05-25 06:07:36'),
(324, 'Pirosmani', NULL, '8a+', NULL, '9', 'Zorbei.A', NULL, '15', 'Zorbei.A', '2', NULL, 'sport climbing', NULL, 13, 4, '2020-04-23 02:55:38', '2020-05-25 06:07:36'),
(325, 'No Chance', NULL, '7c', NULL, '7', 'Temo Samsonadze', NULL, '12', NULL, '2', NULL, 'sport climbing', NULL, 15, 4, '2020-04-23 02:56:57', '2020-05-25 06:07:36'),
(326, 'Egg', NULL, '6b+', NULL, '6', 'Temo Samsonadze', NULL, '11', NULL, '2', NULL, 'sport climbing', NULL, 16, 4, '2020-04-23 02:58:02', '2020-05-25 06:07:36'),
(327, 'Emi', NULL, '6a+', NULL, '5', 'Temo Samsonadze', NULL, '10', NULL, '2', NULL, 'sport climbing', NULL, 17, 4, '2020-04-23 02:59:07', '2020-05-25 06:07:36'),
(328, 'Help Me', NULL, '6a', NULL, '6', 'Temo Samsonadze', NULL, '10', NULL, '2', NULL, 'sport climbing', NULL, 18, 4, '2020-04-23 03:00:11', '2020-05-25 06:07:36'),
(329, 'Zig Zag', NULL, '6a', NULL, '10', 'Irakli Bidzishvili', NULL, '25', NULL, '2', NULL, 'sport climbing', NULL, 1, 45, '2020-04-23 03:09:45', '2021-05-09 09:56:41'),
(330, 'Rout 66', NULL, '6b+', NULL, '10', 'Guga Dabrundashvili', NULL, '28', NULL, '2', NULL, 'sport climbing', NULL, 2, 45, '2020-04-23 03:12:07', '2021-05-09 09:56:41'),
(331, 'Gulo', NULL, '7a', NULL, '12', 'Chuta', NULL, '16', NULL, '2', NULL, 'sport climbing', NULL, 3, 45, '2020-04-23 03:13:39', '2020-05-25 06:07:36'),
(332, 'Fantastic', NULL, '7a', NULL, '11', 'Guga Dabrundashvili', NULL, '27', NULL, '2', NULL, 'sport climbing', NULL, 4, 45, '2020-04-23 03:15:04', '2020-05-25 06:07:36'),
(333, 'Dirty Boy', NULL, '6a+', NULL, '12', 'Nika Sanava', NULL, '28', NULL, '2', NULL, 'sport climbing', NULL, 5, 45, '2020-04-23 03:16:41', '2020-05-25 06:07:36'),
(334, 'Mono', NULL, '6b', NULL, '11', 'Irakli Bidzishvili', NULL, '27', NULL, '2', NULL, 'sport climbing', NULL, 6, 45, '2020-04-23 03:17:41', '2020-05-25 06:07:36'),
(335, 'Mars', NULL, '6b+', NULL, '25', 'Irakli Bidzishvili', NULL, '11', NULL, '2', NULL, 'sport climbing', NULL, 1, 43, '2020-04-23 03:23:18', '2020-05-25 06:07:36'),
(336, 'Jupiter', NULL, '6b', NULL, '10', 'Chuta', NULL, '25', NULL, '2', NULL, 'sport climbing', NULL, 2, 43, '2020-04-23 03:47:31', '2020-05-25 06:07:36'),
(337, 'Pluton', NULL, '6b+', NULL, '11', 'Nika Sanava', NULL, '26', NULL, '2', NULL, 'sport climbing', NULL, 3, 43, '2020-04-23 03:48:29', '2020-05-25 06:07:36'),
(338, 'Saturn', NULL, '6b+', NULL, '12', 'Guga Dabrundashvili', NULL, '25', NULL, '2', NULL, 'sport climbing', NULL, 4, 43, '2020-04-23 03:49:29', '2020-05-25 06:07:36'),
(339, 'Porcno', NULL, '6c', NULL, '8', 'Grizzly N Bear', NULL, '15', 'Temo Samsonadze', '2', NULL, 'sport climbing', NULL, 4, 44, '2020-05-24 10:50:57', '2024-07-06 02:08:14'),
(340, 'Groot', NULL, '5c', NULL, '5', 'Irakli Bidzishvili', NULL, '12', NULL, '2', NULL, 'sport climbing', NULL, 1, 46, '2020-05-24 11:01:36', '2020-05-25 06:07:36'),
(341, 'Frankenjura', NULL, '6c', NULL, '5', 'Irakli Bidzishvili', NULL, '12', NULL, '2', NULL, 'sport climbing', NULL, 2, 46, '2020-05-25 05:57:59', '2020-05-25 06:07:36'),
(342, 'Kekela', NULL, '6a+', NULL, '7', 'Zura Kvestadze', NULL, '13', NULL, '2', NULL, 'sport climbing', NULL, 3, 46, '2020-05-25 05:59:19', '2020-05-25 06:07:36'),
(343, 'Maro', NULL, '6a', NULL, '8', 'Misho Nadiradze', NULL, '14', NULL, '2', NULL, 'sport climbing', NULL, 4, 46, '2020-05-25 06:01:00', '2020-05-25 06:07:36'),
(344, 'Ah Stoya', NULL, '6c', NULL, '6', 'Chuta', NULL, '13', NULL, '2', NULL, 'sport climbing', NULL, 5, 46, '2020-05-25 06:02:51', '2020-05-25 06:07:36'),
(345, 'Voodo', NULL, '7a+', NULL, '6', 'Nika Sanava', NULL, '13', NULL, '2', NULL, 'sport climbing', NULL, 6, 46, '2020-05-25 06:04:09', '2020-05-25 06:07:36'),
(346, 'Shark', NULL, '7a', NULL, '7', 'Guga Dabrundashvili', NULL, '13', NULL, '2', NULL, 'sport climbing', NULL, 7, 46, '2020-05-25 06:05:08', '2020-05-25 06:07:36'),
(347, 'Pussy Power', NULL, '6b+', NULL, '6', 'Guga Dabrundashvili', NULL, '13', NULL, '2', NULL, 'sport climbing', NULL, 8, 46, '2020-05-25 06:06:09', '2020-05-25 06:07:36'),
(348, '-', NULL, '6a+', NULL, '17', 'Guga Dabrundashvili', '2018', '40', NULL, '1', NULL, 'sport climbing', NULL, 13, 47, '2021-03-21 11:12:48', '2024-05-06 18:02:19'),
(349, 'Ova', NULL, '7b', '7b+', '13', 'Guga Dabrundashvili', '2018', '30', NULL, '0', NULL, 'sport climbing', NULL, 10, 47, '2021-03-21 11:16:45', '2024-05-06 18:02:46'),
(350, 'Left', NULL, '5b', NULL, '8', 'Guga Dabrundashvili', '2018', '20', NULL, '1', NULL, 'sport climbing', NULL, 9, 47, '2021-03-21 11:17:35', '2024-05-06 18:03:11'),
(351, 'Right', NULL, '5c', '5c', '9', 'Guga Dabrundashvili', '2019', '20', NULL, '1', NULL, 'sport climbing', NULL, 8, 47, '2021-03-21 11:18:28', '2024-05-06 18:03:28'),
(352, 'S. M.', NULL, '6b', NULL, '9', 'Guga Dabrundashvili', '2019', '20', NULL, '1', NULL, 'sport climbing', NULL, 7, 47, '2021-03-21 11:20:52', '2024-04-27 11:41:28'),
(353, 'Kogneg', NULL, '6b+', '6c', '9', 'Guga Dabrundashvili', '2019', '20', NULL, NULL, NULL, 'sport climbing', NULL, 12, 47, '2021-03-21 11:26:41', '2024-05-06 18:02:19'),
(354, 'Buia', NULL, '6b+', NULL, '18', 'Guga Dabrundashvili - Temo Samsonadze - XZ Guro', '2021', '40', NULL, '1', NULL, 'sport climbing', NULL, 5, 47, '2021-03-21 11:27:31', '2024-05-06 18:04:00'),
(355, 'Super mario', NULL, '6a', NULL, '7', 'Irakli Bidzishvili', '2020', '12', NULL, NULL, NULL, 'sport climbing', NULL, 12, 41, '2021-05-09 10:04:00', '2021-05-09 10:04:00'),
(356, 'Pirania', NULL, '6a', NULL, '9', 'Temo Samsonadze', '2020', '17', NULL, NULL, NULL, 'sport climbing', NULL, 2, 17, '2021-05-09 11:22:02', '2021-08-03 11:35:41');
INSERT INTO `routes` (`id`, `name`, `text`, `grade`, `or_grade`, `bolts`, `author`, `creation_data`, `height`, `first_ascent`, `anchor_type`, `bolts_type`, `category`, `stars`, `num`, `sector_id`, `created_at`, `updated_at`) VALUES
(357, 'Nu Pagadi', NULL, '7a+', NULL, '13', 'Temo Samsonadze', '2018', '29', 'Temo Samsonadze', NULL, NULL, 'sport climbing', NULL, 10, 1, '2021-06-06 03:10:25', '2021-06-06 03:11:07'),
(358, 'RuZZia is ocupant', NULL, '6c', '6c+', '14', 'Guga Dabrundashvili', '2021', '30', NULL, '0', NULL, 'sport climbing', NULL, 6, 47, '2021-07-13 04:25:15', '2024-04-27 11:42:07'),
(359, 'Black sea', NULL, '6b', '6b+', '9', 'Temo Samsonadze', '20.06.2021', '17', NULL, NULL, NULL, 'sport climbing', NULL, 1, 17, '2021-08-01 08:42:14', '2021-08-01 08:46:15'),
(360, 'Batumi', NULL, '6c', NULL, '6', 'Temo Samsonadze', '20.06.2021', '13', NULL, NULL, NULL, 'sport climbing', NULL, 2, 18, '2021-08-01 08:44:15', '2021-08-03 11:44:42'),
(361, 'Moris', NULL, '6a+', '6b', '9', 'Temo Samsonadze', '20.06.2021', '17', NULL, NULL, NULL, 'sport climbing', NULL, 1, 18, '2021-08-01 08:45:19', '2024-07-06 01:26:23'),
(362, 'Toilet', NULL, '5c+', NULL, '8', 'Guga Dabrundashvili', '2020', '20', NULL, NULL, NULL, 'sport climbing', NULL, 8, 18, '2021-08-03 11:46:21', '2024-07-06 00:00:28'),
(363, '-', NULL, '5a', NULL, '0', NULL, NULL, '20', NULL, NULL, NULL, 'sport climbing', NULL, 9, 18, '2021-08-03 11:47:21', '2024-07-06 00:00:28'),
(364, 'Small', NULL, '5b', NULL, NULL, 'Guga Dabrundashvili', '2018', '10', NULL, NULL, NULL, 'sport climbing', NULL, 1, 8, '2021-11-16 12:25:47', '2021-11-16 12:43:55'),
(365, 'Small 2', NULL, '5a', NULL, NULL, 'Guga Dabrundashvili', '2019', '10', NULL, NULL, NULL, 'sport climbing', NULL, 2, 8, '2021-11-16 12:26:40', '2021-11-16 12:27:52'),
(366, 'Yellow corner', NULL, '6c', NULL, '12', 'Guga Dabrundashvili', '2019', '26', NULL, NULL, NULL, 'sport climbing', NULL, 13, 8, '2021-11-16 12:32:04', '2021-11-16 12:42:18'),
(367, 'Ajika', NULL, '6b', NULL, '8', 'Temo Qurdiani', '2019', '15', NULL, NULL, NULL, 'sport climbing', NULL, 8, 8, '2021-11-16 12:39:27', '2021-11-16 12:42:18'),
(368, '9 Maisi', NULL, '6a+', NULL, '9', 'Guga Dabrundashvili', '2019', '25', NULL, NULL, NULL, 'sport climbing', NULL, 9, 8, '2021-11-16 12:40:30', '2021-11-16 12:42:18'),
(369, 'Bukhari', NULL, '6c+', NULL, '10', 'Guga Dabrundashvili', '2019', '25', NULL, NULL, NULL, 'sport climbing', NULL, 10, 8, '2021-11-16 12:41:30', '2021-11-16 12:42:18'),
(370, 'Sky', NULL, '5b', NULL, NULL, 'Guga Dabrundashvili', '2021', '30', NULL, NULL, NULL, 'sport climbing', NULL, 4, 47, '2021-11-21 11:08:44', '2024-05-06 18:04:22'),
(371, 'Kids', NULL, '5a', NULL, NULL, 'Guga Dabrundashvili - Temo Samsonadze', '2021', '20', NULL, NULL, NULL, 'sport climbing', NULL, 3, 47, '2021-11-21 11:09:51', '2024-04-27 11:41:06'),
(372, 'Monument', NULL, '6c', '6c+', NULL, 'Temo Samsonadze', '2021', '30', NULL, '1', NULL, 'sport climbing', NULL, 2, 47, '2021-11-21 11:10:41', '2024-04-27 11:40:51'),
(373, 'Oreo', NULL, '6c', '6c', NULL, 'Temo Samsonadze', '2021', '30', NULL, NULL, NULL, 'sport climbing', NULL, 1, 47, '2021-11-21 11:11:33', '2024-04-27 11:40:37'),
(374, 'Mono', NULL, '6a', NULL, '12', 'Guga Dabrundashvili', '2021', '30', NULL, '1', NULL, 'sport climbing', NULL, 11, 47, '2021-11-21 11:12:40', '2024-05-06 18:02:19'),
(375, 'Start', NULL, '6c+', NULL, '11', 'Temo Samsonadze & Emili', '2021', '27', 'Temo Samsonade', NULL, NULL, 'sport climbing', NULL, 5, 48, '2021-11-25 11:51:36', '2025-11-30 19:40:01'),
(376, 'Borjomi', NULL, '7a', '7a+', '13', 'Temo Samsonadze & Emili', '2021', '30', NULL, NULL, NULL, 'sport climbing', NULL, 6, 48, '2021-11-25 11:53:00', '2025-11-30 19:40:01'),
(377, 'Hotel Transylvania', NULL, '7a', NULL, '12', 'Temo Samsonadze & Emili', '2021', '29', 'Temo Samsonadze', NULL, NULL, 'sport climbing', NULL, 7, 48, '2021-11-25 11:55:53', '2025-11-30 19:40:01'),
(378, 'Boulder party', NULL, '7a+', NULL, '12', 'Temo Samsonadze & Emili', '2021', '28', NULL, '1', NULL, 'sport climbing', NULL, 8, 48, '2021-11-25 11:57:01', '2025-11-30 19:40:01'),
(379, 'Finish', NULL, '7c+', NULL, '12', 'Temo Samsonadze & Emili', '2021', '23', 'Temo Samsonadze', '1', NULL, 'sport climbing', NULL, 9, 48, '2021-11-25 11:58:43', '2025-11-30 19:40:01'),
(380, 'Dragonito', NULL, '8a', 'Project', NULL, 'Temo Samsonadze', '2021', '28', NULL, NULL, NULL, 'sport climbing', NULL, 10, 48, '2021-11-25 12:00:26', '2025-11-30 19:40:01'),
(381, '-', NULL, '6b+', NULL, '12', 'Temo Samsonadze', '2021', '30', NULL, '1', NULL, 'sport climbing', NULL, 11, 48, '2021-11-25 12:01:20', '2025-11-30 19:40:01'),
(382, 'Black hole', NULL, '7b', NULL, NULL, 'Temo Samsonadze', '2018', '29', NULL, NULL, NULL, 'sport climbing', NULL, 9, 2, '2022-04-01 04:04:54', '2024-11-09 00:11:18'),
(383, '-', NULL, '7c', 'Project', NULL, 'Temo Samsonadze', '2018', '29', NULL, NULL, NULL, 'sport climbing', NULL, 10, 2, '2022-04-01 04:05:30', '2024-11-09 00:11:18'),
(384, '-', NULL, '7b', 'Project', NULL, 'Temo Samsonadze', '2021', '12', NULL, NULL, NULL, 'sport climbing', NULL, 2, 28, '2022-04-09 11:28:29', '2022-04-09 11:28:29'),
(385, 'bora bora', NULL, '6c', NULL, NULL, 'Temo Samsonadze', '2021', '19', NULL, NULL, NULL, 'sport climbing', NULL, 3, 28, '2022-04-09 11:30:21', '2022-04-09 11:30:21'),
(386, '-', NULL, 'V7+', 'Project', NULL, NULL, NULL, '10', NULL, NULL, NULL, 'bouldering', NULL, 1, 51, '2022-04-09 11:52:09', '2022-04-09 11:52:09'),
(387, 'Gogsa', NULL, '6a+', NULL, '7', 'Temo Samsonadze', '2021', '16', NULL, '1', NULL, 'sport climbing', NULL, 2, 48, '2022-06-10 10:44:29', '2025-11-30 19:40:01'),
(388, 'Dragon age', NULL, '6b', NULL, '8', 'Temo Samsonadze', '2021', '18', NULL, 'Chain with carabiner', NULL, 'sport climbing', NULL, 3, 48, '2022-06-10 10:45:48', '2025-11-30 19:42:16'),
(389, '-', NULL, '5b', NULL, '6', 'Guga Dabrundashvili', '2021', '10', NULL, NULL, NULL, 'sport climbing', NULL, 5, 17, '2022-06-27 14:06:31', '2022-06-27 14:08:29'),
(390, '-', NULL, '5a', NULL, '4', 'Guga Dabrundashvili', '2021', '8', NULL, NULL, NULL, 'sport climbing', NULL, 7, 17, '2022-06-27 14:07:19', '2022-06-27 14:07:19'),
(391, 'rock fall', NULL, '5a', NULL, '8', 'Temo Samsonadze', '13.07.2021', '10', NULL, '1', NULL, 'sport climbing', NULL, 1, 56, '2022-07-19 14:15:27', '2022-07-19 14:15:27'),
(392, 'zone N9', NULL, '6a', 'Project', '7', 'Temo Samsonadze', '13.07.2022', '10', NULL, '1', NULL, 'sport climbing', NULL, 2, 56, '2022-07-19 14:20:41', '2022-07-19 14:25:09'),
(393, 'Rest time', NULL, '6a', 'Project', '7', 'Temo Samsonadze', '13.07.2022', '10', NULL, '1', NULL, 'sport climbing', NULL, 3, 56, '2022-07-19 14:24:55', '2022-07-19 14:24:55'),
(394, 'Anubi', NULL, '5b', NULL, NULL, NULL, NULL, '8', NULL, NULL, NULL, 'sport climbing', NULL, 1, 57, '2022-07-31 11:21:39', '2022-07-31 11:32:01'),
(395, 'Osiris', NULL, '5c', NULL, NULL, NULL, NULL, '8', NULL, NULL, NULL, 'sport climbing', NULL, 2, 57, '2022-07-31 11:22:13', '2022-07-31 11:31:55'),
(396, 'Isis', NULL, '6a', NULL, NULL, NULL, NULL, '10', NULL, NULL, NULL, 'sport climbing', NULL, 3, 57, '2022-07-31 11:22:52', '2022-07-31 11:22:52'),
(397, 'Bast', NULL, '6a', NULL, NULL, NULL, NULL, '10', NULL, NULL, NULL, 'sport climbing', NULL, 4, 57, '2022-07-31 11:23:24', '2022-07-31 11:23:24'),
(398, 'Horus', NULL, '6c', NULL, NULL, NULL, NULL, '14', NULL, NULL, NULL, 'sport climbing', NULL, 5, 57, '2022-07-31 11:25:56', '2022-07-31 11:25:56'),
(399, 'Anudis', NULL, '6a', NULL, NULL, NULL, NULL, '12', NULL, NULL, NULL, 'sport climbing', NULL, 6, 57, '2022-07-31 11:26:29', '2022-07-31 11:26:29'),
(400, 'Sobek', NULL, '5b', NULL, NULL, NULL, NULL, '11', NULL, NULL, NULL, 'sport climbing', NULL, 7, 57, '2022-07-31 11:26:57', '2022-07-31 11:26:57'),
(401, 'Khonshu', NULL, '5c', NULL, NULL, NULL, NULL, '10', NULL, NULL, NULL, 'sport climbing', NULL, 8, 57, '2022-07-31 11:27:40', '2022-07-31 11:27:40'),
(402, 'Thoth', NULL, '6a', NULL, NULL, NULL, NULL, '12', NULL, NULL, NULL, 'sport climbing', NULL, 9, 57, '2022-07-31 11:28:09', '2022-07-31 11:28:09'),
(403, 'Sekhmet', NULL, '6a', NULL, NULL, NULL, NULL, '12', NULL, NULL, NULL, 'sport climbing', NULL, 10, 57, '2022-07-31 11:28:46', '2022-07-31 11:28:46'),
(404, 'Seth', NULL, '6a', NULL, NULL, NULL, NULL, '12', NULL, NULL, NULL, 'sport climbing', NULL, 11, 57, '2022-07-31 11:29:15', '2022-07-31 11:29:15'),
(405, 'Orgia', NULL, '5b', NULL, NULL, NULL, NULL, '11', NULL, NULL, NULL, 'sport climbing', NULL, 12, 57, '2022-07-31 11:30:00', '2022-07-31 11:30:00'),
(406, 'Tomazooma', NULL, '5b', NULL, NULL, NULL, NULL, '10', NULL, NULL, NULL, 'sport climbing', NULL, 13, 57, '2022-07-31 11:30:33', '2022-07-31 11:30:33'),
(407, 'Tawa', NULL, '5c', NULL, NULL, NULL, NULL, '10', NULL, NULL, NULL, 'sport climbing', NULL, 14, 57, '2022-07-31 11:31:04', '2022-07-31 11:31:04'),
(408, 'Manitou', NULL, '6b', NULL, NULL, NULL, NULL, '10', NULL, NULL, NULL, 'sport climbing', NULL, 15, 57, '2022-07-31 11:31:29', '2022-07-31 11:31:29'),
(409, 'Rock erotic', NULL, '8a+', 'Project', '14', 'Temo Samsonadze', '10.08.2022', '22', NULL, NULL, NULL, 'sport climbing', NULL, 1, 58, '2022-08-10 12:18:24', '2026-06-21 17:38:27'),
(410, 'Climbing performance', NULL, '7c', 'Project', '11', 'Temo Samsonadze', '10.08.2022', '22', NULL, 'Chain', NULL, 'sport climbing', NULL, 2, 58, '2022-08-10 12:19:33', '2026-06-21 17:42:17'),
(411, 'Miura edition', NULL, '8a', NULL, '11', 'Temo Samsonadze', '10.08.2022', '20', 'Temo Samsonadze', 'Chain with carabiner', NULL, 'sport climbing', NULL, 3, 58, '2022-08-10 12:21:00', '2026-06-21 17:34:44'),
(412, 'Magic corner', NULL, '6b', NULL, '11', 'Temo Samsonadze', '10.08.2022', '25', 'Temo Samsonadze', 'Chain with carabiner', NULL, 'sport climbing', NULL, 4, 58, '2022-08-10 12:22:26', '2026-06-21 17:41:36'),
(413, 'Rocky', NULL, '6b+', NULL, '8', 'Temo Samsonadze', '10.08.2022', '20', 'Temo Samsonadze', 'Chain with carabiner', NULL, 'sport climbing', NULL, 5, 58, '2022-08-10 12:23:24', '2026-06-21 17:43:35'),
(414, 'Raspberry Jam Tea', NULL, '6a+', NULL, '9', 'Nika Malinovskaya', '2022', '18', 'Nika Malinovskaya', '1', 'hangerr', 'sport climbing', NULL, 6, 16, '2022-09-05 07:19:38', '2024-07-20 13:09:08'),
(415, 'Swing', NULL, '5c+', NULL, '10', 'Guga Dabrundashvili', '2022', '23', NULL, '1', 'hangerr', 'sport climbing', NULL, 4, 16, '2022-09-05 07:20:22', '2024-07-20 13:06:55'),
(416, 'Mordor', NULL, '6a+', NULL, '14', 'Guga Dabrundashvili', '2022', '28', NULL, '1', 'hangerr', 'sport climbing', NULL, 3, 16, '2022-09-05 07:21:16', '2024-07-20 13:06:45'),
(417, 'Muza', NULL, '5c', NULL, '11', 'Guga Dabrundashvili', '2022', '27', NULL, '1', 'hangerr', 'sport climbing', NULL, 2, 16, '2022-09-05 07:23:09', '2024-07-20 13:06:25'),
(418, 'Nika', NULL, '6a', NULL, '12', 'Nika Malinovskaya', '2022', '27', NULL, '1', 'hangerr', 'sport climbing', NULL, 1, 16, '2022-09-05 07:24:35', '2024-07-20 13:06:06'),
(419, 'Rocky', NULL, '6b', NULL, '5', 'Guga Dabrundashvili', '2022', '12', NULL, '1', NULL, 'sport climbing', NULL, 1, 59, '2022-09-05 07:28:06', '2025-06-05 18:43:45'),
(420, 'Three bolt', NULL, '6c+', '7a', '5', 'Guga Dabrundashvili', '2022', '10', NULL, '1', NULL, 'sport climbing', NULL, 2, 59, '2022-09-05 07:28:57', '2025-06-05 18:45:05'),
(421, 'Crackon', NULL, '6a', NULL, '7', 'Guga Dabrundashvili', '2022', '12', NULL, '1', NULL, 'sport climbing', NULL, 3, 59, '2022-09-05 07:29:36', '2025-06-05 18:46:01'),
(422, 'Palanga', NULL, '7c+', NULL, '8', 'Guga Dabrundashvili', '2018-01-01', '17', NULL, 'Chain with carabiner', NULL, 'sport climbing', NULL, 1, 28, '2023-05-10 20:36:37', '2025-11-06 02:29:41'),
(423, 'Chip', NULL, '6b', NULL, '6', 'Guga Dabrundashvili', NULL, '12', NULL, 'Chain', NULL, 'sport climbing', NULL, 1, 24, '2023-05-10 21:22:01', '2023-05-10 21:23:15'),
(424, 'Dale', NULL, '6b+', NULL, '7', 'Guga Dabrundashvili', NULL, '14', NULL, 'Chain', NULL, 'sport climbing', NULL, 2, 24, '2023-05-10 21:22:30', '2023-05-10 21:23:15'),
(425, 'მდნარი ყველი', NULL, '6a+', NULL, '12', 'Temo Samsonadze', '2023-01-04', '30', 'Temo Samsonadze', 'Chain with carabiner', NULL, 'sport climbing', NULL, 1, 60, '2023-05-29 16:27:18', '2023-05-29 16:27:18'),
(426, 'Radamar', NULL, '5c+', NULL, '8', 'Emily Em', '2023-01-04', '24', 'Temo Samsonadze', 'Chain with carabiner', NULL, 'sport climbing', NULL, 2, 60, '2023-05-29 16:28:25', '2023-05-29 16:30:01'),
(427, 'Guda', NULL, '6a', NULL, '9', 'Sandto Lipartiani', '2023-01-04', '25', 'Temo Samsonadze', 'Chain with carabiner', NULL, 'sport climbing', NULL, 3, 60, '2023-05-29 16:29:32', '2023-05-29 16:29:32'),
(428, 'Mouse paradise', NULL, '5c+', NULL, '12', 'Emily Em', '2023-06-01', '30', NULL, 'Chain with carabiner', 'hangerr', 'sport climbing', NULL, 4, 60, '2023-05-29 16:31:31', '2024-02-10 00:42:29'),
(429, 'Pecho', NULL, '5b', NULL, '8', 'Temo Samsonadze', '2023-05-30', '18', NULL, '2 bolts with carabiner', 'glued', 'sport climbing', NULL, 2, 61, '2023-05-31 23:27:14', '2025-11-24 14:05:01'),
(430, 'Loportkina', NULL, '5c', NULL, '11', 'Temo Samsonadze', '2023-05-30', '22', NULL, 'Chain', 'glued', 'sport climbing', NULL, 3, 61, '2023-05-31 23:27:46', '2025-11-24 14:05:01'),
(431, '.', NULL, '7b+', NULL, '14', 'Grizzly N Bear', NULL, '30', 'Grizzly N Bear', 'Chain with ring', NULL, 'sport climbing', NULL, 1, 62, '2023-07-26 21:55:22', '2023-07-26 21:55:22'),
(432, '.', NULL, '7c+', NULL, '14', 'Grizzly N Bear', NULL, '30', 'Grizzly N Bear', 'Chain with ring', NULL, 'sport climbing', NULL, 2, 62, '2023-07-26 21:55:48', '2023-07-26 21:55:48'),
(433, '-', NULL, '8c', 'Project', '6', 'Temo Samsonadze', '2023-07-22', '14', NULL, '2 bolts only', NULL, 'sport climbing', NULL, 1, 64, '2023-07-26 22:41:53', '2023-07-28 01:43:54'),
(434, 'Spiderus', NULL, '6a+', NULL, '4', 'Temo Samsonadze', '2023-07-23', '10', 'Temo Samsonadze', '2 bolts only', NULL, 'sport climbing', NULL, 6, 37, '2023-07-26 22:42:57', '2023-07-28 01:45:34'),
(435, 'Pandora', NULL, '6a', NULL, '5', 'Temo Samsonadze', '2023-07-23', '11', 'Temo Samsonadze', 'Chain', NULL, 'sport climbing', NULL, 7, 37, '2023-07-26 22:43:28', '2023-07-26 22:43:28'),
(436, 'Jacobs', NULL, '6a', NULL, '5', 'Temo Samsonadze', '2023-07-23', '11', 'Temo Samsonadze', 'Chain', NULL, 'sport climbing', NULL, 8, 37, '2023-07-26 22:44:11', '2023-07-26 22:44:11'),
(437, 'Edelweiss', NULL, '6a', NULL, '5', 'Temo Samsonadze', '2023-07-23', '10', 'Temo Samsonadze', 'Chain', NULL, 'sport climbing', NULL, 9, 37, '2023-07-26 22:45:10', '2023-07-26 22:45:10'),
(438, '-', NULL, '5b', NULL, NULL, NULL, NULL, '11', NULL, '2 bolts only', NULL, 'top', NULL, 3, 36, '2023-07-26 22:47:08', '2023-07-28 01:48:03'),
(439, '-', NULL, '4', NULL, NULL, NULL, NULL, '14', NULL, '2 bolts only', NULL, 'top', NULL, 4, 36, '2023-07-26 22:47:32', '2023-07-28 01:48:09'),
(440, '-', NULL, '5b', NULL, NULL, NULL, NULL, '14', NULL, '2 bolts only', NULL, 'top', NULL, 5, 36, '2023-07-26 22:47:42', '2023-07-28 01:38:44'),
(441, 'Trip', NULL, '6a', NULL, '9', 'Guga Dabrundashvili', '2024-01-07', '20', NULL, 'Chain with carabiner', 'hangerr', 'sport climbing', NULL, 1, 65, '2024-01-09 19:10:48', '2024-01-09 19:10:48'),
(442, 'psy', NULL, '6a+', '6b', '6', 'Guga Dabrundashvili', '2024-01-07', '10', NULL, 'Chain with carabiner', 'hangerr', 'sport climbing', NULL, 2, 65, '2024-01-09 19:11:47', '2024-01-09 19:11:47'),
(443, '2X2', NULL, '6b', '6b+', '6', 'Guga Dabrundashvili', '2024-01-07', '10', NULL, 'Chain with carabiner', 'hangerr', 'sport climbing', NULL, 3, 65, '2024-01-09 19:12:35', '2024-01-09 19:12:35'),
(444, '4', NULL, '5b', NULL, '4', 'Guga Dabrundashvili', '2024-01-07', '9', NULL, 'Chain with carabiner', 'hangerr', 'sport climbing', NULL, 4, 65, '2024-01-09 19:13:16', '2024-01-09 19:13:16'),
(445, '-', NULL, 'Project', NULL, NULL, 'Guga Dabrundashvili', NULL, NULL, NULL, 'Chain with carabiner', 'hangerr', 'sport climbing', NULL, 1, 11, '2024-03-08 23:56:40', '2024-03-08 23:59:10'),
(446, '-', NULL, 'Project', NULL, NULL, 'Guga Dabrundashvili', NULL, NULL, NULL, 'Chain with carabiner', 'hangerr', 'sport climbing', NULL, 2, 11, '2024-03-08 23:57:00', '2024-03-08 23:59:10'),
(447, '-', NULL, 'Project', NULL, NULL, 'Guga Dabrundashvili', NULL, NULL, NULL, 'Chain with carabiner', 'hangerr', 'sport climbing', NULL, 3, 11, '2024-03-08 23:57:23', '2024-03-08 23:59:10'),
(448, '-', NULL, 'Project', NULL, NULL, 'Guga Dabrundashvili', NULL, NULL, NULL, 'Chain with carabiner', 'hangerr', 'sport climbing', NULL, 4, 11, '2024-03-08 23:57:49', '2024-03-08 23:59:10'),
(449, '-', NULL, '6b+', NULL, '12', 'Guga Dabrundashvili', NULL, '29', 'Guga Dabrundashvili', 'Chain with ring', 'hangerr', 'sport climbing', NULL, 6, 67, '2024-04-04 19:10:14', '2025-08-21 19:49:27'),
(450, 'Tetris', NULL, '6c+', NULL, '14', 'Temo Samsonadze', '2024-04-20', '30', 'Temo Samsonadze', 'Chain with carabiner', 'glued', 'sport climbing', NULL, 14, 47, '2024-04-22 00:50:35', '2024-04-22 00:50:35'),
(451, 'Tinder', '<p>https://www.youtube.com/watch?app=desktop&amp;v=eHLpJFyrN74&amp;ab_channel=TheMOVEclimbing</p>', '7a', NULL, NULL, 'Irakli Bidzishvili', NULL, '30', NULL, 'Chain with carabiner', 'hangerr', 'sport climbing', NULL, 9, 35, '2024-04-25 00:28:34', '2025-08-21 20:25:11'),
(452, '-', NULL, '6c', NULL, '16', 'Guga Dabrundashvili', '2024-05-09', '30', 'Guga Dabrundashvili', 'Chain with carabiner', 'glued', 'sport climbing', NULL, 15, 47, '2024-05-19 16:15:56', '2024-09-12 15:48:16'),
(453, 'Ribs', NULL, '6c+', NULL, '9', 'Temo Samsonadze', '2024-07-04', '20', 'Temo Samsonadze', 'Chain with carabiner', 'hangerr', 'sport climbing', NULL, 4, 18, '2024-07-05 23:59:44', '2024-07-06 00:00:28'),
(454, 'Milky-way', NULL, '6a+', NULL, '11', 'Guga Dabrundashvili', NULL, '28', NULL, 'Chain with carabiner', 'hangerr', 'sport climbing', NULL, 1, 68, '2024-07-20 12:57:27', '2024-07-20 12:57:27'),
(455, 'Roof top', NULL, '6b', NULL, '12', 'Guga Dabrundashvili', NULL, '28', NULL, 'Chain with carabiner', 'hangerr', 'sport climbing', NULL, 2, 68, '2024-07-20 13:00:04', '2024-07-20 13:00:04'),
(456, 'First time', NULL, '6b', NULL, '11', 'Guga Dabrundashvili', NULL, '28', NULL, 'Chain with carabiner', 'hangerr', 'sport climbing', NULL, 3, 68, '2024-07-20 13:01:08', '2024-07-20 13:01:08'),
(457, 'Hard stone', NULL, '6c', NULL, '12', 'Guga Dabrundashvili', NULL, '28', NULL, 'Chain with carabiner', 'hangerr', 'sport climbing', NULL, 4, 68, '2024-07-20 13:02:35', '2024-07-20 13:02:35'),
(458, 'Alibaba', NULL, '6b+', NULL, '11', 'Guga Dabrundashvili', NULL, '28', NULL, 'Chain with carabiner', 'hangerr', 'sport climbing', NULL, 5, 68, '2024-07-20 13:03:23', '2024-07-20 13:03:23'),
(459, 'Dariala', NULL, '6c', NULL, '11', 'Guga Dabrundashvili', NULL, '28', NULL, 'Chain with carabiner', 'hangerr', 'sport climbing', NULL, 6, 68, '2024-07-20 13:04:13', '2024-07-20 13:04:13'),
(460, 'Mystery', NULL, '6b+', NULL, '12', 'Nika Malinovskaya', NULL, '28', NULL, 'Chain with carabiner', 'hangerr', 'sport climbing', NULL, 7, 68, '2024-07-20 13:05:17', '2024-07-20 13:05:17'),
(461, 'Kukushka', NULL, '5c+', NULL, '9', 'Temo Samsonadze', '2024-07-18', '22', 'Temo Samsonadze', 'Chain with ring', 'glued', 'sport climbing', NULL, 4, 61, '2024-07-20 13:25:40', '2025-11-24 14:05:01'),
(462, 'Christmas tree', NULL, '6a', NULL, '8', 'Temo Samsonadze', '2024-07-18', '22', 'Temo Samsonadze', 'Chain with ring', 'glued', 'sport climbing', NULL, 5, 61, '2024-07-20 13:26:46', '2025-11-24 14:05:01'),
(463, 'Nice line', NULL, '5c', NULL, '6', 'Guga Dabrundashvili', NULL, '12', NULL, 'Chain with carabiner', 'hangerr', 'sport climbing', NULL, 1, 2, '2024-11-09 00:05:45', '2024-11-12 23:52:42'),
(464, 'Izi Pizi', NULL, '6a', NULL, '6', 'Guga Dabrundashvili', NULL, '13', NULL, 'Chain with carabiner', 'hangerr', 'sport climbing', NULL, 2, 2, '2024-11-09 00:06:27', '2024-11-12 23:52:54'),
(465, 'All you need is love', NULL, '6a', NULL, '6', 'Guga Dabrundashvili', NULL, '11', NULL, 'Chain with carabiner', 'hangerr', 'sport climbing', NULL, 3, 2, '2024-11-09 00:07:01', '2024-11-12 23:53:21'),
(466, 'Galaxy', NULL, '5c', NULL, '6', 'Guga Dabrundashvili', NULL, '12', NULL, 'Chain with carabiner', 'hangerr', 'sport climbing', NULL, 4, 2, '2024-11-09 00:07:31', '2024-11-12 23:53:36'),
(467, 'Grizzly', NULL, '6a', NULL, '7', 'Guga Dabrundashvili', NULL, '12', NULL, 'Chain with carabiner', 'hangerr', 'sport climbing', NULL, 15, 3, '2024-11-09 00:08:05', '2024-11-12 23:53:51'),
(468, 'Snail', NULL, '5c+', NULL, '7', 'Guga Dabrundashvili', NULL, '12', NULL, 'Chain with carabiner', 'hangerr', 'sport climbing', NULL, 16, 3, '2024-11-09 00:08:35', '2024-11-12 23:54:03'),
(469, 'Otter', NULL, '6a', NULL, '7', 'Guga Dabrundashvili', NULL, '12', NULL, 'Chain with carabiner', 'hangerr', 'sport climbing', NULL, 17, 3, '2024-11-09 00:09:05', '2024-11-12 23:54:33'),
(470, 'Turtle', NULL, '6b+', NULL, '9', 'Guga Dabrundashvili', '2024-11-05', '13', NULL, NULL, NULL, 'sport climbing', NULL, 11, 3, '2024-11-12 23:38:26', '2025-08-18 12:51:30'),
(471, 'Fly', NULL, '6c', NULL, '7', 'Guga Dabrundashvili', '2024-11-05', '11', NULL, 'Chain with carabiner', 'hangerr', 'sport climbing', NULL, 12, 3, '2024-11-12 23:39:18', '2025-08-18 12:51:13'),
(472, 'Mosquito', NULL, '6a+', NULL, '7', 'Guga Dabrundashvili', '2024-11-05', '11', NULL, 'Chain with carabiner', 'hangerr', 'sport climbing', NULL, 13, 3, '2024-11-12 23:40:04', '2024-11-12 23:55:38'),
(473, 'Elephant', NULL, '6a', NULL, '8', 'Guga Dabrundashvili', '2024-11-05', '11', NULL, 'Chain with carabiner', 'hangerr', 'sport climbing', NULL, 14, 3, '2024-11-12 23:40:40', '2024-11-12 23:55:46'),
(474, 'Kalia', NULL, '6b', NULL, '10', 'Guga Dabrundashvili', '2016-01-19', '22', NULL, '2 bolts with carabiner', 'hangerr', 'sport climbing', NULL, 10, 10, '2025-01-08 00:40:08', '2025-01-08 00:40:08'),
(475, 'Puma', NULL, '6a+', NULL, '5', 'Guga Dabrundashvili', NULL, '8', NULL, NULL, NULL, 'sport climbing', NULL, 4, 59, '2025-06-05 18:47:09', '2025-06-05 18:47:09'),
(476, 'Grenade', NULL, '6c+', NULL, '14', 'Temo Samsonadze', '2024-10-01', '29', 'Temo Samsonadze', 'Chain with carabiner', 'hangerr', 'sport climbing', NULL, 1, 67, '2025-08-21 19:43:56', '2025-08-21 19:49:48'),
(477, 'One try', NULL, '5c+', NULL, '9', 'Temo Samsonadze', '2024-10-01', '23', 'Temo Samsonadze', 'Chain with carabiner', NULL, 'sport climbing', NULL, 2, 67, '2025-08-21 19:46:15', '2025-08-21 19:49:27'),
(478, '-', NULL, '7a', NULL, '13', 'Guga dabrundashvili', '2024-11-30', '30', 'Temo Samsonadze', 'Chain with carabiner', 'hangerr', 'sport climbing', NULL, 3, 67, '2025-08-21 19:46:58', '2025-08-21 19:49:27'),
(479, '-', NULL, '7b', NULL, '13', 'Guga Dabrundashvili', '2024-11-30', '30', 'Temo Samsonadze', 'Chain with carabiner', 'hangerr', 'sport climbing', NULL, 4, 67, '2025-08-21 19:47:30', '2025-08-21 19:49:27'),
(480, 'ტყაშმაფა (Tkashmapa)', NULL, '7a+', NULL, '13', 'Temo Samsonadze & Tata Merabishvili', '2025-08-20', '30', 'Temo Samsonadze', 'Chain with carabiner', 'hangerr', 'sport climbing', NULL, 5, 67, '2025-08-21 19:49:10', '2025-08-21 20:30:33'),
(481, 'Bagira', NULL, '7b', NULL, '15', 'Chuta', NULL, '500', NULL, 'Chain with carabiner', 'hangerr', 'sport climbing', NULL, 10, 35, '2025-08-21 20:22:24', '2025-08-21 20:25:11'),
(482, 'Progress', NULL, '6b+', NULL, '8', 'Alex T.', NULL, '22', NULL, 'Chain with carabiner', 'hangerr', 'sport climbing', NULL, 6, 35, '2025-08-21 20:24:24', '2025-08-21 20:25:11'),
(483, 'Nirvana', NULL, '6a+', NULL, '7', 'Guga Dabrundashvili', NULL, '10', NULL, 'Chain', 'hangerr', 'sport climbing', NULL, NULL, 27, NULL, NULL),
(484, 'Tea', NULL, '7a+', NULL, NULL, 'Guga Dabrundashvili', NULL, '12', NULL, 'Chain', 'hangerr', 'sport climbing', NULL, NULL, 26, NULL, NULL),
(485, '.', NULL, '7b', NULL, NULL, 'Guga Dabrundashvili', NULL, '15', NULL, 'Chain', 'glued', 'sport climbing', NULL, NULL, 30, NULL, NULL),
(486, 'Cave', NULL, '7b', NULL, NULL, 'Guga Dabrundashvili', NULL, '15', NULL, 'Chain', 'glued', 'sport climbing', NULL, NULL, 25, NULL, NULL),
(487, 'Tinder Surprise', NULL, '6a', NULL, '5', 'Temo Samsonadze', '2025-11-21', '15', 'Temo Samsonadze', 'Chain with carabiner', 'glued', 'sport climbing', NULL, 1, 61, NULL, '2026-05-17 11:05:05'),
(488, 'Hengover', NULL, '5a', NULL, '11', 'Temo Samsonadze', '2025-11-20', '30', 'Temo Samsonadze', 'Chain with carabiner', 'glued', 'sport climbing', NULL, 5, 60, NULL, '2025-11-24 14:04:41'),
(489, 'Karate', NULL, '5a', NULL, '10', 'Temo Samsonadze', '2025-11-13', '27', 'Temo Samsonadze', 'Chain with carabiner', 'glued', 'sport climbing', NULL, 6, 60, NULL, '2025-11-24 14:04:41'),
(490, '10 C', NULL, '5a', NULL, '4', 'Temo Samsonadze', '2025-11-20', '13', 'Temo Samsonadze', 'Chain with carabiner', 'glued', 'sport climbing', NULL, 7, 60, NULL, '2025-11-24 14:04:41'),
(491, 'Peninsula', NULL, '6a', NULL, '6', 'Temo Samsonadze', '2025-11-30', '17', NULL, 'Chain with carabiner', 'hangerr', 'sport climbing', NULL, 1, 48, NULL, '2025-11-30 19:40:01'),
(492, 'Simple but difficolt', NULL, '6c+', NULL, '8', 'Temo Samsonadze', '2025-11-29', '17', NULL, 'Chain with carabiner', 'hangerr', 'sport climbing', NULL, 4, 48, NULL, '2025-11-30 19:40:01'),
(493, 'Gveleti 1', NULL, 'WI3', NULL, NULL, 'Guga Dabrundashvili', NULL, '60', NULL, 'Chain with carabiner', NULL, 'ice climbing', NULL, NULL, 70, NULL, '2026-01-19 20:22:17'),
(494, 'Gveleti 2', NULL, 'WI3', NULL, NULL, 'Guga Dabrundashvili', NULL, '60', NULL, NULL, NULL, 'ice climbing', NULL, NULL, 70, NULL, '2026-01-19 20:22:30'),
(495, 'Biisi 1', NULL, 'WI4', NULL, NULL, NULL, NULL, '40', NULL, NULL, NULL, 'ice climbing', NULL, NULL, 71, NULL, '2026-01-19 20:22:53'),
(496, 'Biisi 2', NULL, 'WI4', NULL, NULL, 'Guga Dabrundashvili', NULL, '60', NULL, 'Chain with carabiner', NULL, 'ice climbing', NULL, NULL, 71, NULL, '2026-01-19 20:23:14'),
(497, 'Biisi (Pitch 1)', NULL, 'WI4', NULL, NULL, 'Temo Samsonadze', NULL, '35', NULL, 'Chain with ring', NULL, 'ice climbing', NULL, NULL, 71, NULL, '2026-01-19 20:24:12'),
(498, 'Biisi (Pitch 2)', NULL, 'WI2', NULL, NULL, 'Temo Samsonadze', NULL, '35', NULL, 'Chain with carabiner', NULL, 'ice climbing', NULL, NULL, 71, NULL, '2026-01-19 20:24:32'),
(499, 'First', NULL, 'D3', NULL, NULL, 'Temo Samsonadze', '2021-01-01', '15', 'Temo Samsonadze', 'Chain with carabiner', 'hangerr', 'dry tooling', NULL, NULL, 74, NULL, NULL),
(500, 'Winter is coming', NULL, 'D2', NULL, NULL, 'Temo Samsonadze', NULL, '15', 'Temo Samsonadze', 'Chain with carabiner', 'hangerr', 'dry tooling', NULL, NULL, 74, NULL, NULL),
(501, '1 Hole', NULL, 'D3', NULL, NULL, 'Temo Samsonadze', NULL, '15', 'Temo Samsonadze', 'Chain with carabiner', 'hangerr', 'dry tooling', NULL, NULL, 74, NULL, '2026-01-19 20:25:49'),
(502, '1', NULL, 'D5', NULL, NULL, 'Temo Samsonadze', '2024-01-02', '16', NULL, 'Chain with ring', 'glued', 'dry tooling', NULL, NULL, 73, NULL, NULL),
(503, '2', NULL, 'D5', NULL, NULL, 'Temo Samsonadze', '2024-05-02', '15', NULL, 'Chain with carabiner', 'hangerr', 'dry tooling', NULL, NULL, 73, NULL, NULL),
(504, '3', NULL, 'D6', NULL, NULL, 'Temo Samsonadze', '2024-01-02', '14', NULL, 'Chain with carabiner', 'hangerr', 'dry tooling', NULL, NULL, 73, NULL, NULL),
(505, '4', NULL, 'WI2', NULL, NULL, 'Temo Samsonadze', '2024-01-02', '15', NULL, 'Chain', 'hangerr', 'ice climbing', NULL, NULL, 73, NULL, NULL),
(506, 'Mleta First (Left)', NULL, 'WI3', NULL, NULL, 'Temo Samsonadze', '2025-01-19', '60', NULL, 'Chain with ring', NULL, 'ice climbing', NULL, NULL, 72, NULL, '2026-01-19 20:26:22'),
(507, 'Mleta Second (Middle)', NULL, 'WI3', NULL, NULL, 'Temo Samsonadze', '2025-01-19', '60', NULL, 'Chain', NULL, 'ice climbing', NULL, NULL, 72, NULL, '2026-01-19 20:27:00'),
(508, 'Mleta Last (Right)', NULL, 'WI4', NULL, NULL, 'Temo Samsonadze', '2025-01-19', '60', NULL, 'Chain', NULL, 'ice climbing', NULL, NULL, 72, NULL, '2026-01-19 20:27:36');

-- --------------------------------------------------------

--
-- Table structure for table `sale_codes`
--

CREATE TABLE `sale_codes` (
  `id` bigint UNSIGNED NOT NULL,
  `code` varchar(191) CHARACTER SET utf8mb4 COLLATE utf8mb4_unicode_ci DEFAULT NULL,
  `one_time_code` varchar(191) CHARACTER SET utf8mb4 COLLATE utf8mb4_unicode_ci DEFAULT NULL,
  `discount` int DEFAULT NULL,
  `action_data` timestamp NULL DEFAULT NULL,
  `created_at` timestamp NULL DEFAULT NULL,
  `updated_at` timestamp NULL DEFAULT NULL
) ENGINE=InnoDB DEFAULT CHARSET=utf8mb4 COLLATE=utf8mb4_unicode_ci;

-- --------------------------------------------------------

--
-- Table structure for table `sectors`
--

CREATE TABLE `sectors` (
  `id` bigint UNSIGNED NOT NULL,
  `name` varchar(191) CHARACTER SET utf8mb4 COLLATE utf8mb4_unicode_ci DEFAULT NULL,
  `us_description` text COLLATE utf8mb4_unicode_ci,
  `ka_description` text COLLATE utf8mb4_unicode_ci,
  `all_day_in_shade` int DEFAULT NULL,
  `all_day_in_sun` int DEFAULT NULL,
  `in_the_shade_afternoon` int DEFAULT NULL,
  `in_the_shade_befornoon` int DEFAULT NULL,
  `in_shade_after_10` int DEFAULT NULL,
  `in_shade_after_15` int DEFAULT NULL,
  `for_kids` int DEFAULT NULL,
  `for_family` int DEFAULT NULL,
  `is_helmet` tinyint(1) DEFAULT '0',
  `wolking_time` varchar(191) CHARACTER SET utf8mb4 COLLATE utf8mb4_unicode_ci DEFAULT NULL,
  `roof` int DEFAULT NULL,
  `overhang` int DEFAULT NULL,
  `slabby` int DEFAULT NULL,
  `vertical` int DEFAULT NULL,
  `num` int DEFAULT NULL,
  `article_id` bigint UNSIGNED NOT NULL,
  `published` int DEFAULT NULL,
  `created_at` timestamp NULL DEFAULT NULL,
  `updated_at` timestamp NULL DEFAULT NULL
) ENGINE=InnoDB DEFAULT CHARSET=utf8mb4 COLLATE=utf8mb4_unicode_ci;

--
-- Dumping data for table `sectors`
--

INSERT INTO `sectors` (`id`, `name`, `us_description`, `ka_description`, `all_day_in_shade`, `all_day_in_sun`, `in_the_shade_afternoon`, `in_the_shade_befornoon`, `in_shade_after_10`, `in_shade_after_15`, `for_kids`, `for_family`, `is_helmet`, `wolking_time`, `roof`, `overhang`, `slabby`, `vertical`, `num`, `article_id`, `published`, `created_at`, `updated_at`) VALUES
(1, 'The Offise', NULL, NULL, NULL, NULL, NULL, 1, NULL, NULL, NULL, NULL, 0, NULL, NULL, NULL, NULL, 1, NULL, 6, 1, '2019-03-29 02:23:53', '2023-05-10 01:53:27'),
(2, 'Cave', NULL, NULL, NULL, NULL, NULL, 0, NULL, 1, NULL, NULL, 0, NULL, NULL, 0, 1, 1, NULL, 6, 1, '2019-03-29 18:11:00', '2023-05-09 17:19:12'),
(3, 'Canion', NULL, NULL, NULL, NULL, NULL, 1, NULL, 1, NULL, NULL, 0, NULL, NULL, 1, NULL, 1, NULL, 6, 1, '2019-03-31 10:14:32', '2023-05-07 01:08:21'),
(4, 'Tsunami', NULL, NULL, NULL, NULL, NULL, 1, NULL, NULL, NULL, NULL, 0, NULL, NULL, 1, NULL, 1, NULL, 6, 1, '2019-03-31 10:15:50', '2023-05-07 01:09:52'),
(5, '+18', NULL, NULL, NULL, NULL, NULL, NULL, NULL, NULL, NULL, NULL, 0, NULL, NULL, 1, NULL, 1, NULL, 1, 1, '2019-04-02 06:08:41', '2023-05-07 01:12:24'),
(6, 'ATA', NULL, NULL, NULL, NULL, NULL, NULL, NULL, NULL, NULL, NULL, 0, NULL, NULL, NULL, NULL, 1, NULL, 1, 1, '2019-04-02 06:11:15', '2023-05-07 18:25:11'),
(7, 'Dano', NULL, NULL, NULL, NULL, NULL, NULL, NULL, NULL, NULL, NULL, 0, NULL, NULL, NULL, NULL, NULL, NULL, 6, 1, '2019-04-02 17:45:29', '2023-05-10 00:36:38'),
(8, 'Choma', NULL, NULL, NULL, NULL, 1, NULL, NULL, NULL, NULL, NULL, 0, NULL, NULL, NULL, NULL, 1, NULL, 11, 1, '2019-04-02 18:02:46', '2023-05-10 00:38:24'),
(9, 'Black', NULL, NULL, NULL, 1, NULL, NULL, NULL, NULL, NULL, NULL, 0, '1', NULL, 1, 1, 1, 1, 8, 1, '2019-04-03 05:50:02', '2024-11-25 18:22:33'),
(10, 'Width', NULL, NULL, NULL, 1, NULL, NULL, NULL, 1, NULL, NULL, 0, '5', NULL, NULL, NULL, 1, 3, 8, 1, '2019-04-03 05:51:56', '2024-11-25 18:22:33'),
(11, 'Clock', NULL, NULL, NULL, 1, NULL, NULL, NULL, NULL, NULL, NULL, 0, '5', NULL, 1, 1, NULL, 4, 8, 1, '2019-04-03 05:53:09', '2024-11-25 18:22:33'),
(12, 'Sport sector', NULL, NULL, NULL, NULL, NULL, 1, NULL, NULL, NULL, NULL, 0, NULL, NULL, 1, 1, 1, NULL, 15, 1, '2019-04-08 14:17:36', '2023-05-10 00:47:15'),
(13, 'Bouldering sector', NULL, NULL, NULL, NULL, NULL, 1, NULL, NULL, NULL, NULL, 0, NULL, NULL, 1, NULL, 1, NULL, 15, 1, '2019-04-08 14:48:11', '2023-05-10 00:48:13'),
(14, 'Arsha (Sport climbing)', NULL, NULL, NULL, 1, NULL, NULL, NULL, NULL, 1, NULL, 0, '10 - 15', NULL, NULL, 1, 1, NULL, 12, 1, '2019-04-10 12:19:32', '2023-07-26 21:57:20'),
(15, 'Arsha (Multi pitch)', NULL, NULL, NULL, 1, NULL, NULL, NULL, NULL, 0, NULL, 0, '10 - 15', NULL, NULL, 1, 1, NULL, 12, 1, '2019-04-10 12:21:17', '2023-07-26 21:56:57'),
(16, 'Gveleti', NULL, NULL, NULL, NULL, 1, NULL, NULL, NULL, NULL, NULL, 0, NULL, NULL, NULL, NULL, 1, 1, 36, 1, '2019-05-03 15:42:07', '2025-06-05 18:42:17'),
(17, 'Fuel station', NULL, NULL, NULL, NULL, 1, NULL, NULL, NULL, NULL, NULL, 0, NULL, NULL, NULL, NULL, 1, NULL, 13, 1, '2019-05-03 15:49:30', '2023-05-10 19:42:00'),
(18, 'Parking', NULL, NULL, 0, 1, NULL, NULL, NULL, NULL, NULL, NULL, 0, NULL, NULL, NULL, 1, 1, NULL, 13, 1, '2019-05-03 15:51:43', '2023-05-10 19:43:34'),
(19, 'Chalaadi (Sector 1)', NULL, NULL, NULL, NULL, 1, NULL, NULL, NULL, NULL, NULL, 0, NULL, NULL, NULL, 1, 1, NULL, 9, 1, '2019-05-03 16:10:58', '2023-05-10 19:45:28'),
(20, 'Chalaadi (Sector 2)', NULL, NULL, NULL, NULL, 1, NULL, NULL, NULL, NULL, NULL, 0, NULL, NULL, 1, 1, 1, NULL, 9, 1, '2019-05-03 16:11:33', '2023-05-10 19:46:27'),
(21, 'Dzevri (sector 1)', NULL, NULL, NULL, NULL, NULL, NULL, NULL, NULL, NULL, NULL, 0, NULL, NULL, NULL, NULL, NULL, NULL, 10, 1, '2019-05-04 10:04:37', '2023-05-10 19:48:10'),
(22, 'Dzevri (sector 2)', NULL, NULL, NULL, NULL, NULL, NULL, NULL, NULL, NULL, NULL, 0, NULL, NULL, 1, NULL, 1, NULL, 10, 1, '2019-05-04 10:06:00', '2023-05-10 19:48:51'),
(24, 'Chip & Deil', NULL, NULL, NULL, NULL, NULL, NULL, NULL, NULL, NULL, NULL, 0, NULL, NULL, NULL, NULL, NULL, NULL, 14, 1, '2019-05-04 13:58:30', '2023-05-10 19:56:34'),
(25, 'Cave (lead)', NULL, NULL, 1, NULL, NULL, NULL, NULL, NULL, NULL, NULL, 0, NULL, NULL, NULL, NULL, 1, NULL, 14, 1, '2019-05-04 13:59:54', '2023-05-10 20:16:18'),
(26, 'Tea', NULL, NULL, NULL, NULL, 0, 1, NULL, NULL, NULL, NULL, 0, NULL, NULL, NULL, NULL, 1, NULL, 14, 1, '2019-05-04 14:01:22', '2023-05-10 20:19:18'),
(27, 'Caridor', NULL, NULL, NULL, NULL, NULL, NULL, 1, NULL, NULL, NULL, 0, NULL, NULL, NULL, NULL, 1, NULL, 14, 1, '2019-05-04 14:02:19', '2023-05-10 20:20:42'),
(28, 'Palanga (lead)', NULL, NULL, 1, NULL, NULL, NULL, NULL, NULL, NULL, NULL, 0, NULL, NULL, NULL, NULL, 1, NULL, 14, 1, '2019-05-04 14:03:02', '2023-05-10 20:21:30'),
(29, 'Superman', NULL, NULL, 1, NULL, NULL, NULL, NULL, NULL, NULL, NULL, 0, NULL, NULL, 1, NULL, 1, NULL, 14, 1, '2019-05-04 14:14:05', '2023-05-10 20:14:00'),
(30, 'Cave (Bouldering)', NULL, NULL, 1, NULL, NULL, NULL, NULL, NULL, NULL, NULL, 0, NULL, NULL, 1, NULL, 1, NULL, 14, 1, '2019-05-04 14:15:53', '2023-05-10 20:17:14'),
(31, 'Palanga (Bouldering)', NULL, NULL, NULL, NULL, NULL, NULL, NULL, NULL, NULL, NULL, 0, NULL, NULL, NULL, NULL, NULL, NULL, 14, 1, '2019-05-04 14:16:55', '2023-05-10 20:29:34'),
(32, 'Camel', NULL, NULL, 1, NULL, NULL, NULL, NULL, NULL, NULL, NULL, 0, NULL, NULL, NULL, NULL, 1, NULL, 14, 1, '2019-05-04 14:17:55', '2023-05-10 20:31:29'),
(34, 'Travers', NULL, NULL, NULL, NULL, NULL, 1, NULL, NULL, NULL, NULL, 0, NULL, NULL, 1, NULL, 1, NULL, 15, 1, '2019-05-05 04:34:58', '2023-05-10 00:48:39'),
(35, 'Navardzeti 1', NULL, NULL, NULL, NULL, NULL, NULL, NULL, 1, NULL, NULL, 0, NULL, NULL, NULL, NULL, 1, NULL, 16, 1, '2019-05-15 14:49:30', '2023-05-10 20:44:02'),
(36, 'Tower', NULL, NULL, NULL, NULL, NULL, 1, NULL, NULL, NULL, NULL, 0, NULL, NULL, NULL, 1, 1, NULL, 18, 1, '2019-07-15 06:16:39', '2023-07-26 22:30:04'),
(37, 'Boulders Corner', NULL, NULL, NULL, NULL, 1, 1, NULL, NULL, NULL, NULL, 0, NULL, NULL, NULL, NULL, 1, NULL, 18, 1, '2019-07-15 06:19:14', '2023-07-26 22:00:07'),
(38, 'Tsdo (Sport sector)', NULL, NULL, NULL, NULL, NULL, NULL, NULL, NULL, NULL, NULL, 0, NULL, NULL, NULL, 1, 1, NULL, 17, 1, '2019-12-29 16:12:00', '2023-05-10 20:49:01'),
(39, 'Tsdo (Multe-pitch sector)', NULL, NULL, NULL, NULL, NULL, NULL, NULL, NULL, NULL, NULL, 0, NULL, NULL, NULL, 1, 1, NULL, 17, 1, '2019-12-29 16:13:21', '2023-05-10 20:49:20'),
(40, 'Old road', NULL, NULL, NULL, NULL, NULL, 1, NULL, NULL, NULL, NULL, 0, NULL, NULL, NULL, 1, 1, NULL, 13, 1, '2020-02-29 15:02:50', '2023-05-10 20:51:28'),
(41, 'Game Zone', NULL, NULL, NULL, NULL, 1, NULL, NULL, NULL, NULL, NULL, 0, NULL, NULL, NULL, NULL, 1, NULL, 1, 1, '2020-04-23 10:18:11', '2023-05-07 18:33:16'),
(42, 'Canion (2)', NULL, NULL, NULL, NULL, NULL, 1, NULL, NULL, NULL, NULL, 0, NULL, NULL, NULL, NULL, 1, NULL, 6, 1, '2020-04-23 10:43:03', '2023-05-07 01:55:00'),
(43, 'Bazi', NULL, NULL, NULL, NULL, NULL, NULL, NULL, NULL, NULL, NULL, 0, NULL, NULL, NULL, NULL, 1, NULL, 6, 1, '2020-04-23 11:20:29', '2023-05-07 02:00:43'),
(44, 'Ozzy', NULL, NULL, NULL, NULL, NULL, NULL, NULL, NULL, NULL, NULL, 0, NULL, NULL, NULL, NULL, 1, NULL, 6, 1, '2020-05-24 18:36:04', '2023-05-10 21:49:30'),
(45, 'Gulo', NULL, NULL, NULL, NULL, NULL, NULL, NULL, NULL, NULL, NULL, 0, NULL, NULL, NULL, NULL, 1, NULL, 6, 1, '2020-05-24 18:36:56', '2023-05-10 21:34:31'),
(46, 'Kovida', NULL, NULL, NULL, NULL, NULL, NULL, NULL, NULL, NULL, NULL, 0, NULL, NULL, NULL, NULL, 1, NULL, 1, 1, '2020-05-24 18:59:58', '2023-05-07 18:34:02'),
(47, 'Monument', NULL, NULL, 0, NULL, 1, 1, NULL, NULL, 1, 1, 0, NULL, NULL, NULL, NULL, 1, NULL, 7, 1, '2021-03-21 19:03:05', '2023-05-07 18:50:25'),
(48, 'Drakula', NULL, NULL, 0, NULL, NULL, 1, NULL, 0, NULL, NULL, 0, '3', NULL, 1, NULL, 1, NULL, 26, 1, '2021-11-24 17:18:18', '2025-11-25 17:02:11'),
(49, 'Camping', NULL, NULL, 1, NULL, NULL, NULL, NULL, NULL, NULL, NULL, 0, NULL, NULL, NULL, 1, 1, NULL, 14, 1, '2022-04-09 19:11:29', '2023-05-10 21:51:32'),
(50, 'რაც მამას უნდა', NULL, NULL, 1, NULL, NULL, NULL, NULL, NULL, NULL, NULL, 0, NULL, NULL, 1, NULL, 1, NULL, 14, 1, '2022-04-09 19:13:21', '2023-05-10 21:54:06'),
(51, 'Highball', NULL, NULL, NULL, NULL, NULL, NULL, NULL, NULL, NULL, NULL, 0, NULL, NULL, NULL, NULL, 1, NULL, 14, 1, '2022-04-09 19:46:23', '2023-05-10 21:54:48'),
(52, 'Stone', NULL, NULL, 1, NULL, NULL, NULL, NULL, NULL, NULL, NULL, 0, NULL, NULL, NULL, NULL, 1, NULL, 14, 1, '2022-04-09 20:01:48', '2023-05-10 21:55:21'),
(53, 'Easy', NULL, NULL, 1, NULL, NULL, NULL, NULL, NULL, NULL, NULL, 0, NULL, NULL, NULL, NULL, 1, NULL, 14, 1, '2022-04-09 20:06:18', '2023-05-10 21:56:00'),
(54, 'Globus', NULL, NULL, NULL, NULL, NULL, NULL, NULL, NULL, NULL, NULL, 0, NULL, NULL, NULL, NULL, NULL, NULL, 14, 1, '2022-04-09 20:10:16', '2023-05-10 21:57:08'),
(56, 'Tsixidziri', NULL, NULL, NULL, NULL, 1, NULL, NULL, NULL, NULL, NULL, 0, NULL, NULL, NULL, NULL, 1, NULL, 13, 1, '2022-07-19 22:11:11', '2023-05-10 21:58:28'),
(57, '-', NULL, NULL, NULL, NULL, NULL, NULL, NULL, NULL, NULL, NULL, 0, NULL, NULL, 1, NULL, 1, NULL, 1, 1, '2022-07-31 19:18:46', '2023-05-07 18:36:24'),
(58, 'Mzetamze', NULL, NULL, NULL, NULL, NULL, 1, NULL, NULL, NULL, NULL, 0, '3', NULL, 1, 1, 1, NULL, 26, 1, '2022-08-10 20:16:05', '2025-11-25 17:01:53'),
(59, 'Ananuri', NULL, NULL, NULL, NULL, NULL, NULL, NULL, NULL, NULL, NULL, 0, NULL, NULL, 1, NULL, 1, 1, 37, 1, '2022-09-05 14:53:02', '2025-06-05 18:42:22'),
(60, 'ყველი (cheese)', NULL, NULL, NULL, NULL, 0, 1, NULL, NULL, NULL, NULL, 0, '2', NULL, NULL, 1, 1, NULL, 26, 1, '2023-05-29 16:20:30', '2025-11-25 17:01:23'),
(61, 'Petcho', NULL, NULL, NULL, NULL, 0, 1, NULL, NULL, 1, 1, 0, '< 1', NULL, NULL, 1, 1, NULL, 26, 1, '2023-05-29 16:23:13', '2025-11-25 17:01:40'),
(62, 'Small sector', NULL, NULL, NULL, 1, NULL, NULL, NULL, NULL, NULL, NULL, 0, '10-15', NULL, NULL, NULL, 1, NULL, 12, 1, '2023-07-26 21:52:44', '2023-07-26 21:52:44'),
(63, 'Boulders Corner (Back)', NULL, NULL, NULL, NULL, NULL, NULL, 1, NULL, NULL, NULL, 0, NULL, NULL, NULL, 1, 1, NULL, 18, 1, '2023-07-26 22:01:25', '2023-07-26 22:01:25'),
(64, 'Tower (back)', NULL, NULL, NULL, NULL, NULL, 1, NULL, NULL, NULL, NULL, 0, NULL, NULL, 1, NULL, NULL, NULL, 18, 1, '2023-07-26 22:37:25', '2023-07-26 22:45:20'),
(65, '-', NULL, NULL, NULL, 1, NULL, NULL, NULL, NULL, NULL, NULL, 0, '2', NULL, NULL, 1, 1, 5, 8, 1, '2024-01-09 19:09:28', '2024-11-25 18:22:33'),
(66, 'Black (multi-pitchs)', NULL, NULL, NULL, 1, NULL, NULL, NULL, NULL, NULL, NULL, 0, NULL, NULL, 1, NULL, 1, 2, 8, 1, '2024-03-08 23:37:02', '2024-11-25 18:22:33'),
(67, 'Project a', NULL, NULL, NULL, NULL, 1, NULL, NULL, NULL, NULL, NULL, 0, NULL, NULL, NULL, 1, 1, 1, 16, 1, '2024-04-04 19:09:08', '2025-08-21 19:51:09'),
(68, 'Gveleti 2', NULL, NULL, NULL, NULL, 1, NULL, NULL, NULL, NULL, NULL, 0, '2', NULL, NULL, NULL, 1, 2, 36, 1, '2024-07-20 12:55:52', '2025-08-04 13:15:07'),
(69, 'Navardzeti (multi pitch)', '', '', NULL, NULL, 1, NULL, NULL, NULL, NULL, NULL, 1, NULL, NULL, NULL, 1, 1, 2, 16, 1, '2024-11-25 18:14:37', '2026-01-27 15:06:10'),
(70, 'Gveleti Big Waterfall', NULL, NULL, 1, 0, NULL, NULL, NULL, NULL, NULL, NULL, 0, NULL, NULL, NULL, NULL, 1, 0, 22, 1, '2026-01-01 18:03:46', '2026-01-01 18:42:43'),
(71, 'Biisi ', NULL, NULL, 1, 1, NULL, NULL, NULL, NULL, NULL, NULL, 0, '30 Min', NULL, NULL, NULL, 1, 0, 23, 1, '2026-01-01 18:06:42', '2026-01-01 18:42:31'),
(72, 'Mleta', NULL, NULL, NULL, NULL, 1, NULL, NULL, NULL, NULL, NULL, 0, NULL, NULL, NULL, NULL, 1, 0, 91, 1, '2026-01-01 18:07:39', '2026-01-01 18:07:55'),
(73, 'Mitarbi', NULL, NULL, 1, 0, NULL, NULL, NULL, NULL, NULL, NULL, 0, NULL, NULL, 1, NULL, 1, 0, 66, 1, '2026-01-01 18:08:52', '2026-01-01 18:43:13'),
(74, 'Monument (Dry Tooling)', NULL, NULL, NULL, NULL, NULL, NULL, NULL, NULL, NULL, NULL, 0, NULL, NULL, NULL, NULL, 1, 0, 65, 1, '2026-01-01 18:10:08', '2026-01-01 18:10:08');

-- --------------------------------------------------------

--
-- Table structure for table `sector_images`
--

CREATE TABLE `sector_images` (
  `id` bigint UNSIGNED NOT NULL,
  `title` varchar(191) CHARACTER SET utf8mb4 COLLATE utf8mb4_unicode_ci DEFAULT NULL,
  `image` varchar(191) CHARACTER SET utf8mb4 COLLATE utf8mb4_unicode_ci DEFAULT NULL,
  `num` int DEFAULT NULL,
  `sector_id` bigint UNSIGNED NOT NULL,
  `created_at` timestamp NULL DEFAULT NULL,
  `updated_at` timestamp NULL DEFAULT NULL
) ENGINE=InnoDB DEFAULT CHARSET=utf8mb4 COLLATE=utf8mb4_unicode_ci;

--
-- Dumping data for table `sector_images`
--

INSERT INTO `sector_images` (`id`, `title`, `image`, `num`, `sector_id`, `created_at`, `updated_at`) VALUES
(8, NULL, '2023-04-12-00-04-45-1681245705{437231}.webp', 2, 2, '2023-04-12 00:41:45', '2024-11-09 00:11:18'),
(10, NULL, '2023-04-12-00-04-05-1681245905{429346}.webp', 2, 1, '2023-04-12 00:45:05', '2023-04-12 00:45:05'),
(11, NULL, '2023-04-12-00-04-05-1681245905{960875}.webp', 3, 1, '2023-04-12 00:45:05', '2023-04-12 00:45:05'),
(12, NULL, '2023-04-12-00-04-05-1681245905{96357}.webp', 4, 1, '2023-04-12 00:45:05', '2023-04-12 00:45:05'),
(13, NULL, '2023-04-12-00-04-05-1681245905{192379}.webp', 5, 1, '2023-04-12 00:45:05', '2023-04-12 00:45:05'),
(14, NULL, '2023-04-12-00-04-05-1681245905{409115}.webp', 6, 1, '2023-04-12 00:45:05', '2023-04-12 00:45:05'),
(17, NULL, '2023-05-07-01-05-52-1683407392{395182}.webp', NULL, 4, '2023-05-07 01:09:52', '2023-05-07 01:09:52'),
(21, NULL, '2023-05-07-01-05-38-1683408098{7184}.webp', 1, 5, '2023-05-07 01:21:38', '2023-05-07 01:34:42'),
(22, NULL, '2023-05-07-01-05-30-1683408870{545663}.webp', 2, 5, '2023-05-07 01:34:30', '2023-05-07 01:34:30'),
(23, NULL, '2023-05-07-01-05-23-1683409943{752937}.webp', 5, 5, '2023-05-07 01:52:24', '2023-05-07 01:52:48'),
(24, NULL, '2023-05-07-01-05-24-1683409944{150469}.webp', 4, 5, '2023-05-07 01:52:24', '2023-05-07 01:52:24'),
(25, NULL, '2023-05-07-01-05-24-1683409944{863830}.webp', 3, 5, '2023-05-07 01:52:24', '2023-05-07 01:52:48'),
(26, NULL, '2023-05-07-02-05-44-1683410444{466984}.webp', NULL, 43, '2023-05-07 02:00:47', '2023-05-07 02:00:47'),
(27, NULL, '2023-05-07-18-05-11-1683469511{450003}.webp', NULL, 6, '2023-05-07 18:25:11', '2023-05-07 18:25:11'),
(28, NULL, '2023-05-07-18-05-16-1683469996{178636}.webp', NULL, 41, '2023-05-07 18:33:16', '2023-05-07 18:33:16'),
(29, NULL, '2023-05-07-18-05-02-1683470042{895644}.webp', NULL, 46, '2023-05-07 18:34:02', '2023-05-07 18:34:02'),
(37, NULL, '2023-05-10-00-05-38-1683664598{613506}.webp', NULL, 7, '2023-05-10 00:36:38', '2023-05-10 00:36:38'),
(38, NULL, '2023-05-10-00-05-24-1683664704{523713}.webp', 1, 8, '2023-05-10 00:38:25', '2023-05-10 00:38:37'),
(39, NULL, '2023-05-10-00-05-25-1683664705{215386}.webp', 2, 8, '2023-05-10 00:38:25', '2023-05-10 00:38:25'),
(40, NULL, '2023-05-10-00-05-25-1683664705{308461}.webp', 3, 8, '2023-05-10 00:38:26', '2023-05-10 00:38:26'),
(48, NULL, '2023-05-10-00-05-15-1683665235{453401}.webp', 1, 12, '2023-05-10 00:47:15', '2024-04-25 00:22:42'),
(49, NULL, '2023-05-10-00-05-13-1683665293{73162}.webp', NULL, 13, '2023-05-10 00:48:13', '2023-05-10 00:48:13'),
(50, NULL, '2023-05-10-00-05-13-1683665293{947239}.webp', 2, 13, '2023-05-10 00:48:13', '2023-05-10 00:48:13'),
(51, NULL, '2023-05-10-00-05-39-1683665319{794542}.webp', NULL, 34, '2023-05-10 00:48:40', '2023-05-10 00:48:40'),
(52, NULL, '2023-05-10-00-05-49-1683665389{686505}.webp', 1, 14, '2023-05-10 00:49:49', '2023-08-20 18:22:40'),
(53, NULL, '2023-05-10-00-05-10-1683665410{609298}.webp', NULL, 15, '2023-05-10 00:50:10', '2023-05-10 00:50:10'),
(54, NULL, '2023-05-10-01-05-18-1683666138{598806}.webp', NULL, 16, '2023-05-10 01:02:18', '2023-05-10 01:02:18'),
(55, NULL, '2023-05-10-19-05-00-1683733320{429287}.webp', NULL, 17, '2023-05-10 19:42:01', '2023-05-10 19:42:01'),
(57, NULL, '2023-05-10-19-05-35-1683733415{487864}.webp', 2, 18, '2023-05-10 19:43:35', '2023-05-10 19:43:35'),
(58, NULL, '2023-05-10-19-05-28-1683733528{857896}.webp', NULL, 19, '2023-05-10 19:45:28', '2023-05-10 19:45:28'),
(60, NULL, '2023-05-10-19-05-13-1683733573{198544}.webp', 2, 19, '2023-05-10 19:46:14', '2023-05-10 19:46:14'),
(61, NULL, '2023-05-10-19-05-27-1683733587{205038}.webp', NULL, 20, '2023-05-10 19:46:27', '2023-05-10 19:46:27'),
(62, NULL, '2023-05-10-19-05-10-1683733690{193608}.webp', NULL, 21, '2023-05-10 19:48:10', '2023-05-10 19:48:10'),
(63, NULL, '2023-05-10-19-05-51-1683733731{827132}.webp', 2, 22, '2023-05-10 19:48:51', '2023-05-10 19:49:09'),
(64, NULL, '2023-05-10-19-05-51-1683733731{428641}.webp', 3, 22, '2023-05-10 19:48:51', '2023-05-10 19:49:09'),
(65, NULL, '2023-05-10-19-05-51-1683733731{878456}.webp', 1, 22, '2023-05-10 19:48:51', '2023-05-10 19:49:09'),
(66, NULL, '2023-05-10-19-05-34-1683734194{230473}.webp', 1, 24, '2023-05-10 19:56:34', '2023-05-10 21:23:02'),
(67, NULL, '2023-05-10-20-05-00-1683735240{748548}.webp', NULL, 29, '2023-05-10 20:14:00', '2023-05-10 20:14:00'),
(68, NULL, '2023-05-10-20-05-18-1683735378{483189}.webp', NULL, 25, '2023-05-10 20:16:18', '2023-05-10 20:16:18'),
(69, NULL, '2023-05-10-20-05-14-1683735434{384105}.webp', NULL, 30, '2023-05-10 20:17:14', '2023-05-10 20:17:14'),
(70, NULL, '2023-05-10-20-05-18-1683735558{797549}.webp', NULL, 26, '2023-05-10 20:19:18', '2023-05-10 20:19:18'),
(71, NULL, '2023-05-10-20-05-42-1683735642{90280}.webp', NULL, 27, '2023-05-10 20:20:42', '2023-05-10 20:20:42'),
(72, NULL, '2023-05-10-20-05-30-1683735690{598791}.webp', 1, 28, '2023-05-10 20:21:31', '2023-05-10 20:38:30'),
(73, NULL, '2023-05-10-20-05-23-1683736103{192860}.webp', NULL, 31, '2023-05-10 20:28:23', '2023-05-10 20:28:23'),
(74, NULL, '2023-05-10-20-05-09-1683736149{864524}.webp', 2, 31, '2023-05-10 20:29:09', '2023-05-10 20:29:09'),
(75, NULL, '2023-05-10-20-05-29-1683736289{472950}.webp', 1, 32, '2023-05-10 20:31:29', '2023-05-10 20:31:40'),
(76, NULL, '2023-05-10-20-05-29-1683736289{385983}.webp', 2, 32, '2023-05-10 20:31:29', '2023-05-10 20:31:29'),
(81, NULL, '2023-05-10-20-05-01-1683737341{335423}.webp', NULL, 38, '2023-05-10 20:49:02', '2023-05-10 20:49:02'),
(82, NULL, '2023-05-10-20-05-20-1683737360{576239}.webp', NULL, 39, '2023-05-10 20:49:20', '2023-05-10 20:49:20'),
(86, NULL, '2023-05-10-20-05-47-1683737687{194317}.webp', NULL, 42, '2023-05-10 20:54:48', '2023-05-10 20:54:48'),
(87, NULL, '2023-05-10-21-05-31-1683740071{536546}.webp', NULL, 45, '2023-05-10 21:34:31', '2023-05-10 21:34:31'),
(88, NULL, '2023-05-10-21-05-30-1683740970{405338}.webp', NULL, 44, '2023-05-10 21:49:30', '2023-05-10 21:49:30'),
(89, NULL, '2023-05-10-21-05-30-1683740970{786166}.webp', 2, 44, '2023-05-10 21:49:30', '2023-05-10 21:49:30'),
(90, NULL, '2023-05-10-21-05-30-1683740970{118509}.webp', 3, 44, '2023-05-10 21:49:30', '2023-05-10 21:49:30'),
(91, NULL, '2023-05-10-21-05-30-1683740970{722211}.webp', 4, 44, '2023-05-10 21:49:30', '2023-05-10 21:49:30'),
(93, NULL, '2023-05-10-21-05-32-1683741092{812388}.webp', NULL, 49, '2023-05-10 21:51:32', '2023-05-10 21:51:32'),
(94, NULL, '2023-05-10-21-05-06-1683741246{62451}.webp', NULL, 50, '2023-05-10 21:54:06', '2023-05-10 21:54:06'),
(95, NULL, '2023-05-10-21-05-06-1683741246{686063}.webp', 2, 50, '2023-05-10 21:54:06', '2023-05-10 21:54:06'),
(96, NULL, '2023-05-10-21-05-48-1683741288{747263}.webp', NULL, 51, '2023-05-10 21:54:49', '2023-05-10 21:54:49'),
(97, NULL, '2023-05-10-21-05-21-1683741321{269748}.webp', NULL, 52, '2023-05-10 21:55:21', '2023-05-10 21:55:21'),
(98, NULL, '2023-05-10-21-05-00-1683741360{324375}.webp', NULL, 53, '2023-05-10 21:56:00', '2023-05-10 21:56:00'),
(99, NULL, '2023-05-10-21-05-08-1683741428{543578}.webp', NULL, 54, '2023-05-10 21:57:08', '2023-05-10 21:57:08'),
(101, NULL, '2023-05-10-21-05-58-1683741478{577588}.webp', 2, 54, '2023-05-10 21:57:58', '2023-05-10 21:57:58'),
(102, NULL, '2023-05-10-21-05-28-1683741508{830371}.webp', NULL, 56, '2023-05-10 21:58:29', '2023-05-10 21:58:29'),
(103, NULL, '2023-05-10-22-05-04-1683741724{609430}.webp', NULL, 58, '2023-05-10 22:02:04', '2023-05-10 22:02:04'),
(104, NULL, '2023-05-10-22-05-28-1683741748{93098}.webp', NULL, 59, '2023-05-10 22:02:29', '2023-05-10 22:02:29'),
(107, NULL, '2023-07-26-21-07-44-1690393964{309955}.webp', NULL, 62, '2023-07-26 21:52:44', '2023-07-26 21:52:44'),
(108, NULL, '2023-07-26-22-07-25-1690394485{712920}.webp', NULL, 63, '2023-07-26 22:01:25', '2023-07-26 22:01:25'),
(109, NULL, '2023-07-26-22-07-04-1690396204{478750}.webp', 1, 36, '2023-07-26 22:30:05', '2023-07-26 22:30:23'),
(111, NULL, '2023-07-26-22-07-46-1690396606{943256}.webp', 2, 36, '2023-07-26 22:36:47', '2023-07-26 22:36:47'),
(112, NULL, '2023-07-26-22-07-25-1690396645{186815}.webp', NULL, 64, '2023-07-26 22:37:26', '2023-07-26 22:37:26'),
(113, NULL, '2023-07-26-22-07-17-1690396817{509035}.webp', NULL, 37, '2023-07-26 22:40:18', '2023-07-26 22:40:18'),
(115, NULL, '2023-09-25-23-09-55-1695671155{32305}.webp', NULL, 57, '2023-09-25 23:45:56', '2023-09-25 23:45:56'),
(118, NULL, '2024-03-08-23-03-51-1709926491{997405}.webp', NULL, 65, '2024-03-08 23:34:51', '2024-03-08 23:34:51'),
(119, NULL, '2024-03-08-23-03-08-1709926508{735793}.webp', 1, 11, '2024-03-08 23:35:08', '2024-03-08 23:59:10'),
(121, NULL, '2024-03-08-23-03-06-1709926566{654064}.webp', NULL, 9, '2024-03-08 23:36:07', '2024-03-08 23:36:07'),
(123, NULL, '2024-03-09-00-03-53-1709928533{182509}.webp', NULL, 66, '2024-03-09 00:08:54', '2024-03-09 00:08:54'),
(126, NULL, '2024-05-12-14-05-08-1715510888{55036}.webp', NULL, 40, '2024-05-12 14:48:08', '2024-05-12 14:48:08'),
(127, NULL, '2024-05-19-16-05-36-1716120996{853362}.webp', NULL, 47, '2024-05-19 16:16:36', '2024-05-19 16:16:36'),
(128, NULL, '2024-07-05-23-07-22-1720209382{831380}.webp', 1, 18, '2024-07-05 23:56:23', '2024-07-05 23:57:25'),
(129, NULL, '2024-07-20-12-07-52-1721465752{204070}.webp', NULL, 68, '2024-07-20 12:55:53', '2024-07-20 12:55:53'),
(131, NULL, '2024-11-09-00-11-55-1731096595{603926}.webp', 1, 2, '2024-11-09 00:09:56', '2024-11-09 00:11:18'),
(132, NULL, '2024-11-09-00-11-18-1731096858{437641}.webp', 1, 3, '2024-11-09 00:14:18', '2024-11-12 23:41:23'),
(134, NULL, '2024-11-12-23-11-47-1731440207{276354}.webp', 2, 3, '2024-11-12 23:36:47', '2024-11-12 23:36:47'),
(135, NULL, '2025-01-08-00-01-28-1736282188{522639}.webp', NULL, 10, '2025-01-08 00:36:28', '2025-01-08 00:36:28'),
(136, NULL, '2025-08-21-19-08-08-1755790928{637579}.webp', 1, 67, '2025-08-21 19:42:08', '2025-08-21 19:49:27'),
(137, NULL, '2025-08-21-19-08-28-1755791428{978772}.webp', NULL, 69, '2025-08-21 19:50:28', '2025-08-21 19:50:28'),
(138, NULL, '2025-08-21-20-08-01-1755793081{204848}.webp', 1, 35, '2025-08-21 20:18:01', '2025-08-21 20:25:11'),
(139, NULL, '2025-11-24-13-11-26-1763978246{544315}.webp', 1, 61, '2025-11-24 13:57:31', '2025-11-24 14:05:01'),
(140, NULL, '2025-11-24-13-11-57-1763978337{202666}.webp', 1, 60, '2025-11-24 13:59:01', '2025-11-24 14:04:41'),
(141, NULL, '2025-11-30-19-11-01-1764516961{896013}.webp', 1, 48, '2025-11-30 19:36:05', '2025-11-30 19:40:01'),
(142, NULL, '2026-01-01-18-01-46-1767276226{20344}.webp', NULL, 70, '2026-01-01 18:03:48', '2026-01-01 18:03:48'),
(143, NULL, '2026-01-01-18-01-42-1767276402{551571}.webp', NULL, 71, '2026-01-01 18:06:47', '2026-01-01 18:06:47'),
(144, NULL, '2026-01-01-18-01-39-1767276459{629190}.webp', NULL, 72, '2026-01-01 18:07:42', '2026-01-01 18:07:42'),
(145, NULL, '2026-01-01-18-01-52-1767276532{357461}.webp', NULL, 73, '2026-01-01 18:08:57', '2026-01-01 18:08:57'),
(146, NULL, '2026-01-01-18-01-08-1767276608{229818}.webp', NULL, 74, '2026-01-01 18:10:08', '2026-01-01 18:10:08');

-- --------------------------------------------------------

--
-- Table structure for table `sector_local_images`
--

CREATE TABLE `sector_local_images` (
  `id` bigint UNSIGNED NOT NULL,
  `title` varchar(191) CHARACTER SET utf8mb4 COLLATE utf8mb4_unicode_ci DEFAULT NULL,
  `image` varchar(191) CHARACTER SET utf8mb4 COLLATE utf8mb4_unicode_ci DEFAULT NULL,
  `created_at` timestamp NULL DEFAULT NULL,
  `updated_at` timestamp NULL DEFAULT NULL
) ENGINE=InnoDB DEFAULT CHARSET=utf8mb4 COLLATE=utf8mb4_unicode_ci;

--
-- Dumping data for table `sector_local_images`
--

INSERT INTO `sector_local_images` (`id`, `title`, `image`, `created_at`, `updated_at`) VALUES
(1, 'Bazi, Gulo & Office (Katskhi)', '2025-08-14-21-08-37-1755194257{477936}.webp', '2023-05-07 02:03:09', '2025-08-14 21:57:39'),
(4, 'Kveli - Petcho (Borjomi)', '2025-08-14-21-08-24-1755194184{698889}.webp', '2023-05-31 23:24:33', '2025-08-14 21:56:27'),
(5, 'Sector -', '2023-09-25-23-09-15-1695671055{426771}.webp', '2023-09-25 23:44:16', '2023-09-25 23:44:56'),
(6, 'Dani, Ozzy, Tsunami, Cave & Canion (Katskhi)', '2025-08-14-21-08-09-1755194109{436188}.webp', '2024-04-08 13:17:28', '2025-08-14 21:55:12'),
(7, 'Climbing sector', '2025-08-14-21-08-06-1755194346{453556}.webp', '2024-10-22 00:32:33', '2025-08-14 21:59:07');

-- --------------------------------------------------------

--
-- Table structure for table `sector_local_images_jsons`
--

CREATE TABLE `sector_local_images_jsons` (
  `id` bigint UNSIGNED NOT NULL,
  `json` json NOT NULL,
  `sector_local_image_id` bigint UNSIGNED NOT NULL,
  `created_at` timestamp NULL DEFAULT NULL,
  `updated_at` timestamp NULL DEFAULT NULL
) ENGINE=InnoDB DEFAULT CHARSET=utf8mb4 COLLATE=utf8mb4_unicode_ci;

-- --------------------------------------------------------

--
-- Table structure for table `sector_local_images_json_sectors`
--

CREATE TABLE `sector_local_images_json_sectors` (
  `id` bigint UNSIGNED NOT NULL,
  `sect_loc_img_json_id` bigint UNSIGNED NOT NULL,
  `sector_id` bigint UNSIGNED NOT NULL,
  `created_at` timestamp NULL DEFAULT NULL,
  `updated_at` timestamp NULL DEFAULT NULL
) ENGINE=InnoDB DEFAULT CHARSET=utf8mb4 COLLATE=utf8mb4_unicode_ci;

-- --------------------------------------------------------

--
-- Table structure for table `sector_local_image_sector`
--

CREATE TABLE `sector_local_image_sector` (
  `id` bigint UNSIGNED NOT NULL,
  `sector_id` bigint UNSIGNED NOT NULL,
  `image_id` bigint UNSIGNED NOT NULL,
  `created_at` timestamp NULL DEFAULT NULL,
  `updated_at` timestamp NULL DEFAULT NULL
) ENGINE=InnoDB DEFAULT CHARSET=utf8mb4 COLLATE=utf8mb4_unicode_ci;

--
-- Dumping data for table `sector_local_image_sector`
--

INSERT INTO `sector_local_image_sector` (`id`, `sector_id`, `image_id`, `created_at`, `updated_at`) VALUES
(3, 43, 1, '2023-05-07 02:03:09', '2023-05-07 02:03:09'),
(8, 60, 4, '2023-05-31 23:24:33', '2023-05-31 23:24:33'),
(9, 61, 4, '2023-05-31 23:24:33', '2023-05-31 23:24:33'),
(10, 57, 5, '2023-09-25 23:44:16', '2023-09-25 23:44:16'),
(11, 45, 1, '2024-04-08 12:46:24', '2024-04-08 12:46:24'),
(12, 1, 1, '2024-04-08 12:46:24', '2024-04-08 12:46:24'),
(13, 7, 6, '2024-04-08 17:07:50', '2024-04-08 17:07:50'),
(14, 44, 6, '2024-04-08 17:07:50', '2024-04-08 17:07:50'),
(15, 2, 6, '2024-04-08 17:07:50', '2024-04-08 17:07:50'),
(16, 4, 6, '2024-04-08 17:07:50', '2024-04-08 17:07:50'),
(17, 3, 6, '2024-04-08 17:07:50', '2024-04-08 17:07:50'),
(18, 42, 6, '2024-04-08 17:07:50', '2024-04-08 17:07:50'),
(19, 56, 7, '2024-10-22 00:32:34', '2024-10-22 00:32:34');

-- --------------------------------------------------------

--
-- Table structure for table `services`
--

CREATE TABLE `services` (
  `id` bigint UNSIGNED NOT NULL,
  `url_title` varchar(191) CHARACTER SET utf8mb4 COLLATE utf8mb4_unicode_ci DEFAULT NULL,
  `published` int DEFAULT NULL,
  `us_service_id` bigint UNSIGNED NOT NULL,
  `ka_service_id` bigint UNSIGNED NOT NULL,
  `created_at` timestamp NULL DEFAULT NULL,
  `updated_at` timestamp NULL DEFAULT NULL
) ENGINE=InnoDB DEFAULT CHARSET=utf8mb4 COLLATE=utf8mb4_unicode_ci;

--
-- Dumping data for table `services`
--

INSERT INTO `services` (`id`, `url_title`, `published`, `us_service_id`, `ka_service_id`, `created_at`, `updated_at`) VALUES
(1, 'rope_acces', 1, 3, 1, '2023-05-29 14:13:16', '2023-05-29 14:39:07'),
(2, 'climbing_&_mountaineering_guiding', 0, 6, 4, '2023-05-29 14:16:14', '2023-05-29 14:16:14'),
(3, 'rent_climbing_gear', 1, 9, 7, '2023-05-29 14:17:17', '2023-05-29 15:09:11'),
(4, 'building_climbing_walls', 1, 12, 10, '2023-05-29 14:18:44', '2024-04-07 17:14:28');

-- --------------------------------------------------------

--
-- Table structure for table `service_followers`
--

CREATE TABLE `service_followers` (
  `id` bigint UNSIGNED NOT NULL,
  `email` varchar(191) CHARACTER SET utf8mb4 COLLATE utf8mb4_unicode_ci NOT NULL,
  `service` varchar(191) CHARACTER SET utf8mb4 COLLATE utf8mb4_unicode_ci DEFAULT NULL,
  `created_at` timestamp NULL DEFAULT NULL,
  `updated_at` timestamp NULL DEFAULT NULL
) ENGINE=InnoDB DEFAULT CHARSET=utf8mb4 COLLATE=utf8mb4_unicode_ci;

--
-- Dumping data for table `service_followers`
--

INSERT INTO `service_followers` (`id`, `email`, `service`, `created_at`, `updated_at`) VALUES
(4, 'zviadibzishvili5@gmail.com', 'guid', '2023-11-21 08:54:22', '2023-11-21 08:54:22'),
(5, 'ngogaladze00@gmail.com', 'guid', '2024-09-01 15:35:56', '2024-09-01 15:35:56'),
(6, 'annajabauri@gmail.com', 'guid', '2024-09-18 04:10:11', '2024-09-18 04:10:11'),
(8, 'alpmoroz87@gmail.com', 'shop', '2025-02-20 14:41:10', '2025-02-20 14:41:10'),
(17, 'nika@sys.ge', 'shop', '2025-05-15 19:10:00', '2025-05-15 19:10:00'),
(18, 'samsonadze.temo9@gmail.com', 'shop', '2025-05-15 19:12:49', '2025-05-15 19:12:49'),
(19, 'torniket933@gmail.com', 'guid', '2025-06-17 17:45:32', '2025-06-17 17:45:32'),
(20, 'Andria', 'guid', '2025-10-19 18:23:12', '2025-10-19 18:23:12'),
(21, 'Andria Janelidze', 'guid', '2025-10-19 18:23:26', '2025-10-19 18:23:26'),
(22, 'Follow Us', 'guid', '2026-01-11 21:07:43', '2026-01-11 21:07:43');

-- --------------------------------------------------------

--
-- Table structure for table `service_images`
--

CREATE TABLE `service_images` (
  `id` bigint UNSIGNED NOT NULL,
  `titlr` varchar(191) CHARACTER SET utf8mb4 COLLATE utf8mb4_unicode_ci DEFAULT NULL,
  `image` varchar(191) CHARACTER SET utf8mb4 COLLATE utf8mb4_unicode_ci DEFAULT NULL,
  `service_id` bigint UNSIGNED NOT NULL,
  `created_at` timestamp NULL DEFAULT NULL,
  `updated_at` timestamp NULL DEFAULT NULL
) ENGINE=InnoDB DEFAULT CHARSET=utf8mb4 COLLATE=utf8mb4_unicode_ci;

--
-- Dumping data for table `service_images`
--

INSERT INTO `service_images` (`id`, `titlr`, `image`, `service_id`, `created_at`, `updated_at`) VALUES
(1, NULL, '2023-05-29-14-05-07-1685356747{285376}.webp', 1, '2023-05-29 14:39:07', '2023-05-29 14:39:07'),
(2, NULL, '2023-05-29-14-05-07-1685356747{575546}.webp', 1, '2023-05-29 14:39:08', '2023-05-29 14:39:08'),
(3, NULL, '2023-05-29-14-05-08-1685356748{588511}.webp', 1, '2023-05-29 14:39:08', '2023-05-29 14:39:08'),
(4, NULL, '2023-05-29-15-05-03-1685358543{34679}.webp', 3, '2023-05-29 15:09:04', '2023-05-29 15:09:04'),
(5, NULL, '2023-05-29-15-05-39-1685359359{664435}.webp', 3, '2023-05-29 15:22:39', '2023-05-29 15:22:39'),
(6, NULL, '2023-05-29-15-05-56-1685359436{240369}.webp', 2, '2023-05-29 15:23:56', '2023-05-29 15:23:56'),
(7, NULL, '2024-04-07-17-04-43-1712495683{820840}.webp', 4, '2024-04-07 17:14:43', '2024-04-07 17:14:43'),
(8, NULL, '2024-04-07-17-04-37-1712495917{33240}.webp', 4, '2024-04-07 17:18:38', '2024-04-07 17:18:38');

-- --------------------------------------------------------

--
-- Table structure for table `shiped_regions`
--

CREATE TABLE `shiped_regions` (
  `id` bigint UNSIGNED NOT NULL,
  `region` varchar(191) CHARACTER SET utf8mb4 COLLATE utf8mb4_unicode_ci DEFAULT NULL,
  `shiping_price` varchar(191) CHARACTER SET utf8mb4 COLLATE utf8mb4_unicode_ci DEFAULT NULL,
  `free_shiping_price_after` varchar(191) CHARACTER SET utf8mb4 COLLATE utf8mb4_unicode_ci DEFAULT NULL,
  `created_at` timestamp NULL DEFAULT NULL,
  `updated_at` timestamp NULL DEFAULT NULL
) ENGINE=InnoDB DEFAULT CHARSET=utf8mb4 COLLATE=utf8mb4_unicode_ci;

--
-- Dumping data for table `shiped_regions`
--

INSERT INTO `shiped_regions` (`id`, `region`, `shiping_price`, `free_shiping_price_after`, `created_at`, `updated_at`) VALUES
(1, 'Tbilisi', '10', NULL, '2024-07-21 16:41:56', '2024-07-21 16:42:53'),
(2, 'Georgia', '20', NULL, '2024-07-21 16:42:20', '2024-07-21 16:43:01'),
(3, 'Armenia', '30', NULL, '2024-07-21 16:42:32', '2024-07-21 16:43:09');

-- --------------------------------------------------------

--
-- Table structure for table `sites`
--

CREATE TABLE `sites` (
  `id` bigint UNSIGNED NOT NULL,
  `email` varchar(191) CHARACTER SET utf8mb4 COLLATE utf8mb4_unicode_ci DEFAULT NULL,
  `number` varchar(191) CHARACTER SET utf8mb4 COLLATE utf8mb4_unicode_ci DEFAULT NULL,
  `map` text CHARACTER SET utf8mb4 COLLATE utf8mb4_unicode_ci,
  `ad` text CHARACTER SET utf8mb4 COLLATE utf8mb4_unicode_ci,
  `created_at` timestamp NULL DEFAULT NULL,
  `updated_at` timestamp NULL DEFAULT NULL
) ENGINE=InnoDB DEFAULT CHARSET=utf8mb4 COLLATE=utf8mb4_unicode_ci;

--
-- Dumping data for table `sites`
--

INSERT INTO `sites` (`id`, `email`, `number`, `map`, `ad`, `created_at`, `updated_at`) VALUES
(1, 'info@climbing.ge', '(+995) 598 45 70 48', '<iframe src=\"https://www.google.com/maps/d/embed?mid=1vp_Rgh8UmlN7nZGFGHChh_rRy1t5GdOv\" width=\"100%\" height=\"480\"></iframe>', '<a target=\"_blank\" href=\"https://www.amazon.com/Black-Diamond-9-9-35m-Climbing-Rope/dp/B01MCTR516/ref=pd_rhf_dp_s_pd_sbs_rvi_d_sccl_2_4/138-4457576-1263522?pd_rd_w=z2FQE&amp;content-id=amzn1.sym.a089f039-4dde-401a-9041-8b534ae99e65&amp;pf_rd_p=a089f039-4dde-401a-9041-8b534ae99e65&amp;pf_rd_r=9N465P7DVMXM56AXN047&amp;pd_rd_wg=keTAR&amp;pd_rd_r=1f25e3dc-25b3-4bbc-8c07-3867b2ab426a&amp;pd_rd_i=B0CP8P9GBT&amp;th=1&amp;psc=1&_encoding=UTF8&tag=climbingge09-20&linkCode=ur2&linkId=58b78f0d8ac7eb0dfdffd11bd1da5130&camp=1789&creative=9325\">climbing ge</a>', NULL, '2024-02-26 15:59:24');

-- --------------------------------------------------------

--
-- Table structure for table `site_social_links`
--

CREATE TABLE `site_social_links` (
  `id` bigint UNSIGNED NOT NULL,
  `title` varchar(191) CHARACTER SET utf8mb4 COLLATE utf8mb4_unicode_ci DEFAULT NULL,
  `url` text CHARACTER SET utf8mb4 COLLATE utf8mb4_unicode_ci,
  `created_at` timestamp NULL DEFAULT NULL,
  `updated_at` timestamp NULL DEFAULT NULL
) ENGINE=InnoDB DEFAULT CHARSET=utf8mb4 COLLATE=utf8mb4_unicode_ci;

--
-- Dumping data for table `site_social_links`
--

INSERT INTO `site_social_links` (`id`, `title`, `url`, `created_at`, `updated_at`) VALUES
(2, 'Ice Climbing Georgia (Facebook page)', 'https://www.facebook.com/groups/1428628478938711', '2026-01-27 15:35:34', '2026-01-27 15:35:34'),
(3, 'Georgian Climbing Team - Internationals (Public Facebook Groupe)', 'https://www.facebook.com/groups/2171302909586005', '2026-01-27 15:36:19', '2026-01-27 15:36:19'),
(4, 'Georgian Climbing Team (Public Facebook Groupe)', 'https://www.facebook.com/groups/216614325199825', '2026-01-27 15:37:02', '2026-01-27 15:37:02'),
(5, 'Climbing.ge sport team (Facebook Page)', 'https://www.facebook.com/profile.php?id=61582988213463', '2026-01-27 15:38:13', '2026-01-27 15:38:13'),
(6, 'Climbing.ge sport team (Instagram)', 'https://www.instagram.com/climbing.ge_club/', '2026-01-27 15:39:32', '2026-01-27 15:39:32');

-- --------------------------------------------------------

--
-- Table structure for table `social_accounts`
--

CREATE TABLE `social_accounts` (
  `id` bigint UNSIGNED NOT NULL,
  `provider_user_id` int DEFAULT NULL,
  `provider` varchar(191) CHARACTER SET utf8mb4 COLLATE utf8mb4_unicode_ci DEFAULT NULL,
  `user_id` bigint UNSIGNED NOT NULL,
  `created_at` timestamp NULL DEFAULT NULL,
  `updated_at` timestamp NULL DEFAULT NULL
) ENGINE=InnoDB DEFAULT CHARSET=utf8mb4 COLLATE=utf8mb4_unicode_ci;

-- --------------------------------------------------------

--
-- Table structure for table `sport_route_reviews`
--

CREATE TABLE `sport_route_reviews` (
  `id` bigint UNSIGNED NOT NULL,
  `stars` varchar(191) CHARACTER SET utf8mb4 COLLATE utf8mb4_unicode_ci DEFAULT NULL,
  `text` varchar(191) CHARACTER SET utf8mb4 COLLATE utf8mb4_unicode_ci DEFAULT NULL,
  `climbed_data` varchar(191) CHARACTER SET utf8mb4 COLLATE utf8mb4_unicode_ci DEFAULT NULL,
  `ascent_style` varchar(191) CHARACTER SET utf8mb4 COLLATE utf8mb4_unicode_ci DEFAULT NULL,
  `route_id` bigint UNSIGNED NOT NULL,
  `created_at` timestamp NULL DEFAULT NULL,
  `updated_at` timestamp NULL DEFAULT NULL,
  `user_id` bigint UNSIGNED NOT NULL
) ENGINE=InnoDB DEFAULT CHARSET=utf8mb4 COLLATE=utf8mb4_unicode_ci;

--
-- Dumping data for table `sport_route_reviews`
--

INSERT INTO `sport_route_reviews` (`id`, `stars`, `text`, `climbed_data`, `ascent_style`, `route_id`, `created_at`, `updated_at`, `user_id`) VALUES
(1, '5', NULL, NULL, NULL, 373, '2023-12-22 00:53:41', '2023-12-22 00:53:41', 1),
(2, '5', NULL, NULL, NULL, 372, '2023-12-22 00:53:51', '2023-12-22 00:53:51', 1),
(3, '5', NULL, NULL, NULL, 371, '2023-12-22 00:53:58', '2023-12-22 00:53:58', 1),
(4, '5', NULL, NULL, NULL, 370, '2023-12-22 00:54:04', '2023-12-22 00:54:04', 1),
(5, '5', NULL, NULL, NULL, 354, '2023-12-22 00:54:10', '2023-12-22 00:54:10', 1),
(6, '5', NULL, NULL, NULL, 358, '2023-12-22 00:54:18', '2023-12-22 00:54:18', 1),
(7, '5', NULL, NULL, NULL, 352, '2023-12-22 00:54:24', '2023-12-22 00:54:24', 1),
(8, '5', NULL, NULL, NULL, 351, '2023-12-22 00:54:32', '2023-12-22 00:54:32', 1),
(9, '5', NULL, NULL, NULL, 350, '2023-12-22 00:54:39', '2023-12-22 00:54:39', 1),
(10, '5', NULL, NULL, NULL, 348, '2023-12-22 00:54:45', '2023-12-22 00:54:45', 1),
(11, '5', NULL, NULL, NULL, 374, '2023-12-22 00:54:51', '2023-12-22 00:54:51', 1),
(12, '5', NULL, NULL, NULL, 353, '2023-12-22 00:54:57', '2023-12-22 00:54:57', 1),
(13, '5', NULL, NULL, NULL, 349, '2023-12-22 00:55:21', '2023-12-22 00:55:21', 1),
(14, '5', NULL, NULL, NULL, 429, '2023-12-24 14:24:03', '2023-12-24 14:24:03', 1),
(15, '5', NULL, NULL, NULL, 430, '2023-12-24 14:24:10', '2023-12-24 14:24:10', 1),
(16, '5', NULL, NULL, NULL, 387, '2024-01-08 00:00:07', '2024-01-08 00:00:07', 1),
(17, '5', NULL, NULL, NULL, 426, '2024-01-08 00:02:41', '2024-01-08 00:02:41', 1),
(18, '5', NULL, NULL, NULL, 413, '2024-01-08 00:03:09', '2024-01-08 00:03:09', 1),
(19, '5', NULL, NULL, NULL, 412, '2024-01-08 00:03:24', '2024-01-08 00:03:24', 1),
(20, '5', NULL, NULL, NULL, 434, '2024-01-08 00:07:37', '2024-01-08 00:07:37', 1),
(21, '5', NULL, NULL, NULL, 435, '2024-01-08 00:07:55', '2024-01-08 00:07:55', 1),
(22, '5', NULL, NULL, NULL, 436, '2024-01-08 00:08:04', '2024-01-08 00:08:04', 1),
(23, '5', NULL, NULL, NULL, 437, '2024-01-08 00:08:16', '2024-01-08 00:08:16', 1),
(24, '0', '7a', NULL, NULL, 306, '2024-01-08 13:28:26', '2024-01-08 13:28:26', 1),
(25, '5', NULL, NULL, NULL, 373, '2024-03-01 16:21:34', '2024-03-01 16:21:34', 1),
(26, '5', NULL, NULL, NULL, 196, '2024-03-01 16:22:31', '2024-03-01 16:22:31', 1),
(27, '5', NULL, NULL, NULL, 197, '2024-03-01 16:22:39', '2024-03-01 16:22:39', 1),
(28, '5', NULL, NULL, NULL, 198, '2024-03-01 16:22:49', '2024-03-01 16:22:49', 1),
(29, '5', NULL, NULL, NULL, 199, '2024-03-01 16:22:57', '2024-03-01 16:22:57', 1),
(30, '5', NULL, NULL, NULL, 200, '2024-03-01 16:23:06', '2024-03-01 16:23:06', 1),
(31, '5', NULL, NULL, NULL, 201, '2024-03-01 16:23:16', '2024-03-01 16:23:16', 1),
(32, '5', NULL, NULL, NULL, 208, '2024-03-01 16:23:34', '2024-03-01 16:23:34', 1),
(33, '5', NULL, NULL, NULL, 209, '2024-03-01 16:23:43', '2024-03-01 16:23:43', 1),
(34, '5', NULL, NULL, NULL, 210, '2024-03-01 16:23:50', '2024-03-01 16:23:50', 1),
(35, '5', NULL, NULL, NULL, 425, '2024-03-01 16:25:24', '2024-03-01 16:25:24', 1),
(36, '5', NULL, NULL, NULL, 427, '2024-03-01 16:25:42', '2024-03-01 16:25:42', 1),
(37, '5', NULL, NULL, NULL, 428, '2024-03-01 16:25:51', '2024-10-04 16:49:24', 1),
(38, '5', NULL, NULL, NULL, 429, '2024-03-01 16:26:05', '2024-03-01 16:26:05', 1),
(39, '5', NULL, NULL, NULL, 409, '2024-03-01 16:26:30', '2024-03-01 16:26:30', 1),
(40, '5', NULL, NULL, NULL, 418, '2024-03-01 16:29:19', '2024-03-01 16:29:19', 1),
(41, '5', NULL, '2024-06-18', 'onsite', 418, '2024-06-25 13:46:38', '2024-06-25 13:46:38', 1),
(42, '5', NULL, NULL, NULL, 417, '2024-06-25 13:46:51', '2024-06-25 13:46:51', 1),
(43, '5', NULL, NULL, NULL, 416, '2024-06-25 13:47:00', '2024-06-25 13:47:00', 1),
(44, '5', NULL, NULL, NULL, 415, '2024-06-25 13:47:08', '2024-06-25 13:47:08', 1),
(45, '5', NULL, NULL, NULL, 143, '2024-06-25 13:47:18', '2024-06-25 13:47:18', 1),
(46, '5', NULL, NULL, NULL, 414, '2024-06-25 13:47:29', '2024-06-25 13:47:29', 1),
(47, '5', NULL, NULL, NULL, 144, '2024-06-25 13:47:37', '2024-06-25 13:47:37', 1),
(48, '5', NULL, NULL, NULL, 361, '2024-07-03 09:18:37', '2024-07-03 09:18:37', 1),
(49, '5', NULL, NULL, NULL, 360, '2024-07-03 09:18:46', '2024-07-03 09:18:46', 1),
(50, '5', NULL, NULL, NULL, 150, '2024-07-03 09:18:55', '2024-07-03 09:18:55', 1),
(51, '5', NULL, NULL, NULL, 147, '2024-07-03 09:19:10', '2024-07-03 09:19:10', 1),
(52, '5', NULL, NULL, NULL, 146, '2024-07-03 09:19:18', '2024-07-03 09:19:18', 1),
(53, '5', NULL, NULL, NULL, 145, '2024-07-03 09:19:27', '2024-07-03 09:19:27', 1),
(54, '5', NULL, NULL, NULL, 362, '2024-07-03 09:19:34', '2024-07-03 09:19:34', 1),
(55, '5', NULL, NULL, NULL, 363, '2024-07-03 09:19:41', '2024-07-03 09:19:41', 1),
(56, '5', NULL, NULL, NULL, 359, '2024-07-03 09:19:50', '2024-07-03 09:19:50', 1),
(57, '5', NULL, NULL, NULL, 356, '2024-07-03 09:19:58', '2024-07-03 09:19:58', 1),
(58, '5', NULL, NULL, NULL, 152, '2024-07-03 09:20:06', '2024-07-03 09:20:06', 1),
(59, '5', NULL, NULL, NULL, 149, '2024-07-03 09:20:17', '2024-07-03 09:20:17', 1),
(60, '5', NULL, NULL, NULL, 389, '2024-07-03 09:20:33', '2024-07-03 09:20:33', 1),
(61, '5', NULL, NULL, NULL, 148, '2024-07-03 09:20:43', '2024-07-03 09:20:43', 1),
(62, '5', NULL, NULL, NULL, 390, '2024-07-03 09:20:55', '2024-07-03 09:20:55', 1),
(63, '5', NULL, NULL, NULL, 391, '2024-07-03 09:21:20', '2024-07-03 09:21:20', 1),
(64, '5', NULL, NULL, NULL, 392, '2024-07-03 09:21:32', '2024-07-03 09:21:32', 1),
(65, '5', NULL, NULL, NULL, 393, '2024-07-03 09:21:45', '2024-07-03 09:21:45', 1),
(66, '5', NULL, NULL, NULL, 308, '2024-07-03 09:21:59', '2024-07-03 09:21:59', 1),
(67, '5', NULL, NULL, NULL, 307, '2024-07-03 09:22:24', '2024-07-03 09:22:24', 1),
(68, '5', NULL, NULL, NULL, 306, '2024-07-03 09:22:48', '2024-07-03 09:22:48', 1),
(69, '5', NULL, NULL, NULL, 305, '2024-07-03 09:23:31', '2024-07-03 09:23:31', 1),
(70, '5', NULL, NULL, NULL, 304, '2024-07-03 09:23:54', '2024-07-03 09:23:54', 1),
(71, '5', NULL, NULL, NULL, 303, '2024-07-03 09:24:17', '2024-07-03 09:24:17', 1),
(72, '5', NULL, NULL, NULL, 302, '2024-07-03 09:24:38', '2024-07-03 09:24:38', 1),
(73, '5', NULL, NULL, NULL, 301, '2024-07-03 09:25:01', '2024-07-03 09:25:01', 1),
(74, '5', NULL, NULL, NULL, 433, '2024-07-03 09:26:34', '2024-07-03 09:26:34', 1),
(75, '5', NULL, NULL, NULL, 260, '2024-07-03 09:27:14', '2024-07-03 09:27:14', 1),
(76, '5', NULL, NULL, NULL, 261, '2024-07-03 09:27:30', '2024-07-03 09:27:30', 1),
(77, '5', NULL, NULL, NULL, 262, '2024-07-03 09:27:45', '2024-07-03 09:27:45', 1),
(78, '5', NULL, NULL, NULL, 263, '2024-07-03 09:28:36', '2024-07-03 09:28:36', 1),
(79, '5', NULL, NULL, NULL, 264, '2024-07-03 09:29:19', '2024-07-03 09:29:19', 1),
(80, '5', NULL, NULL, NULL, 265, '2024-07-03 09:29:53', '2024-07-03 09:29:53', 1),
(81, '5', NULL, NULL, NULL, 266, '2024-07-03 09:30:30', '2024-07-03 09:30:30', 1),
(82, '5', NULL, NULL, NULL, 451, '2024-07-03 09:31:31', '2024-07-03 09:31:31', 1),
(83, '5', NULL, NULL, NULL, 449, '2024-07-03 09:31:42', '2024-07-03 09:31:42', 1),
(84, '5', NULL, NULL, NULL, 431, '2024-07-03 09:39:40', '2024-07-03 09:39:40', 1),
(85, '5', NULL, NULL, NULL, 114, '2024-07-03 09:40:00', '2024-07-03 09:40:00', 1),
(86, '5', NULL, NULL, NULL, 110, '2024-07-03 09:40:07', '2024-07-03 09:40:07', 1),
(87, '5', NULL, NULL, NULL, 115, '2024-07-03 09:40:15', '2024-07-03 09:40:15', 1),
(88, '5', NULL, NULL, NULL, 116, '2024-07-03 09:40:22', '2024-07-03 09:40:22', 1),
(89, '5', NULL, NULL, NULL, 117, '2024-07-03 09:40:30', '2024-07-03 09:40:30', 1),
(90, '5', NULL, NULL, NULL, 118, '2024-07-03 09:40:37', '2024-07-03 09:40:37', 1),
(91, '5', NULL, NULL, NULL, 119, '2024-07-03 09:40:50', '2024-07-03 09:40:50', 1),
(92, '5', NULL, NULL, NULL, 120, '2024-07-03 09:41:24', '2024-07-03 09:41:24', 1),
(93, '5', NULL, NULL, NULL, 121, '2024-07-03 09:41:34', '2024-07-03 09:41:34', 1),
(94, '5', NULL, NULL, NULL, 122, '2024-07-03 09:42:27', '2024-07-03 09:42:27', 1),
(95, '5', NULL, NULL, NULL, 123, '2024-07-03 09:43:05', '2024-07-03 09:43:05', 1),
(96, '5', NULL, NULL, NULL, 124, '2024-07-03 09:43:32', '2024-07-03 09:43:32', 1),
(97, '5', NULL, NULL, NULL, 125, '2024-07-03 09:44:02', '2024-07-03 09:44:02', 1),
(98, '5', NULL, NULL, NULL, 126, '2024-07-03 09:44:51', '2024-07-03 09:44:51', 1),
(99, '5', NULL, NULL, NULL, 128, '2024-07-03 09:45:16', '2024-07-03 09:45:16', 1),
(100, '5', NULL, NULL, NULL, 129, '2024-07-03 09:45:56', '2024-07-03 09:45:56', 1),
(101, '5', NULL, NULL, NULL, 130, '2024-07-03 09:46:19', '2024-07-03 09:46:19', 1),
(102, '5', NULL, NULL, NULL, 131, '2024-07-03 09:46:40', '2024-07-03 09:46:40', 1),
(103, '5', NULL, NULL, NULL, 132, '2024-07-03 09:47:24', '2024-07-03 09:47:24', 1),
(104, '5', NULL, NULL, NULL, 137, '2024-07-03 09:47:44', '2024-07-03 09:47:44', 1),
(105, '5', NULL, NULL, NULL, 138, '2024-07-03 09:48:02', '2024-07-03 09:48:02', 1),
(106, '5', NULL, NULL, NULL, 140, '2024-07-03 09:48:26', '2024-07-03 09:48:26', 1),
(107, '5', NULL, NULL, NULL, 139, '2024-07-03 09:48:39', '2024-07-03 09:48:39', 1),
(108, '5', NULL, NULL, NULL, 141, '2024-07-03 09:49:00', '2024-07-03 09:49:00', 1),
(109, '5', NULL, NULL, NULL, 142, '2024-07-03 09:49:19', '2024-07-03 09:49:19', 1),
(110, '5', NULL, NULL, NULL, 423, '2024-07-04 12:17:59', '2024-07-04 12:17:59', 1),
(111, '5', NULL, NULL, NULL, 424, '2024-07-04 12:18:06', '2024-07-04 12:18:06', 1),
(112, '5', NULL, NULL, NULL, 422, '2024-07-04 12:18:24', '2024-07-04 12:18:24', 1),
(113, '5', NULL, NULL, NULL, 385, '2024-07-04 12:18:31', '2024-07-04 12:18:31', 1),
(114, '5', NULL, NULL, NULL, 270, '2024-07-04 12:18:40', '2024-07-04 12:18:40', 1),
(115, '5', NULL, NULL, NULL, 271, '2024-07-04 12:18:47', '2024-07-04 12:18:47', 1),
(116, '5', NULL, '2024-07-04', 'onsite', 453, '2024-07-06 00:27:47', '2024-07-06 00:27:47', 1),
(117, '5', NULL, NULL, NULL, 26, '2024-07-13 11:40:49', '2024-07-13 11:40:49', 1),
(118, '5', NULL, NULL, NULL, 27, '2024-07-13 11:40:58', '2024-07-13 11:40:58', 1),
(119, '5', NULL, NULL, NULL, 28, '2024-07-13 11:41:07', '2024-07-13 11:41:07', 1),
(120, '5', NULL, NULL, NULL, 29, '2024-07-13 11:41:16', '2024-07-13 11:41:16', 1),
(121, '5', NULL, NULL, NULL, 30, '2024-07-13 11:41:24', '2024-07-13 11:41:24', 1),
(122, '4', 'I think it\'s 6A+', '2024-07-12', 'onsite', 199, '2024-07-22 22:18:43', '2024-07-22 22:18:43', 16),
(123, '5', NULL, '2025-02-02', 'redpoint', 78, '2025-02-04 01:17:37', '2025-02-04 01:18:11', 1),
(124, '5', NULL, NULL, NULL, 1, '2025-04-21 22:51:31', '2025-04-21 22:51:31', 1),
(125, '5', NULL, NULL, NULL, 371, '2025-05-05 15:53:46', '2025-05-05 15:53:46', 19),
(126, '5', NULL, '2025-11-28', 'onsite', 487, '2025-12-10 21:52:18', '2025-12-10 21:52:18', 1),
(127, '5', NULL, '2025-11-26', 'onsite', 488, '2025-12-10 21:53:12', '2025-12-10 21:53:12', 1),
(128, '5', NULL, '2025-11-26', 'onsite', 489, '2025-12-10 21:53:33', '2025-12-10 21:53:33', 1),
(129, '5', NULL, '2025-11-26', 'onsite', 490, '2025-12-10 21:54:25', '2025-12-10 21:54:25', 1),
(130, '5', 'First ascent of the route', '2026-06-21', 'redpoint', 411, '2026-06-21 17:36:56', '2026-06-21 17:36:56', 1);

-- --------------------------------------------------------

--
-- Table structure for table `spot_rocks_images`
--

CREATE TABLE `spot_rocks_images` (
  `id` bigint UNSIGNED NOT NULL,
  `title` varchar(191) CHARACTER SET utf8mb4 COLLATE utf8mb4_unicode_ci DEFAULT NULL,
  `image` varchar(191) CHARACTER SET utf8mb4 COLLATE utf8mb4_unicode_ci DEFAULT NULL,
  `num` int DEFAULT NULL,
  `article_id` bigint UNSIGNED NOT NULL,
  `created_at` timestamp NULL DEFAULT NULL,
  `updated_at` timestamp NULL DEFAULT NULL
) ENGINE=InnoDB DEFAULT CHARSET=utf8mb4 COLLATE=utf8mb4_unicode_ci;

--
-- Dumping data for table `spot_rocks_images`
--

INSERT INTO `spot_rocks_images` (`id`, `title`, `image`, `num`, `article_id`, `created_at`, `updated_at`) VALUES
(5, NULL, '2023-05-07-18-05-23-1683469583{71258}.webp', NULL, 1, '2023-05-07 18:26:23', '2023-05-07 18:26:23'),
(6, NULL, '2023-07-26-21-07-47-1690393307{879076}.webp', NULL, 18, '2023-07-26 21:41:47', '2023-07-26 21:41:47'),
(7, NULL, '2023-07-26-21-07-37-1690393897{618725}.webp', NULL, 12, '2023-07-26 21:51:38', '2023-07-26 21:51:38'),
(8, NULL, '2023-08-14-23-08-57-1692041097{584903}.webp', NULL, 17, '2023-08-14 23:24:58', '2023-08-14 23:24:58'),
(11, NULL, '2024-03-09-00-03-54-1709928234{682832}.webp', NULL, 8, '2024-03-09 00:03:55', '2024-03-09 00:03:55'),
(13, NULL, '2024-04-08-12-04-28-1712565268{80291}.webp', NULL, 6, '2024-04-08 12:34:28', '2024-04-08 12:34:28'),
(15, NULL, '2024-05-05-22-05-31-1714933591{120979}.webp', NULL, 15, '2024-05-05 22:26:31', '2024-05-05 22:26:31'),
(16, NULL, '2025-08-21-20-08-30-1755795330{526036}.webp', NULL, 16, '2025-08-21 20:55:30', '2025-08-21 20:55:30');

-- --------------------------------------------------------

--
-- Table structure for table `suport_local_bisneses`
--

CREATE TABLE `suport_local_bisneses` (
  `id` bigint UNSIGNED NOT NULL,
  `url_title` varchar(191) CHARACTER SET utf8mb4 COLLATE utf8mb4_unicode_ci NOT NULL,
  `for_article_category` varchar(191) COLLATE utf8mb4_unicode_ci DEFAULT NULL,
  `published` int DEFAULT NULL,
  `published_data` timestamp NULL DEFAULT NULL,
  `public_totaly` int DEFAULT NULL,
  `us_bisnes_id` bigint UNSIGNED NOT NULL,
  `ka_bisnes_id` bigint UNSIGNED NOT NULL,
  `created_at` timestamp NULL DEFAULT NULL,
  `updated_at` timestamp NULL DEFAULT NULL
) ENGINE=InnoDB DEFAULT CHARSET=utf8mb4 COLLATE=utf8mb4_unicode_ci;

--
-- Dumping data for table `suport_local_bisneses`
--

INSERT INTO `suport_local_bisneses` (`id`, `url_title`, `for_article_category`, `published`, `published_data`, `public_totaly`, `us_bisnes_id`, `ka_bisnes_id`, `created_at`, `updated_at`) VALUES
(3, 'sveri_adventure_camp', NULL, 1, NULL, 1, 21, 19, NULL, '2024-06-29 09:15:20'),
(4, 'katskhi_climbing_house', NULL, 1, NULL, 1, 24, 22, NULL, '2025-05-27 11:00:38'),
(5, 'rock_climbing_guiding', NULL, 1, NULL, 1, 26, 25, NULL, '2025-01-21 01:05:31'),
(6, 'restoration_climbing_shoes', NULL, 0, NULL, 1, 28, 27, NULL, NULL),
(7, 'your_ad_place', NULL, 0, NULL, 1, 30, 29, NULL, '2025-01-21 02:28:15'),
(8, 'building_climbing_walls', NULL, 1, NULL, 1, 34, 33, NULL, '2024-07-29 17:19:50'),
(9, 'ice_climbing_guiding', NULL, 1, NULL, 1, 36, 35, NULL, '2025-01-21 01:14:48'),
(10, 'mountain_ascent_guiding', NULL, 0, NULL, 0, 38, 37, NULL, NULL);

-- --------------------------------------------------------

--
-- Table structure for table `suport_local_bisnes_articles`
--

CREATE TABLE `suport_local_bisnes_articles` (
  `id` bigint UNSIGNED NOT NULL,
  `bisnes_id` bigint UNSIGNED NOT NULL,
  `article_id` bigint UNSIGNED NOT NULL,
  `created_at` timestamp NULL DEFAULT NULL,
  `updated_at` timestamp NULL DEFAULT NULL
) ENGINE=InnoDB DEFAULT CHARSET=utf8mb4 COLLATE=utf8mb4_unicode_ci;

--
-- Dumping data for table `suport_local_bisnes_articles`
--

INSERT INTO `suport_local_bisnes_articles` (`id`, `bisnes_id`, `article_id`, `created_at`, `updated_at`) VALUES
(1, 3, 1, '2024-04-06 23:10:45', '2024-04-06 23:10:45'),
(2, 4, 6, '2024-04-06 23:12:29', '2024-04-06 23:12:29'),
(3, 4, 16, '2024-04-06 23:12:29', '2024-04-06 23:12:29'),
(4, 5, 37, '2024-06-25 13:41:21', '2024-06-25 13:41:21'),
(5, 5, 36, '2024-06-25 13:41:21', '2024-06-25 13:41:21'),
(6, 5, 1, '2024-06-25 13:41:21', '2024-06-25 13:41:21'),
(8, 5, 6, '2024-06-25 13:41:21', '2024-06-25 13:41:21'),
(9, 5, 7, '2024-06-25 13:41:21', '2024-06-25 13:41:21'),
(10, 5, 8, '2024-06-25 13:41:21', '2024-06-25 13:41:21'),
(11, 5, 12, '2024-06-25 13:41:21', '2024-06-25 13:41:21'),
(12, 5, 14, '2024-06-25 13:41:21', '2024-06-25 13:41:21'),
(13, 5, 15, '2024-06-25 13:41:21', '2024-06-25 13:41:21'),
(14, 5, 16, '2024-06-25 13:41:21', '2024-06-25 13:41:21'),
(15, 5, 17, '2024-06-25 13:41:21', '2024-06-25 13:41:21'),
(16, 5, 18, '2024-06-25 13:41:21', '2024-06-25 13:41:21'),
(17, 5, 26, '2024-06-25 13:41:21', '2024-06-25 13:41:21'),
(20, 6, 20, '2024-06-30 18:36:15', '2024-06-30 18:36:15'),
(21, 6, 21, '2024-06-30 18:36:15', '2024-06-30 18:36:15'),
(22, 7, 21, '2024-07-27 16:59:09', '2024-07-27 16:59:09'),
(23, 7, 20, '2024-07-27 16:59:09', '2024-07-27 16:59:09'),
(24, 7, 19, '2024-07-27 16:59:09', '2024-07-27 16:59:09'),
(25, 7, 13, '2024-07-28 14:54:27', '2024-07-28 14:54:27'),
(26, 7, 36, '2024-07-28 14:57:58', '2024-07-28 14:57:58'),
(27, 7, 18, '2024-07-28 14:57:58', '2024-07-28 14:57:58'),
(28, 7, 17, '2024-07-28 14:57:58', '2024-07-28 14:57:58'),
(29, 7, 15, '2024-07-28 14:57:58', '2024-07-28 14:57:58'),
(30, 7, 14, '2024-07-28 14:57:58', '2024-07-28 14:57:58'),
(31, 7, 11, '2024-07-28 14:57:58', '2024-07-28 14:57:58'),
(32, 7, 10, '2024-07-28 14:57:58', '2024-07-28 14:57:58'),
(33, 7, 9, '2024-07-28 14:57:58', '2024-07-28 14:57:58'),
(34, 7, 7, '2024-07-28 14:57:58', '2024-07-28 14:57:58'),
(35, 7, 23, '2024-07-28 14:57:58', '2024-07-28 14:57:58'),
(36, 7, 22, '2024-07-28 14:57:58', '2024-07-28 14:57:58'),
(37, 7, 66, '2024-07-28 14:57:58', '2024-07-28 14:57:58'),
(38, 7, 65, '2024-07-28 14:57:58', '2024-07-28 14:57:58'),
(39, 3, 69, '2024-07-28 15:00:43', '2024-07-28 15:00:43'),
(40, 7, 6, '2024-07-28 17:08:07', '2024-07-28 17:08:07'),
(41, 7, 26, '2024-07-28 17:08:08', '2024-07-28 17:08:08'),
(42, 8, 20, '2024-07-29 01:40:26', '2024-07-29 01:40:26'),
(43, 8, 21, '2024-07-29 01:40:26', '2024-07-29 01:40:26'),
(44, 8, 19, '2024-07-29 01:40:26', '2024-07-29 01:40:26'),
(45, 7, 45, '2024-07-29 17:23:59', '2024-07-29 17:23:59'),
(46, 7, 47, '2024-07-29 17:23:59', '2024-07-29 17:23:59'),
(47, 7, 47, '2024-07-29 17:23:59', '2024-07-29 17:23:59'),
(52, 5, 25, '2024-07-29 17:27:24', '2024-07-29 17:27:24'),
(53, 5, 30, '2024-07-29 17:27:24', '2024-07-29 17:27:24'),
(54, 5, 32, '2024-07-29 17:27:24', '2024-07-29 17:27:24'),
(55, 5, 29, '2024-07-29 17:27:24', '2024-07-29 17:27:24'),
(56, 7, 32, '2024-07-29 17:34:02', '2024-07-29 17:34:02'),
(57, 7, 24, '2024-07-29 17:34:02', '2024-07-29 17:34:02'),
(59, 7, 34, '2024-07-29 17:34:02', '2024-07-29 17:34:02'),
(60, 7, 31, '2024-07-29 17:34:02', '2024-07-29 17:34:02'),
(61, 7, 30, '2024-07-29 17:34:02', '2024-07-29 17:34:02'),
(62, 7, 33, '2024-07-29 17:34:02', '2024-07-29 17:34:02'),
(63, 7, 32, '2024-07-29 17:34:02', '2024-07-29 17:34:02'),
(64, 7, 78, '2024-12-19 19:28:33', '2024-12-19 19:28:33'),
(65, 7, 29, '2024-12-19 19:28:33', '2024-12-19 19:28:33'),
(66, 7, 25, '2024-12-19 19:28:33', '2024-12-19 19:28:33'),
(67, 7, 32, '2024-12-19 19:28:33', '2024-12-19 19:28:33'),
(68, 5, 33, '2024-12-19 19:30:09', '2024-12-19 19:30:09'),
(69, 5, 78, '2024-12-19 19:30:09', '2024-12-19 19:30:09'),
(70, 5, 29, '2024-12-19 19:30:09', '2024-12-19 19:30:09'),
(71, 5, 32, '2024-12-19 19:30:09', '2024-12-19 19:30:09'),
(72, 7, 63, '2024-12-19 19:32:21', '2024-12-19 19:32:21'),
(73, 5, 63, '2024-12-19 19:33:08', '2024-12-19 19:33:08'),
(74, 5, 34, '2024-12-19 19:33:08', '2024-12-19 19:33:08'),
(75, 9, 92, '2025-01-21 01:01:57', '2025-01-21 01:01:57'),
(76, 9, 91, '2025-01-21 01:01:57', '2025-01-21 01:01:57'),
(77, 9, 23, '2025-01-21 01:01:57', '2025-01-21 01:01:57'),
(78, 9, 65, '2025-01-21 01:01:57', '2025-01-21 01:01:57'),
(79, 9, 66, '2025-01-21 01:01:57', '2025-01-21 01:01:57'),
(80, 9, 22, '2025-01-21 02:27:03', '2025-01-21 02:27:03');

-- --------------------------------------------------------

--
-- Table structure for table `suport_local_bisnes_images`
--

CREATE TABLE `suport_local_bisnes_images` (
  `id` bigint UNSIGNED NOT NULL,
  `image` varchar(191) CHARACTER SET utf8mb4 COLLATE utf8mb4_unicode_ci DEFAULT NULL,
  `bisnes_id` bigint UNSIGNED NOT NULL,
  `created_at` timestamp NULL DEFAULT NULL,
  `updated_at` timestamp NULL DEFAULT NULL
) ENGINE=InnoDB DEFAULT CHARSET=utf8mb4 COLLATE=utf8mb4_unicode_ci;

--
-- Dumping data for table `suport_local_bisnes_images`
--

INSERT INTO `suport_local_bisnes_images` (`id`, `image`, `bisnes_id`, `created_at`, `updated_at`) VALUES
(7, '2024-04-06-23-04-45-1712430645{109692}.webp', 3, '2024-04-06 23:10:45', '2024-04-06 23:10:45'),
(8, '2024-04-06-23-04-45-1712430645{114535}.webp', 3, '2024-04-06 23:10:45', '2024-04-06 23:10:45'),
(9, '2024-04-06-23-04-45-1712430645{391012}.webp', 3, '2024-04-06 23:10:45', '2024-04-06 23:10:45'),
(10, '2024-04-06-23-04-45-1712430645{820133}.webp', 3, '2024-04-06 23:10:45', '2024-04-06 23:10:45'),
(12, '2024-06-29-09-06-59-1719637859{865191}.webp', 5, '2024-06-29 09:11:00', '2024-06-29 09:11:00'),
(13, '2024-06-29-09-06-00-1719637860{994847}.webp', 5, '2024-06-29 09:11:00', '2024-06-29 09:11:00'),
(14, '2024-06-30-17-06-23-1719753983{696401}.webp', 5, '2024-06-30 17:26:23', '2024-06-30 17:26:23'),
(15, '2024-06-30-17-06-23-1719753983{379950}.webp', 5, '2024-06-30 17:26:23', '2024-06-30 17:26:23'),
(16, '2024-06-30-17-06-23-1719753983{349650}.webp', 5, '2024-06-30 17:26:23', '2024-06-30 17:26:23'),
(17, '2024-06-30-17-06-23-1719753983{478293}.webp', 5, '2024-06-30 17:26:23', '2024-06-30 17:26:23'),
(18, '2024-06-30-18-06-15-1719758175{95868}.webp', 6, '2024-06-30 18:36:15', '2024-06-30 18:36:15'),
(20, '2024-07-27-17-07-21-1722085821{744163}.webp', 7, '2024-07-27 17:10:21', '2024-07-27 17:10:21'),
(21, '2024-07-29-17-07-50-1722259190{474976}.webp', 8, '2024-07-29 17:19:50', '2024-07-29 17:19:50'),
(22, '2024-07-29-17-07-50-1722259190{293125}.webp', 8, '2024-07-29 17:19:50', '2024-07-29 17:19:50'),
(23, '2025-01-21-01-01-22-1737407242{266185}.webp', 9, '2025-01-21 01:07:23', '2025-01-21 01:07:23'),
(24, '2025-01-21-01-01-23-1737407243{654699}.webp', 9, '2025-01-21 01:07:23', '2025-01-21 01:07:23'),
(25, '2025-01-21-01-01-23-1737407243{76967}.webp', 9, '2025-01-21 01:07:23', '2025-01-21 01:07:23'),
(26, '2025-01-21-01-01-23-1737407243{648768}.webp', 9, '2025-01-21 01:07:23', '2025-01-21 01:07:23'),
(27, '2025-01-21-01-01-23-1737407243{869809}.webp', 9, '2025-01-21 01:07:23', '2025-01-21 01:07:23'),
(28, '2025-01-21-01-01-23-1737407243{49733}.webp', 9, '2025-01-21 01:07:23', '2025-01-21 01:07:23'),
(29, '2025-05-27-11-05-38-1748329238{820146}.webp', 4, '2025-05-27 11:00:38', '2025-05-27 11:00:38'),
(30, '2025-05-27-11-05-38-1748329238{42733}.webp', 4, '2025-05-27 11:00:39', '2025-05-27 11:00:39'),
(31, '2025-05-27-11-05-39-1748329239{616361}.webp', 4, '2025-05-27 11:00:39', '2025-05-27 11:00:39'),
(32, '2025-05-27-11-05-39-1748329239{477072}.webp', 4, '2025-05-27 11:00:39', '2025-05-27 11:00:39');

-- --------------------------------------------------------

--
-- Table structure for table `tasks`
--

CREATE TABLE `tasks` (
  `id` bigint UNSIGNED NOT NULL,
  `title` varchar(191) CHARACTER SET utf8mb4 COLLATE utf8mb4_unicode_ci DEFAULT NULL,
  `text` text CHARACTER SET utf8mb4 COLLATE utf8mb4_unicode_ci,
  `status` varchar(191) CHARACTER SET utf8mb4 COLLATE utf8mb4_unicode_ci DEFAULT NULL,
  `deadline` timestamp NULL DEFAULT NULL,
  `worker_comment` text CHARACTER SET utf8mb4 COLLATE utf8mb4_unicode_ci,
  `created_at` timestamp NULL DEFAULT NULL,
  `updated_at` timestamp NULL DEFAULT NULL,
  `from_user_id` bigint UNSIGNED NOT NULL,
  `for_user_id` bigint UNSIGNED NOT NULL,
  `global_category` varchar(191) COLLATE utf8mb4_unicode_ci DEFAULT NULL,
  `category` varchar(191) COLLATE utf8mb4_unicode_ci DEFAULT NULL
) ENGINE=InnoDB DEFAULT CHARSET=utf8mb4 COLLATE=utf8mb4_unicode_ci;

-- --------------------------------------------------------

--
-- Table structure for table `tours`
--

CREATE TABLE `tours` (
  `id` bigint UNSIGNED NOT NULL,
  `published` int DEFAULT NULL,
  `url_title` varchar(191) CHARACTER SET utf8mb4 COLLATE utf8mb4_unicode_ci DEFAULT NULL,
  `min_price` varchar(191) CHARACTER SET utf8mb4 COLLATE utf8mb4_unicode_ci DEFAULT NULL,
  `category_id` bigint UNSIGNED NOT NULL,
  `us_tour_id` bigint UNSIGNED NOT NULL,
  `ka_tour_id` bigint UNSIGNED NOT NULL,
  `created_at` timestamp NULL DEFAULT NULL,
  `updated_at` timestamp NULL DEFAULT NULL
) ENGINE=InnoDB DEFAULT CHARSET=utf8mb4 COLLATE=utf8mb4_unicode_ci;

--
-- Dumping data for table `tours`
--

INSERT INTO `tours` (`id`, `published`, `url_title`, `min_price`, `category_id`, `us_tour_id`, `ka_tour_id`, `created_at`, `updated_at`) VALUES
(1, 1, 'chiatura_climbing_toure', '100', 1, 18, 16, NULL, '2024-04-25 15:43:49'),
(2, 1, 'kazbegi_rock_climbing_tour', '100$', 1, 21, 19, NULL, '2024-04-25 16:36:38'),
(3, 1, 'borjomi_rock_climbing_tour', '', 1, 24, 22, NULL, '2025-12-14 17:18:03'),
(7, 0, 'one_day_climbing_in_tbilisi', '100$', 1, 32, 31, NULL, NULL),
(8, 1, 'ice_climbing_tour_georgia', '550$', 4, 34, 33, NULL, '2025-12-14 17:15:29'),
(9, 1, 'ice_climbing_tour_in_biisi_ateni', '250$', 4, 36, 35, NULL, '2024-12-26 04:32:36'),
(10, 0, 'chaukhi_mountain_climbing_tour', '400$', 3, 38, 37, NULL, NULL),
(11, 0, 'ascent_on_mount_kazbegi', '', 3, 40, 39, NULL, NULL),
(12, 1, 'ice_climbing_tour_in_gveleti', '200 $', 4, 42, 41, NULL, '2025-01-05 17:08:15'),
(13, 0, 'via_ferrata_tour_in_georgia', '', 5, 62, 61, NULL, NULL),
(14, 0, 'test', NULL, 2, 64, 63, NULL, NULL),
(15, 2, 'myinvartsveri_ascent_toure', '900', 3, 66, 65, NULL, NULL);

-- --------------------------------------------------------

--
-- Table structure for table `tour_categories`
--

CREATE TABLE `tour_categories` (
  `id` bigint UNSIGNED NOT NULL,
  `us_name` varchar(191) CHARACTER SET utf8mb4 COLLATE utf8mb4_unicode_ci DEFAULT NULL,
  `ka_name` varchar(191) CHARACTER SET utf8mb4 COLLATE utf8mb4_unicode_ci DEFAULT NULL,
  `created_at` timestamp NULL DEFAULT NULL,
  `updated_at` timestamp NULL DEFAULT NULL
) ENGINE=InnoDB DEFAULT CHARSET=utf8mb4 COLLATE=utf8mb4_unicode_ci;

--
-- Dumping data for table `tour_categories`
--

INSERT INTO `tour_categories` (`id`, `us_name`, `ka_name`, `created_at`, `updated_at`) VALUES
(1, 'Rock Climbing', 'კლდეზე ცოცვა', '2024-04-07 00:23:01', '2024-04-25 14:54:02'),
(2, 'Trecking', 'საფეხმავლო ტური', '2024-04-07 00:23:25', '2024-04-07 00:23:25'),
(3, 'Mountain Climbing', 'ალპინისტური ტური', '2024-04-07 00:24:03', '2024-04-25 14:54:08'),
(4, 'Ice Climbing', 'ყინულზე ცოცვა', '2024-04-25 14:53:41', '2024-04-25 14:53:41'),
(5, 'Via ferrata', 'ვია ფერატა', '2025-01-05 18:05:53', '2025-01-05 18:05:53');

-- --------------------------------------------------------

--
-- Table structure for table `tour_images`
--

CREATE TABLE `tour_images` (
  `id` bigint UNSIGNED NOT NULL,
  `title` varchar(191) CHARACTER SET utf8mb4 COLLATE utf8mb4_unicode_ci DEFAULT NULL,
  `image` varchar(191) CHARACTER SET utf8mb4 COLLATE utf8mb4_unicode_ci DEFAULT NULL,
  `tour_id` bigint UNSIGNED NOT NULL,
  `created_at` timestamp NULL DEFAULT NULL,
  `updated_at` timestamp NULL DEFAULT NULL
) ENGINE=InnoDB DEFAULT CHARSET=utf8mb4 COLLATE=utf8mb4_unicode_ci;

--
-- Dumping data for table `tour_images`
--

INSERT INTO `tour_images` (`id`, `title`, `image`, `tour_id`, `created_at`, `updated_at`) VALUES
(9, NULL, '2024-04-25-16-04-19-1714047259{429025}.webp', 1, '2024-04-25 16:14:19', '2024-04-25 16:14:19'),
(10, NULL, '2024-04-25-16-04-20-1714047260{106641}.webp', 1, '2024-04-25 16:14:20', '2024-04-25 16:14:20'),
(11, NULL, '2024-04-25-16-04-20-1714047260{160549}.webp', 1, '2024-04-25 16:14:20', '2024-04-25 16:14:20'),
(12, NULL, '2024-04-25-16-04-20-1714047260{143901}.webp', 1, '2024-04-25 16:14:20', '2024-04-25 16:14:20'),
(14, NULL, '2024-04-25-16-04-20-1714047740{407704}.webp', 2, '2024-04-25 16:22:21', '2024-04-25 16:22:21'),
(15, NULL, '2024-04-25-16-04-21-1714047741{953915}.webp', 2, '2024-04-25 16:22:21', '2024-04-25 16:22:21'),
(16, NULL, '2024-04-25-16-04-38-1714048598{242202}.webp', 2, '2024-04-25 16:36:39', '2024-04-25 16:36:39'),
(20, NULL, '2024-12-26-04-12-36-1735173156{629317}.webp', 9, '2024-12-26 04:32:36', '2024-12-26 04:32:36'),
(21, NULL, '2024-12-26-04-12-36-1735173156{96116}.webp', 9, '2024-12-26 04:32:36', '2024-12-26 04:32:36'),
(23, NULL, '2024-12-26-04-12-37-1735173157{897691}.webp', 9, '2024-12-26 04:32:37', '2024-12-26 04:32:37'),
(24, NULL, '2024-12-26-04-12-39-1735173219{72364}.webp', 9, '2024-12-26 04:33:39', '2024-12-26 04:33:39'),
(25, NULL, '2024-12-26-04-12-01-1735173361{14093}.webp', 8, '2024-12-26 04:36:01', '2024-12-26 04:36:01'),
(26, NULL, '2024-12-26-04-12-01-1735173361{873655}.webp', 8, '2024-12-26 04:36:02', '2024-12-26 04:36:02'),
(27, NULL, '2024-12-26-04-12-02-1735173362{955509}.webp', 8, '2024-12-26 04:36:02', '2024-12-26 04:36:02'),
(28, NULL, '2024-12-26-04-12-02-1735173362{500394}.webp', 8, '2024-12-26 04:36:02', '2024-12-26 04:36:02'),
(29, NULL, '2024-12-30-18-12-59-1735569479{312548}.webp', 12, '2024-12-30 18:37:59', '2024-12-30 18:37:59'),
(30, NULL, '2024-12-30-18-12-59-1735569479{509281}.webp', 12, '2024-12-30 18:37:59', '2024-12-30 18:37:59'),
(31, NULL, '2024-12-30-18-12-59-1735569479{529989}.webp', 12, '2024-12-30 18:37:59', '2024-12-30 18:37:59'),
(32, NULL, '2024-12-30-18-12-59-1735569479{886701}.webp', 12, '2024-12-30 18:37:59', '2024-12-30 18:37:59'),
(33, NULL, '2024-12-30-18-12-00-1735569480{819432}.webp', 12, '2024-12-30 18:38:00', '2024-12-30 18:38:00'),
(34, NULL, '2024-12-30-18-12-00-1735569480{707264}.webp', 12, '2024-12-30 18:38:00', '2024-12-30 18:38:00'),
(35, NULL, '2024-12-30-18-12-00-1735569480{103094}.webp', 12, '2024-12-30 18:38:00', '2024-12-30 18:38:00');

-- --------------------------------------------------------

--
-- Table structure for table `tour_reservations`
--

CREATE TABLE `tour_reservations` (
  `id` bigint UNSIGNED NOT NULL,
  `check_in` varchar(191) CHARACTER SET utf8mb4 COLLATE utf8mb4_unicode_ci DEFAULT NULL,
  `persons` int DEFAULT NULL,
  `name` varchar(191) CHARACTER SET utf8mb4 COLLATE utf8mb4_unicode_ci DEFAULT NULL,
  `email` varchar(191) CHARACTER SET utf8mb4 COLLATE utf8mb4_unicode_ci DEFAULT NULL,
  `phone` varchar(191) CHARACTER SET utf8mb4 COLLATE utf8mb4_unicode_ci DEFAULT NULL,
  `country` varchar(191) CHARACTER SET utf8mb4 COLLATE utf8mb4_unicode_ci DEFAULT NULL,
  `city` varchar(191) CHARACTER SET utf8mb4 COLLATE utf8mb4_unicode_ci DEFAULT NULL,
  `text` varchar(191) CHARACTER SET utf8mb4 COLLATE utf8mb4_unicode_ci DEFAULT NULL,
  `confirm` int DEFAULT NULL,
  `tour_id` bigint UNSIGNED NOT NULL,
  `verificate` int DEFAULT NULL,
  `created_at` timestamp NULL DEFAULT NULL,
  `updated_at` timestamp NULL DEFAULT NULL
) ENGINE=InnoDB DEFAULT CHARSET=utf8mb4 COLLATE=utf8mb4_unicode_ci;

--
-- Dumping data for table `tour_reservations`
--

INSERT INTO `tour_reservations` (`id`, `check_in`, `persons`, `name`, `email`, `phone`, `country`, `city`, `text`, `confirm`, `tour_id`, `verificate`, `created_at`, `updated_at`) VALUES
(4, NULL, NULL, NULL, NULL, NULL, NULL, NULL, NULL, NULL, 12, NULL, NULL, NULL),
(5, NULL, NULL, NULL, NULL, NULL, NULL, NULL, NULL, NULL, 12, NULL, NULL, NULL),
(6, NULL, NULL, NULL, NULL, NULL, NULL, NULL, NULL, NULL, 1, NULL, NULL, NULL),
(7, NULL, NULL, NULL, NULL, NULL, NULL, NULL, NULL, NULL, 1, NULL, NULL, NULL),
(8, NULL, NULL, NULL, NULL, NULL, NULL, NULL, NULL, NULL, 1, NULL, NULL, NULL),
(9, NULL, NULL, NULL, NULL, NULL, NULL, NULL, NULL, NULL, 12, NULL, NULL, NULL),
(10, NULL, NULL, NULL, NULL, NULL, NULL, NULL, NULL, NULL, 12, NULL, NULL, NULL),
(11, NULL, NULL, NULL, NULL, NULL, NULL, NULL, NULL, NULL, 12, NULL, NULL, NULL),
(13, NULL, NULL, NULL, NULL, NULL, NULL, NULL, NULL, NULL, 12, NULL, NULL, NULL),
(14, NULL, NULL, NULL, NULL, NULL, NULL, NULL, NULL, NULL, 12, NULL, NULL, NULL),
(15, NULL, NULL, NULL, NULL, NULL, NULL, NULL, NULL, NULL, 12, NULL, NULL, NULL),
(16, NULL, NULL, NULL, NULL, NULL, NULL, NULL, NULL, NULL, 2, NULL, NULL, NULL),
(17, NULL, NULL, NULL, NULL, NULL, NULL, NULL, NULL, NULL, 2, NULL, NULL, NULL),
(19, NULL, NULL, NULL, NULL, NULL, NULL, NULL, NULL, NULL, 1, NULL, NULL, NULL),
(21, '2026-01-28T17:45', 1, 'Temo Samsonadze', 'samsonadze.temo9@gmail.com', '598457048', 'Georgia', 'Tbilisi', 'Test', NULL, 9, 1, NULL, NULL),
(22, '2026-06-20T10:00', 1, 'Matthieu Desmons', '675756@gmail.com', '+61409928627', 'Australia', 'Sydney', 'Hi, I\'d like to climb with a guide in Kazbegi, but only for 2 days, is this possible?\nI\'m experienced and climb around grade 19/20 in Australia (US 5.10d, France 6b).\nThanks!', NULL, 2, NULL, NULL, NULL),
(23, '2026-06-20T10:00', 1, 'Matthieu Desmons', '675756@gmail.com', '+61409928627', 'Australia', 'Sydney', 'Hi, I\'d like to climb with a guide in Kazbegi, but only for 2 days, is this possible?\nI\'m experienced and climb around grade 19/20 in Australia (US 5.10d, France 6b).\nThanks!', NULL, 2, NULL, NULL, NULL);

-- --------------------------------------------------------

--
-- Table structure for table `tour_reservations_users`
--

CREATE TABLE `tour_reservations_users` (
  `id` bigint UNSIGNED NOT NULL,
  `reservation_id` bigint UNSIGNED NOT NULL,
  `user_id` bigint UNSIGNED NOT NULL,
  `created_at` timestamp NULL DEFAULT NULL,
  `updated_at` timestamp NULL DEFAULT NULL
) ENGINE=InnoDB DEFAULT CHARSET=utf8mb4 COLLATE=utf8mb4_unicode_ci;

--
-- Dumping data for table `tour_reservations_users`
--

INSERT INTO `tour_reservations_users` (`id`, `reservation_id`, `user_id`, `created_at`, `updated_at`) VALUES
(3, 21, 1, '2026-01-19 17:45:17', '2026-01-19 17:45:17');

-- --------------------------------------------------------

--
-- Table structure for table `users`
--

CREATE TABLE `users` (
  `id` bigint UNSIGNED NOT NULL,
  `name` varchar(191) CHARACTER SET utf8mb4 COLLATE utf8mb4_unicode_ci DEFAULT NULL,
  `surname` varchar(191) CHARACTER SET utf8mb4 COLLATE utf8mb4_unicode_ci DEFAULT NULL,
  `country` varchar(191) CHARACTER SET utf8mb4 COLLATE utf8mb4_unicode_ci DEFAULT NULL,
  `city` varchar(191) CHARACTER SET utf8mb4 COLLATE utf8mb4_unicode_ci DEFAULT NULL,
  `phone_number` varchar(191) CHARACTER SET utf8mb4 COLLATE utf8mb4_unicode_ci DEFAULT NULL,
  `image` varchar(191) CHARACTER SET utf8mb4 COLLATE utf8mb4_unicode_ci DEFAULT NULL,
  `lang` varchar(191) CHARACTER SET utf8mb4 COLLATE utf8mb4_unicode_ci DEFAULT NULL,
  `grade` varchar(191) CHARACTER SET utf8mb4 COLLATE utf8mb4_unicode_ci DEFAULT NULL,
  `is_team_member` int DEFAULT NULL,
  `member_status` varchar(191) COLLATE utf8mb4_unicode_ci DEFAULT NULL,
  `email` varchar(191) CHARACTER SET utf8mb4 COLLATE utf8mb4_unicode_ci NOT NULL,
  `email_verified_at` timestamp NULL DEFAULT NULL,
  `password` varchar(191) CHARACTER SET utf8mb4 COLLATE utf8mb4_unicode_ci NOT NULL,
  `remember_token` varchar(100) CHARACTER SET utf8mb4 COLLATE utf8mb4_unicode_ci DEFAULT NULL,
  `created_at` timestamp NULL DEFAULT NULL,
  `updated_at` timestamp NULL DEFAULT NULL
) ENGINE=InnoDB DEFAULT CHARSET=utf8mb4 COLLATE=utf8mb4_unicode_ci;

--
-- Dumping data for table `users`
--

INSERT INTO `users` (`id`, `name`, `surname`, `country`, `city`, `phone_number`, `image`, `lang`, `grade`, `is_team_member`, `member_status`, `email`, `email_verified_at`, `password`, `remember_token`, `created_at`, `updated_at`) VALUES
(1, 'Temo', 'Samsonadze', 'Georgia', 'Tbilisi', '598457048', '2024-04-10-00-04-39-1712693859{620159}.webp', NULL, NULL, 1, 'Owner, Rock Climber, Routs Seter, Software developer', 'samsonadze.temo9@gmail.com', '2024-04-05 00:10:45', '$2y$10$u3Smfb3RSNmo0fi8/Uk03OsNpCibGXt4W4qqxS1VxuOQmuCecbPni', 'kKrN0mU8K4aKY1tC94r3erHRcdWlYTdYqs4OGwJaCe7owiKTFly4FXvaYJwO', '2023-04-11 23:15:01', '2025-09-25 23:27:49'),
(3, 'Manana', 'Samsonidze', 'Georgia', 'Tbilisi', '599133397', NULL, NULL, NULL, NULL, NULL, 'samsonidzemanana@gmail.com', NULL, '$2y$10$r5fwqHRCYgnHuc/UaSmu..a/FvfGsumap2FMVkQ1tQsxWUnE5e2uO', 'GbhNNxU8h4aLBEKDItKwd6MKmN5ixKLTND96EHdWYpNV1Bl8xKdezaqrV8Fc', '2023-05-25 02:06:42', '2023-05-25 02:06:42'),
(7, 'Keti', 'Samsonadze', 'Georgia', 'Tbilisi', NULL, NULL, NULL, NULL, NULL, NULL, 'kettigress@gmail.com', '2024-05-03 16:54:34', '$2y$10$VbnJ5SqIIZAAk.GNAbCr6OCPp15bEkG6QHx3/kk0UbfZ6SN3ndWnq', NULL, '2023-06-19 18:35:08', '2023-06-19 18:35:08'),
(8, 'guga', 'Sikharulidze', 'Austria', 'Vienna', '+436609192030', NULL, NULL, NULL, NULL, NULL, 'sikharulidze.gugaa@gmail.com', '2024-05-03 00:00:00', '$2y$10$ZGs8YkAwk45OZioQqnX7Me4gL1jxJem9x7sqWdOrX5AZGrUKXDQHG', NULL, '2023-08-03 20:39:20', '2023-08-03 20:39:20'),
(10, 'Aleksandre', 'Lipartiani', 'Georgia', 'Tbilisi', '599384141', NULL, NULL, NULL, NULL, NULL, 'sandrolipartiani@gmail.com', '2024-05-03 00:00:00', '$2y$10$tzmgNBWBSlGo4w6dnLMizuefnSFUtOVmOsmP7sCB7b7l7Vy8G0cOO', NULL, '2023-11-30 09:11:13', '2023-11-30 09:11:13'),
(11, 'climbing', 'ge', 'Georgia', 'tbilisi', '598457048', NULL, NULL, NULL, NULL, NULL, 'info@climbing.ge', '2024-05-03 16:55:43', '$2y$10$yRO/Ana2OaqmVU8K1WRciONvFM.ZBn1w0ZH.ruSWwioYkWkX5HvFy', NULL, '2024-02-22 01:13:47', '2024-02-22 01:17:10'),
(12, 'Pavel', 'Vavilov', 'Georgia', 'Batumi', '511187439', NULL, NULL, NULL, NULL, NULL, 'vavilovp@gmail.com', '2024-04-25 20:37:40', '$2y$10$PEwyNa9WcrFxOwrSH4kQVe3gsiRsDdqfdljY02/CcNVjVj2Vfyrx.', NULL, '2024-04-25 20:37:02', '2024-04-25 20:37:40'),
(13, 'გიორგი', 'გუდაძე', 'georgia', 'tbilisi', '557630852', NULL, NULL, NULL, NULL, NULL, 'giorgi_gudadze@icloud.com', '2024-05-03 17:01:22', '$2y$10$lxxStzqDyZV/uznM1IhOOenaZcOJEC9NI16Ogb6pL5hHLvmMppDSG', NULL, '2024-05-03 16:51:01', '2024-05-03 17:01:22'),
(14, 'Davit', 'Ratiani', 'Sakartvelo', 'Tbilisi', '599149946', NULL, NULL, NULL, NULL, NULL, 'ratianidavit31@gmail.com', '2024-05-05 22:45:16', '$2y$10$m1YtTG1Kq04tGpetGO.xNe.MS0zsSCH0W9h5d3814oSV.GbjgHVQ.', 'QJ9XfdwEctWbSiCQSc9QCfaE1x4aNCQYhXsdzyAdeHjVj0DBCFc0KF1EZyiQ', '2024-05-05 22:44:39', '2024-05-05 22:45:16'),
(15, 'Orxan', 'Rzaev', 'Azerbaijan', 'Baku', '+995 599 07 46 76', NULL, NULL, NULL, NULL, NULL, 'orxanise@gmail.com', NULL, '$2y$10$NnAaGtrRLKEzFfUIAtLEM.MY97rEpVm6Gc7cbuJZwrS/Kwsx/TSWW', NULL, '2024-07-21 12:00:01', '2024-07-21 12:00:01'),
(16, 'Mishkaa', 'Weretteli', 'Georgia', 'Tbilisi', '591922738', NULL, NULL, NULL, NULL, NULL, 'shakhbazianimikheil@gmail.com', '2024-07-22 22:00:47', '$2y$10$1n7LBS.rQTs/lRgbm5hhsOFgVixGgwcfyWxqPx5ahlZTJvLAnC/q2', NULL, '2024-07-22 21:57:27', '2024-07-22 22:00:47'),
(17, 'Mikhail', 'Apanovich', 'Belarus', 'Brest', '+375336064137', NULL, NULL, NULL, NULL, NULL, 'opanovichmv@gmail.com', '2024-10-06 11:43:03', '$2y$10$Cgx0JGXAbc68AN1MpYsEa.MSMplzeLSjrUNX2aN78pu29ceya4IVe', '7AJrjJmnppp99eqA9nTWfhkFYceEG8pW1OS2V4BfIRXFehO8IRdjFrhVpSil', '2024-10-06 11:42:47', '2024-10-06 11:43:03'),
(18, 'Misha', 'Peradze', 'Georgia', 'Tbilisi', '555560175', NULL, NULL, NULL, NULL, NULL, 'mish.peradze@gmail.com', NULL, '$2y$10$KQdTFj.wTs4nxwqNEyz.8.3JpIFIE3YI.t8UYAvokBP81P8ZHX0eO', NULL, '2025-04-16 22:55:23', '2025-04-16 22:55:23'),
(19, 'SOPIO', 'TCHELIDZE', 'Georgia', 'Tbilisi', '557544080', NULL, NULL, NULL, NULL, NULL, 'sofachelidze@gmail.com', '2025-05-16 00:21:28', '$2y$10$Ye1DvG0eG.NGqMuGA2QQAOxy0IbocaysKwdpROztVSNTLNCvq63AW', 'QWqPNH4xvOHV4KWMKrzjX5PhtUlIT1AEJQAMpW2zjCsdqR4CXdn3hW2TfViG', '2025-05-05 15:51:28', '2026-01-19 21:37:40'),
(20, 'Penny', 'Mah', 'Malaysia', 'Ipoh', '60175552710', NULL, NULL, NULL, NULL, NULL, 'cympenny@gmail.com', '2025-05-27 17:35:33', '$2y$10$IdaghA0Fa34/HpGiKxULgeeP6GysAyvBRVOTTgDNNgEb528p7tM6S', NULL, '2025-05-27 17:35:06', '2025-05-27 17:35:33'),
(21, 'Ilia', 'Abuseridze', 'Georgia', 'Tbilisi', '555284906', NULL, NULL, NULL, NULL, NULL, 'abuseridzeilia@gmail.com', '2025-07-20 16:47:32', '$2y$10$61Apl91cQEh4BtTvRIRk1utdUEwwCTGD8E/...tVtK00fd9Yq6Mne', NULL, '2025-07-20 16:47:17', '2025-07-20 16:47:32'),
(22, 'Andria', 'Janelidze', 'Georgia', 'Tbilisi', '591650609', NULL, NULL, NULL, NULL, NULL, 'janelidzeandria8@gmail.com', NULL, '$2y$10$bSsvnCAZJZ979gFEdn2JleDsqb8C0j62yTCs3fPMtLZcAkaIvPvlG', NULL, '2025-10-19 18:48:16', '2025-10-19 18:48:16'),
(23, 'Mariam', 'Didia', 'Georgia', 'Tbilisi', '557763163', NULL, NULL, NULL, NULL, NULL, 'meskhimariam@yahoo.com', NULL, '$2y$10$ZxMllZCE/EyXvvDT7INqE.3MMTSA5gLDvq7u1jf7yAJdkne.JCyU.', NULL, '2026-02-13 00:12:56', '2026-02-13 00:12:56'),
(24, 'vvv', 'vvv', 'Georgia', 'Tbilisi', '551517463', NULL, NULL, NULL, NULL, NULL, 'stankevichvera@gmail.com', NULL, '$2y$10$hbnTSxgnlrKV3FO9fuNMreq3gVb71TTB/81OR7QygRKK7kgIr3zUe', NULL, '2026-02-23 17:57:29', '2026-02-23 17:57:29'),
(25, 'zizi', 'tokhadze', 'georgia', 'tbilisi', '599500017', NULL, NULL, NULL, NULL, NULL, 'zizitokhadze@gmail.com', NULL, '$2y$10$u8p3j3GZ9xykCZGb8ozVteAaswY9lz0DxXCaSzhJrxo0ZQ/qd8h46', 'qffRHUBqPN1mTB67urqWqWFm90tDUpRRaCKtJB55tWh6kz78lmNbf9VHIEFW', '2026-04-20 11:57:30', '2026-04-20 11:57:30'),
(26, 'Keto', 'Kaladze', 'Georgia', 'Tbilisi', '579256060', NULL, NULL, NULL, NULL, NULL, 'kaladzeketo91@gmail.com', NULL, '$2y$10$gftV.wGquh52BPts/BGBKenbUSzjXOS0BkGG0gdgMyvz0vHkGuSRS', NULL, '2026-05-02 23:41:08', '2026-05-02 23:41:08'),
(27, 'Levan', 'Pirtskhalaishvili', 'Georgia', 'Tbilisi', '+995555544811', NULL, NULL, NULL, NULL, NULL, 'busalevani@gmail.com', NULL, '$2y$10$mFz7QDCGO6MJH5jymA56xuJOgnSri8imRdbrvA4lSydWdGm1B2XqW', NULL, '2026-06-25 20:32:02', '2026-06-25 20:32:02');

-- --------------------------------------------------------

--
-- Table structure for table `user_adreses`
--

CREATE TABLE `user_adreses` (
  `id` bigint UNSIGNED NOT NULL,
  `name` varchar(191) CHARACTER SET utf8mb4 COLLATE utf8mb4_unicode_ci DEFAULT NULL,
  `city` varchar(191) CHARACTER SET utf8mb4 COLLATE utf8mb4_unicode_ci DEFAULT NULL,
  `strit` varchar(191) CHARACTER SET utf8mb4 COLLATE utf8mb4_unicode_ci DEFAULT NULL,
  `number` varchar(191) CHARACTER SET utf8mb4 COLLATE utf8mb4_unicode_ci DEFAULT NULL,
  `floor` varchar(191) CHARACTER SET utf8mb4 COLLATE utf8mb4_unicode_ci DEFAULT NULL,
  `flat` varchar(191) CHARACTER SET utf8mb4 COLLATE utf8mb4_unicode_ci DEFAULT NULL,
  `entrance` varchar(191) CHARACTER SET utf8mb4 COLLATE utf8mb4_unicode_ci DEFAULT NULL,
  `zip_code` varchar(191) CHARACTER SET utf8mb4 COLLATE utf8mb4_unicode_ci DEFAULT NULL,
  `region_id` varchar(191) CHARACTER SET utf8mb4 COLLATE utf8mb4_unicode_ci NOT NULL,
  `user_id` bigint UNSIGNED NOT NULL,
  `created_at` timestamp NULL DEFAULT NULL,
  `updated_at` timestamp NULL DEFAULT NULL
) ENGINE=InnoDB DEFAULT CHARSET=utf8mb4 COLLATE=utf8mb4_unicode_ci;

--
-- Dumping data for table `user_adreses`
--

INSERT INTO `user_adreses` (`id`, `name`, `city`, `strit`, `number`, `floor`, `flat`, `entrance`, `zip_code`, `region_id`, `user_id`, `created_at`, `updated_at`) VALUES
(1, 'Kvareli St. 16', 'Tbilisi', 'dddd', 'dddddd', 'dddd', 'ddd', 'ddd', '19726', '1', 1, '2025-01-14 22:32:32', '2025-01-14 22:32:32');

-- --------------------------------------------------------

--
-- Table structure for table `user_adrese_order`
--

CREATE TABLE `user_adrese_order` (
  `id` bigint UNSIGNED NOT NULL,
  `order_id` bigint UNSIGNED NOT NULL,
  `user_adrese_id` bigint UNSIGNED NOT NULL,
  `created_at` timestamp NULL DEFAULT NULL,
  `updated_at` timestamp NULL DEFAULT NULL
) ENGINE=InnoDB DEFAULT CHARSET=utf8mb4 COLLATE=utf8mb4_unicode_ci;

-- --------------------------------------------------------

--
-- Table structure for table `user_complaints`
--

CREATE TABLE `user_complaints` (
  `id` bigint UNSIGNED NOT NULL,
  `comment` text CHARACTER SET utf8mb4 COLLATE utf8mb4_unicode_ci,
  `category` varchar(191) CHARACTER SET utf8mb4 COLLATE utf8mb4_unicode_ci DEFAULT NULL,
  `decision` varchar(191) CHARACTER SET utf8mb4 COLLATE utf8mb4_unicode_ci DEFAULT NULL,
  `complainted_user_id` bigint UNSIGNED NOT NULL,
  `user_id` bigint UNSIGNED NOT NULL,
  `created_at` timestamp NULL DEFAULT NULL,
  `updated_at` timestamp NULL DEFAULT NULL
) ENGINE=InnoDB DEFAULT CHARSET=utf8mb4 COLLATE=utf8mb4_unicode_ci;

-- --------------------------------------------------------

--
-- Table structure for table `user_followers`
--

CREATE TABLE `user_followers` (
  `id` bigint UNSIGNED NOT NULL,
  `following_user_id` int DEFAULT NULL,
  `user_id` int DEFAULT NULL,
  `created_at` timestamp NULL DEFAULT NULL,
  `updated_at` timestamp NULL DEFAULT NULL
) ENGINE=InnoDB DEFAULT CHARSET=utf8mb4 COLLATE=utf8mb4_unicode_ci;

-- --------------------------------------------------------

--
-- Table structure for table `user_notifications`
--

CREATE TABLE `user_notifications` (
  `id` bigint UNSIGNED NOT NULL,
  `notification_type` int DEFAULT NULL,
  `user_id` bigint UNSIGNED NOT NULL,
  `created_at` timestamp NULL DEFAULT NULL,
  `updated_at` timestamp NULL DEFAULT NULL
) ENGINE=InnoDB DEFAULT CHARSET=utf8mb4 COLLATE=utf8mb4_unicode_ci;

--
-- Dumping data for table `user_notifications`
--

INSERT INTO `user_notifications` (`id`, `notification_type`, `user_id`, `created_at`, `updated_at`) VALUES
(1, NULL, 1, NULL, NULL),
(2, NULL, 7, '2023-06-19 18:35:08', '2023-06-19 18:35:08'),
(3, NULL, 12, '2024-04-25 20:37:40', '2024-04-25 20:37:40'),
(4, NULL, 13, '2024-05-03 17:01:22', '2024-05-03 17:01:22'),
(5, NULL, 14, '2024-05-05 22:45:16', '2024-05-05 22:45:16'),
(6, NULL, 16, '2024-07-22 22:00:47', '2024-07-22 22:00:47'),
(7, NULL, 17, '2024-10-06 11:43:03', '2024-10-06 11:43:03'),
(8, NULL, 19, '2025-05-16 00:21:28', '2025-05-16 00:21:28'),
(9, NULL, 20, '2025-05-27 17:35:33', '2025-05-27 17:35:33'),
(10, NULL, 21, '2025-07-20 16:47:32', '2025-07-20 16:47:32'),
(11, 0, 1, NULL, NULL),
(12, 1, 1, NULL, NULL),
(13, 2, 1, NULL, NULL),
(14, 3, 1, NULL, NULL),
(15, 4, 1, NULL, NULL),
(16, 5, 1, NULL, NULL),
(17, 6, 1, NULL, NULL),
(18, 7, 1, NULL, NULL),
(19, 8, 1, NULL, NULL),
(20, 9, 1, NULL, NULL),
(21, 10, 1, NULL, NULL),
(22, 11, 1, NULL, NULL);

-- --------------------------------------------------------

--
-- Table structure for table `user_permissions`
--

CREATE TABLE `user_permissions` (
  `id` bigint UNSIGNED NOT NULL,
  `user_id` bigint UNSIGNED NOT NULL,
  `permission_id` bigint UNSIGNED NOT NULL,
  `created_at` timestamp NULL DEFAULT NULL,
  `updated_at` timestamp NULL DEFAULT NULL
) ENGINE=InnoDB DEFAULT CHARSET=utf8mb4 COLLATE=utf8mb4_unicode_ci;

-- --------------------------------------------------------

--
-- Table structure for table `user_products`
--

CREATE TABLE `user_products` (
  `id` bigint UNSIGNED NOT NULL,
  `product_id` bigint UNSIGNED NOT NULL,
  `user_id` bigint UNSIGNED NOT NULL,
  `created_at` timestamp NULL DEFAULT NULL,
  `updated_at` timestamp NULL DEFAULT NULL
) ENGINE=InnoDB DEFAULT CHARSET=utf8mb4 COLLATE=utf8mb4_unicode_ci;

--
-- Dumping data for table `user_products`
--

INSERT INTO `user_products` (`id`, `product_id`, `user_id`, `created_at`, `updated_at`) VALUES
(1, 1, 1, '2024-04-06 09:08:16', '2024-04-06 09:08:16'),
(2, 2, 1, '2024-04-06 23:12:45', '2024-04-06 23:12:45'),
(3, 3, 1, '2024-04-06 23:12:50', '2024-04-06 23:12:50'),
(4, 4, 1, '2024-04-06 23:12:55', '2024-04-06 23:12:55'),
(5, 5, 1, '2024-04-06 23:13:02', '2024-04-06 23:13:02'),
(6, 6, 1, '2024-04-06 23:13:11', '2024-04-06 23:13:11'),
(7, 7, 1, '2024-04-06 23:13:18', '2024-04-06 23:13:18'),
(8, 8, 1, '2024-04-06 23:13:24', '2024-04-06 23:13:24'),
(9, 9, 1, '2024-04-06 23:13:33', '2024-04-06 23:13:33'),
(10, 10, 1, '2024-04-06 23:13:39', '2024-04-06 23:13:39'),
(11, 11, 1, '2024-04-06 23:13:44', '2024-04-06 23:13:44'),
(12, 12, 1, '2024-04-06 23:13:53', '2024-04-06 23:13:53'),
(13, 13, 1, '2024-04-06 23:13:59', '2024-04-06 23:13:59'),
(14, 14, 1, '2024-04-06 23:14:07', '2024-04-06 23:14:07'),
(15, 15, 1, '2024-04-06 23:14:11', '2024-04-06 23:14:11'),
(16, 16, 1, '2024-04-06 23:14:16', '2024-04-06 23:14:16'),
(17, 17, 1, '2024-04-06 23:14:21', '2024-04-06 23:14:21'),
(18, 18, 1, '2024-04-06 23:14:27', '2024-04-06 23:14:27'),
(19, 19, 1, '2024-04-06 23:14:34', '2024-04-06 23:14:34'),
(20, 20, 1, '2024-04-06 23:14:39', '2024-04-06 23:14:39'),
(21, 21, 1, '2024-04-06 23:14:44', '2024-04-06 23:14:44'),
(22, 22, 1, '2024-04-06 23:14:51', '2024-04-06 23:14:51'),
(23, 23, 1, '2024-04-06 23:14:59', '2024-04-06 23:14:59'),
(24, 24, 1, '2024-04-06 23:15:04', '2024-04-06 23:15:04'),
(25, 26, 1, '2024-04-06 23:15:08', '2024-04-06 23:15:08'),
(26, 27, 1, '2024-04-06 23:15:13', '2024-04-06 23:15:13'),
(27, 28, 1, '2024-04-06 23:15:20', '2024-04-06 23:15:20'),
(28, 30, 1, '2024-04-06 23:15:25', '2024-04-06 23:15:25'),
(29, 31, 1, '2024-04-06 23:15:34', '2024-04-06 23:15:34'),
(30, 32, 1, '2024-04-06 23:15:45', '2024-04-06 23:15:45'),
(31, 33, 1, '2024-04-06 23:15:50', '2024-04-06 23:15:50'),
(32, 34, 1, '2024-04-06 23:15:55', '2024-04-06 23:15:55'),
(33, 35, 1, '2024-04-06 23:16:00', '2024-04-06 23:16:00'),
(34, 36, 1, '2024-04-06 23:16:04', '2024-04-06 23:16:04'),
(35, 37, 1, '2024-04-06 23:16:11', '2024-04-06 23:16:11'),
(36, 38, 1, '2024-04-06 23:16:18', '2024-04-06 23:16:18'),
(37, 39, 1, '2024-04-06 23:16:23', '2024-04-06 23:16:23'),
(38, 40, 1, '2024-04-06 23:16:27', '2024-04-06 23:16:27'),
(39, 41, 1, '2024-04-06 23:16:33', '2024-04-06 23:16:33'),
(40, 42, 1, '2024-04-06 23:16:44', '2024-04-06 23:16:44'),
(41, 43, 1, '2024-04-06 23:16:50', '2024-04-06 23:16:50'),
(42, 44, 1, '2024-04-06 23:17:02', '2024-04-06 23:17:02'),
(43, 45, 1, '2024-04-06 23:17:06', '2024-04-06 23:17:06'),
(44, 46, 1, '2024-10-23 02:12:16', '2024-10-23 02:12:16'),
(45, 47, 1, '2024-10-23 02:13:24', '2024-10-23 02:13:24'),
(46, 48, 1, '2025-01-14 18:56:52', '2025-01-14 18:56:52'),
(47, 49, 1, '2025-01-14 19:08:35', '2025-01-14 19:08:35'),
(48, 50, 1, '2025-01-14 19:17:05', '2025-01-14 19:17:05'),
(49, 51, 1, '2025-01-14 19:28:07', '2025-01-14 19:28:07'),
(50, 52, 1, '2025-01-14 19:38:43', '2025-01-14 19:38:43'),
(51, 53, 1, '2025-01-14 19:45:22', '2025-01-14 19:45:22'),
(52, 54, 1, '2025-02-05 11:58:44', '2025-02-05 11:58:44'),
(55, 57, 1, '2025-05-04 00:36:28', '2025-05-04 00:36:28'),
(56, 58, 1, '2025-05-29 17:19:39', '2025-05-29 17:19:39'),
(57, 61, 1, '2026-02-22 22:02:50', '2026-02-22 22:02:50'),
(58, 62, 1, '2026-02-22 22:05:04', '2026-02-22 22:05:04'),
(59, 63, 1, '2026-02-22 22:06:59', '2026-02-22 22:06:59'),
(60, 64, 1, '2026-04-13 02:07:32', '2026-04-13 02:07:32'),
(61, 65, 1, '2026-04-22 21:26:14', '2026-04-22 21:26:14'),
(62, 66, 1, '2026-04-23 21:48:19', '2026-04-23 21:48:19'),
(63, 67, 1, '2026-05-07 12:08:27', '2026-05-07 12:08:27'),
(64, 68, 1, '2026-05-15 19:12:15', '2026-05-15 19:12:15');

-- --------------------------------------------------------

--
-- Table structure for table `user_product_feedbacks`
--

CREATE TABLE `user_product_feedbacks` (
  `id` bigint UNSIGNED NOT NULL,
  `user_id` bigint UNSIGNED NOT NULL,
  `feedback_id` bigint UNSIGNED NOT NULL,
  `created_at` timestamp NULL DEFAULT NULL,
  `updated_at` timestamp NULL DEFAULT NULL
) ENGINE=InnoDB DEFAULT CHARSET=utf8mb4 COLLATE=utf8mb4_unicode_ci;

--
-- Dumping data for table `user_product_feedbacks`
--

INSERT INTO `user_product_feedbacks` (`id`, `user_id`, `feedback_id`, `created_at`, `updated_at`) VALUES
(1, 1, 1, '2025-01-04 02:11:15', '2025-01-04 02:11:15');

-- --------------------------------------------------------

--
-- Table structure for table `user_requests`
--

CREATE TABLE `user_requests` (
  `id` bigint UNSIGNED NOT NULL,
  `request_data` varchar(191) CHARACTER SET utf8mb4 COLLATE utf8mb4_unicode_ci DEFAULT NULL,
  `action` varchar(191) CHARACTER SET utf8mb4 COLLATE utf8mb4_unicode_ci DEFAULT NULL,
  `user_id` bigint UNSIGNED NOT NULL,
  `created_at` timestamp NULL DEFAULT NULL,
  `updated_at` timestamp NULL DEFAULT NULL
) ENGINE=InnoDB DEFAULT CHARSET=utf8mb4 COLLATE=utf8mb4_unicode_ci;

-- --------------------------------------------------------

--
-- Table structure for table `user_role`
--

CREATE TABLE `user_role` (
  `id` bigint UNSIGNED NOT NULL,
  `user_id` bigint UNSIGNED NOT NULL,
  `role_id` bigint UNSIGNED NOT NULL,
  `created_at` timestamp NULL DEFAULT NULL,
  `updated_at` timestamp NULL DEFAULT NULL
) ENGINE=InnoDB DEFAULT CHARSET=utf8mb4 COLLATE=utf8mb4_unicode_ci;

--
-- Dumping data for table `user_role`
--

INSERT INTO `user_role` (`id`, `user_id`, `role_id`, `created_at`, `updated_at`) VALUES
(40, 1, 87, NULL, NULL),
(41, 3, 103, NULL, NULL),
(42, 7, 102, NULL, NULL),
(43, 8, 102, NULL, NULL),
(44, 10, 102, NULL, NULL),
(45, 11, 102, NULL, NULL),
(46, 12, 102, NULL, NULL),
(47, 13, 102, NULL, NULL),
(48, 14, 102, NULL, NULL),
(49, 16, 102, NULL, NULL),
(50, 17, 102, NULL, NULL),
(51, 18, 102, NULL, NULL),
(52, 19, 87, NULL, NULL),
(53, 20, 102, NULL, NULL),
(54, 21, 102, NULL, NULL),
(55, 22, 102, NULL, NULL);

-- --------------------------------------------------------

--
-- Table structure for table `user_sites`
--

CREATE TABLE `user_sites` (
  `id` bigint UNSIGNED NOT NULL,
  `url` text CHARACTER SET utf8mb4 COLLATE utf8mb4_unicode_ci,
  `user_id` bigint UNSIGNED NOT NULL,
  `created_at` timestamp NULL DEFAULT NULL,
  `updated_at` timestamp NULL DEFAULT NULL
) ENGINE=InnoDB DEFAULT CHARSET=utf8mb4 COLLATE=utf8mb4_unicode_ci;

--
-- Dumping data for table `user_sites`
--

INSERT INTO `user_sites` (`id`, `url`, `user_id`, `created_at`, `updated_at`) VALUES
(1, 'https://www.facebook.com/temo.samsonadze/', 1, '2023-05-28 23:18:37', '2023-05-28 23:18:37'),
(2, 'https://www.8a.nu/user/temo-samsonadze/sportclimbing', 1, '2023-05-28 23:20:15', '2023-05-28 23:20:15'),
(3, 'https://www.instagram.com/temo_samsonadze/', 1, '2023-05-28 23:20:51', '2023-05-28 23:20:51'),
(4, 'https://www.youtube.com/watch?v=6ChQ95o0-Tg', 1, '2024-07-07 00:16:29', '2024-07-07 00:16:29'),
(5, 'https://www.tiktok.com/@temo7066?_t=8nnx4aRAYnx&_r=1', 1, '2024-07-07 00:17:22', '2024-07-07 00:17:22');

-- --------------------------------------------------------

--
-- Table structure for table `user_tours`
--

CREATE TABLE `user_tours` (
  `id` bigint UNSIGNED NOT NULL,
  `tour_id` bigint UNSIGNED NOT NULL,
  `user_id` bigint UNSIGNED NOT NULL,
  `created_at` timestamp NULL DEFAULT NULL,
  `updated_at` timestamp NULL DEFAULT NULL
) ENGINE=InnoDB DEFAULT CHARSET=utf8mb4 COLLATE=utf8mb4_unicode_ci;

--
-- Dumping data for table `user_tours`
--

INSERT INTO `user_tours` (`id`, `tour_id`, `user_id`, `created_at`, `updated_at`) VALUES
(7, 1, 1, '2024-04-25 15:24:44', '2024-04-25 15:24:44'),
(8, 2, 1, '2024-04-25 15:24:49', '2024-04-25 15:24:49'),
(9, 3, 1, '2024-04-25 15:24:54', '2024-04-25 15:24:54'),
(10, 7, 1, '2024-04-25 15:43:29', '2024-04-25 15:43:29'),
(11, 8, 1, '2024-04-25 15:47:16', '2024-04-25 15:47:16'),
(12, 9, 1, '2024-04-25 15:48:45', '2024-04-25 15:48:45'),
(13, 10, 1, '2024-04-25 16:16:02', '2024-04-25 16:16:02'),
(14, 11, 1, '2024-12-26 04:39:09', '2024-12-26 04:39:09'),
(15, 12, 1, '2024-12-27 23:59:13', '2024-12-27 23:59:13'),
(16, 13, 1, '2025-01-05 19:30:39', '2025-01-05 19:30:39'),
(17, 14, 1, '2025-01-06 22:39:09', '2025-01-06 22:39:09'),
(18, 15, 1, '2025-12-14 17:09:45', '2025-12-14 17:09:45');

-- --------------------------------------------------------

--
-- Table structure for table `warehouses`
--

CREATE TABLE `warehouses` (
  `id` bigint UNSIGNED NOT NULL,
  `name` varchar(191) COLLATE utf8mb4_unicode_ci DEFAULT NULL,
  `general` tinyint(1) DEFAULT NULL,
  `created_at` timestamp NULL DEFAULT NULL,
  `updated_at` timestamp NULL DEFAULT NULL
) ENGINE=InnoDB DEFAULT CHARSET=utf8mb4 COLLATE=utf8mb4_unicode_ci;

--
-- Dumping data for table `warehouses`
--

INSERT INTO `warehouses` (`id`, `name`, `general`, `created_at`, `updated_at`) VALUES
(1, 'Samgori', 1, '2025-09-25 23:19:33', '2025-09-25 23:19:33'),
(2, 'Katskhi', 0, '2025-09-25 23:22:50', '2025-09-25 23:22:50'),
(3, 'Popo House', 0, '2025-10-07 16:35:13', '2025-10-07 16:35:13'),
(4, 'Sveri', 0, '2025-10-10 15:19:35', '2025-10-10 15:19:35'),
(5, 'Nika`s Ofiice', 0, '2026-01-28 17:36:18', '2026-01-28 17:36:18');

-- --------------------------------------------------------

--
-- Table structure for table `warehouses_product_options`
--

CREATE TABLE `warehouses_product_options` (
  `id` bigint UNSIGNED NOT NULL,
  `warehouse_id` bigint UNSIGNED NOT NULL,
  `product_option_id` bigint UNSIGNED NOT NULL,
  `quantity` varchar(191) COLLATE utf8mb4_unicode_ci DEFAULT NULL,
  `created_at` timestamp NULL DEFAULT NULL,
  `updated_at` timestamp NULL DEFAULT NULL
) ENGINE=InnoDB DEFAULT CHARSET=utf8mb4 COLLATE=utf8mb4_unicode_ci;

--
-- Dumping data for table `warehouses_product_options`
--

INSERT INTO `warehouses_product_options` (`id`, `warehouse_id`, `product_option_id`, `quantity`, `created_at`, `updated_at`) VALUES
(4, 1, 84, '11', NULL, NULL),
(5, 1, 3, '2', NULL, NULL),
(6, 1, 6, '3', NULL, NULL),
(7, 1, 93, '2', NULL, NULL),
(10, 2, 84, '6', NULL, NULL),
(11, 2, 96, '1', NULL, NULL),
(12, 2, 93, '1', NULL, NULL),
(13, 2, 6, '2', NULL, NULL),
(14, 2, 3, '1', NULL, NULL),
(15, 1, 105, '14', NULL, NULL),
(16, 1, 101, '2', NULL, NULL),
(17, 1, 102, '2', NULL, NULL),
(18, 4, 84, '8', NULL, NULL),
(19, 4, 87, '1', NULL, NULL),
(20, 4, 90, '1', NULL, NULL),
(21, 4, 6, '1', NULL, NULL),
(28, 1, 91, '1', NULL, NULL),
(32, 1, 103, '1', NULL, NULL),
(33, 1, 87, '2', NULL, NULL),
(34, 1, 88, '1', NULL, NULL),
(35, 5, 71, '200', NULL, NULL),
(36, 1, 81, '2', NULL, NULL),
(37, 1, 119, '1', NULL, NULL),
(38, 1, 118, '2', NULL, NULL),
(39, 1, 120, '1', NULL, NULL),
(42, 1, 95, '1', NULL, NULL),
(43, 1, 131, '1', NULL, NULL),
(45, 1, 96, '1', NULL, NULL),
(46, 1, 133, '1', NULL, NULL),
(47, 1, 140, '2', NULL, NULL),
(48, 1, 142, '3', NULL, NULL),
(49, 1, 141, '3', NULL, NULL),
(50, 1, 143, '2', NULL, NULL),
(51, 1, 144, '3', NULL, NULL),
(52, 1, 145, '2', NULL, NULL);

--
-- Indexes for dumped tables
--

--
-- Indexes for table `articles`
--
ALTER TABLE `articles`
  ADD PRIMARY KEY (`id`),
  ADD UNIQUE KEY `articles_url_title_unique` (`url_title`),
  ADD KEY `articles_us_article_id_foreign` (`us_article_id`),
  ADD KEY `articles_ka_article_id_foreign` (`ka_article_id`);

--
-- Indexes for table `article_comments`
--
ALTER TABLE `article_comments`
  ADD PRIMARY KEY (`id`),
  ADD KEY `article_comments_article_id_foreign` (`article_id`);

--
-- Indexes for table `article_comment_answers`
--
ALTER TABLE `article_comment_answers`
  ADD PRIMARY KEY (`id`),
  ADD KEY `article_comment_answers_comment_id_foreign` (`comment_id`),
  ADD KEY `article_comment_answers_answer_id_foreign` (`answer_id`);

--
-- Indexes for table `article_comment_complaints`
--
ALTER TABLE `article_comment_complaints`
  ADD PRIMARY KEY (`id`),
  ADD KEY `article_comment_complaints_user_id_foreign` (`user_id`),
  ADD KEY `article_comment_complaints_comment_id_foreign` (`comment_id`);

--
-- Indexes for table `article_comment_user`
--
ALTER TABLE `article_comment_user`
  ADD PRIMARY KEY (`id`),
  ADD KEY `article_comment_user_user_id_foreign` (`user_id`),
  ADD KEY `article_comment_user_comment_id_foreign` (`comment_id`);

--
-- Indexes for table `article_images`
--
ALTER TABLE `article_images`
  ADD PRIMARY KEY (`id`),
  ADD KEY `article_images_article_id_foreign` (`article_id`);

--
-- Indexes for table `article_mount`
--
ALTER TABLE `article_mount`
  ADD PRIMARY KEY (`id`),
  ADD KEY `article_mount_article_id_foreign` (`article_id`),
  ADD KEY `article_mount_mount_id_foreign` (`mount_id`);

--
-- Indexes for table `article_other_urls`
--
ALTER TABLE `article_other_urls`
  ADD PRIMARY KEY (`id`),
  ADD KEY `article_other_urls_article_id_foreign` (`article_id`);

--
-- Indexes for table `article_region`
--
ALTER TABLE `article_region`
  ADD PRIMARY KEY (`id`),
  ADD KEY `article_region_article_id_foreign` (`article_id`),
  ADD KEY `article_region_region_id_foreign` (`region_id`);

--
-- Indexes for table `carts`
--
ALTER TABLE `carts`
  ADD PRIMARY KEY (`id`),
  ADD KEY `carts_user_id_foreign` (`user_id`),
  ADD KEY `carts_option_id_foreign` (`option_id`);

--
-- Indexes for table `climbing_routes_jsons`
--
ALTER TABLE `climbing_routes_jsons`
  ADD PRIMARY KEY (`id`),
  ADD UNIQUE KEY `climbing_routes_jsons_route_id_unique` (`route_id`),
  ADD KEY `climbing_routes_jsons_sector_image_id_foreign` (`sector_image_id`);

--
-- Indexes for table `custom_order_addresses`
--
ALTER TABLE `custom_order_addresses`
  ADD PRIMARY KEY (`id`);

--
-- Indexes for table `custom_order_addresses_order`
--
ALTER TABLE `custom_order_addresses_order`
  ADD PRIMARY KEY (`id`),
  ADD KEY `custom_order_addresses_order_order_id_foreign` (`order_id`),
  ADD KEY `custom_order_addresses_order_custom_order_address_id_foreign` (`custom_order_address_id`);

--
-- Indexes for table `events`
--
ALTER TABLE `events`
  ADD PRIMARY KEY (`id`),
  ADD KEY `events_us_event_id_foreign` (`us_event_id`),
  ADD KEY `events_ka_event_id_foreign` (`ka_event_id`);

--
-- Indexes for table `failed_jobs`
--
ALTER TABLE `failed_jobs`
  ADD PRIMARY KEY (`id`);

--
-- Indexes for table `favorite_films`
--
ALTER TABLE `favorite_films`
  ADD PRIMARY KEY (`id`),
  ADD KEY `favorite_films_user_id_foreign` (`user_id`),
  ADD KEY `favorite_films_film_id_foreign` (`film_id`);

--
-- Indexes for table `favorite_outdoor_areas`
--
ALTER TABLE `favorite_outdoor_areas`
  ADD PRIMARY KEY (`id`),
  ADD KEY `favorite_outdoor_areas_user_id_foreign` (`user_id`),
  ADD KEY `favorite_outdoor_areas_article_id_foreign` (`article_id`);

--
-- Indexes for table `favorite_products`
--
ALTER TABLE `favorite_products`
  ADD PRIMARY KEY (`id`),
  ADD KEY `favorite_products_product_id_foreign` (`product_id`),
  ADD KEY `favorite_products_user_id_foreign` (`user_id`);

--
-- Indexes for table `films`
--
ALTER TABLE `films`
  ADD PRIMARY KEY (`id`),
  ADD KEY `films_us_film_id_foreign` (`us_film_id`),
  ADD KEY `films_ka_film_id_foreign` (`ka_film_id`);

--
-- Indexes for table `film_categories`
--
ALTER TABLE `film_categories`
  ADD PRIMARY KEY (`id`);

--
-- Indexes for table `film_files`
--
ALTER TABLE `film_files`
  ADD PRIMARY KEY (`id`),
  ADD KEY `film_files_film_id_foreign` (`film_id`);

--
-- Indexes for table `film_reitings`
--
ALTER TABLE `film_reitings`
  ADD PRIMARY KEY (`id`),
  ADD KEY `film_reitings_user_id_foreign` (`user_id`),
  ADD KEY `film_reitings_film_id_foreign` (`film_id`);

--
-- Indexes for table `film_tags`
--
ALTER TABLE `film_tags`
  ADD PRIMARY KEY (`id`);

--
-- Indexes for table `general_infos`
--
ALTER TABLE `general_infos`
  ADD PRIMARY KEY (`id`);

--
-- Indexes for table `general_info_article`
--
ALTER TABLE `general_info_article`
  ADD PRIMARY KEY (`id`),
  ADD KEY `general_info_article_info_id_foreign` (`info_id`),
  ADD KEY `general_info_article_article_id_foreign` (`article_id`);

--
-- Indexes for table `general_info_event`
--
ALTER TABLE `general_info_event`
  ADD PRIMARY KEY (`id`),
  ADD KEY `general_info_events_info_id_foreign` (`info_id`),
  ADD KEY `general_info_events_event_id_foreign` (`event_id`);

--
-- Indexes for table `header_images`
--
ALTER TABLE `header_images`
  ADD PRIMARY KEY (`id`);

--
-- Indexes for table `interested_events`
--
ALTER TABLE `interested_events`
  ADD PRIMARY KEY (`id`),
  ADD KEY `interested_events_event_id_foreign` (`event_id`),
  ADD KEY `interested_events_user_id_foreign` (`user_id`);

--
-- Indexes for table `jobs`
--
ALTER TABLE `jobs`
  ADD PRIMARY KEY (`id`),
  ADD KEY `jobs_queue_index` (`queue`);

--
-- Indexes for table `live_cameras`
--
ALTER TABLE `live_cameras`
  ADD PRIMARY KEY (`id`),
  ADD KEY `live_cameras_article_id_foreign` (`article_id`);

--
-- Indexes for table `locale_articles`
--
ALTER TABLE `locale_articles`
  ADD PRIMARY KEY (`id`);

--
-- Indexes for table `locale_bisneses`
--
ALTER TABLE `locale_bisneses`
  ADD PRIMARY KEY (`id`);

--
-- Indexes for table `locale_brands`
--
ALTER TABLE `locale_brands`
  ADD PRIMARY KEY (`id`);

--
-- Indexes for table `locale_events`
--
ALTER TABLE `locale_events`
  ADD PRIMARY KEY (`id`);

--
-- Indexes for table `locale_films`
--
ALTER TABLE `locale_films`
  ADD PRIMARY KEY (`id`);

--
-- Indexes for table `locale_mounts`
--
ALTER TABLE `locale_mounts`
  ADD PRIMARY KEY (`id`);

--
-- Indexes for table `locale_posts`
--
ALTER TABLE `locale_posts`
  ADD PRIMARY KEY (`id`);

--
-- Indexes for table `locale_products`
--
ALTER TABLE `locale_products`
  ADD PRIMARY KEY (`id`);

--
-- Indexes for table `locale_services`
--
ALTER TABLE `locale_services`
  ADD PRIMARY KEY (`id`);

--
-- Indexes for table `locale_sites`
--
ALTER TABLE `locale_sites`
  ADD PRIMARY KEY (`id`),
  ADD UNIQUE KEY `locale_sites_slug_unique` (`slug`);

--
-- Indexes for table `locale_tours`
--
ALTER TABLE `locale_tours`
  ADD PRIMARY KEY (`id`);

--
-- Indexes for table `migrations`
--
ALTER TABLE `migrations`
  ADD PRIMARY KEY (`id`);

--
-- Indexes for table `mounts`
--
ALTER TABLE `mounts`
  ADD PRIMARY KEY (`id`),
  ADD KEY `mounts_us_mount_id_foreign` (`us_mount_id`),
  ADD KEY `mounts_ka_mount_id_foreign` (`ka_mount_id`);

--
-- Indexes for table `mount_route_images`
--
ALTER TABLE `mount_route_images`
  ADD PRIMARY KEY (`id`),
  ADD KEY `mount_route_images_article_id_foreign` (`article_id`);

--
-- Indexes for table `mtps`
--
ALTER TABLE `mtps`
  ADD PRIMARY KEY (`id`),
  ADD KEY `mtps_sector_id_foreign` (`sector_id`);

--
-- Indexes for table `mtp_pitchs`
--
ALTER TABLE `mtp_pitchs`
  ADD PRIMARY KEY (`id`),
  ADD KEY `mtp_pitchs_mtp_id_foreign` (`mtp_id`);

--
-- Indexes for table `non_registered_commenters`
--
ALTER TABLE `non_registered_commenters`
  ADD PRIMARY KEY (`id`),
  ADD UNIQUE KEY `non_registered_commenters_email_unique` (`email`);

--
-- Indexes for table `option_images`
--
ALTER TABLE `option_images`
  ADD PRIMARY KEY (`id`),
  ADD KEY `option_images_option_id_foreign` (`option_id`);

--
-- Indexes for table `orders`
--
ALTER TABLE `orders`
  ADD PRIMARY KEY (`id`);

--
-- Indexes for table `orders_user`
--
ALTER TABLE `orders_user`
  ADD PRIMARY KEY (`id`),
  ADD KEY `orders_user_order_id_foreign` (`order_id`),
  ADD KEY `orders_user_user_id_foreign` (`user_id`);

--
-- Indexes for table `order_products`
--
ALTER TABLE `order_products`
  ADD PRIMARY KEY (`id`),
  ADD KEY `order_products_product_id_foreign` (`product_id`),
  ADD KEY `order_products_order_id_foreign` (`order_id`),
  ADD KEY `order_products_product_option_id_foreign` (`product_option_id`);

--
-- Indexes for table `order_statuses`
--
ALTER TABLE `order_statuses`
  ADD PRIMARY KEY (`id`),
  ADD KEY `order_statuses_order_id_foreign` (`order_id`);

--
-- Indexes for table `order_tasks`
--
ALTER TABLE `order_tasks`
  ADD PRIMARY KEY (`id`),
  ADD KEY `order_tasks_order_id_foreign` (`order_id`),
  ADD KEY `order_tasks_task_id_foreign` (`task_id`);

--
-- Indexes for table `password_resets`
--
ALTER TABLE `password_resets`
  ADD KEY `password_resets_email_index` (`email`);

--
-- Indexes for table `permissions`
--
ALTER TABLE `permissions`
  ADD PRIMARY KEY (`id`);

--
-- Indexes for table `personal_access_tokens`
--
ALTER TABLE `personal_access_tokens`
  ADD PRIMARY KEY (`id`),
  ADD UNIQUE KEY `personal_access_tokens_token_unique` (`token`),
  ADD KEY `personal_access_tokens_tokenable_type_tokenable_id_index` (`tokenable_type`,`tokenable_id`);

--
-- Indexes for table `posts`
--
ALTER TABLE `posts`
  ADD PRIMARY KEY (`id`),
  ADD KEY `posts_us_post_id_foreign` (`us_post_id`),
  ADD KEY `posts_ka_post_id_foreign` (`ka_post_id`),
  ADD KEY `posts_user_id_foreign` (`user_id`);

--
-- Indexes for table `products`
--
ALTER TABLE `products`
  ADD PRIMARY KEY (`id`),
  ADD KEY `products_us_product_id_foreign` (`us_product_id`),
  ADD KEY `products_ka_product_id_foreign` (`ka_product_id`),
  ADD KEY `products_brand_id_foreign` (`brand_id`),
  ADD KEY `products_subcategory_id_foreign` (`subcategory_id`);

--
-- Indexes for table `product_brands`
--
ALTER TABLE `product_brands`
  ADD PRIMARY KEY (`id`),
  ADD KEY `brands_us_brand_id_foreign` (`us_brand_id`),
  ADD KEY `brands_ka_brand_id_foreign` (`ka_brand_id`);

--
-- Indexes for table `product_categories`
--
ALTER TABLE `product_categories`
  ADD PRIMARY KEY (`id`);

--
-- Indexes for table `product_feedbacks`
--
ALTER TABLE `product_feedbacks`
  ADD PRIMARY KEY (`id`),
  ADD KEY `product_feedbacks_product_id_foreign` (`product_id`);

--
-- Indexes for table `product_feedback_complaints`
--
ALTER TABLE `product_feedback_complaints`
  ADD PRIMARY KEY (`id`),
  ADD KEY `product_feedback_complaints_user_id_foreign` (`user_id`),
  ADD KEY `product_feedback_complaints_feedback_id_foreign` (`feedback_id`);

--
-- Indexes for table `product_options`
--
ALTER TABLE `product_options`
  ADD PRIMARY KEY (`id`),
  ADD KEY `product_options_product_id_foreign` (`product_id`);

--
-- Indexes for table `product_option_tasks`
--
ALTER TABLE `product_option_tasks`
  ADD PRIMARY KEY (`id`),
  ADD KEY `product_option_tasks_product_option_id_foreign` (`product_option_id`),
  ADD KEY `product_option_tasks_task_id_foreign` (`task_id`);

--
-- Indexes for table `product_subcategories`
--
ALTER TABLE `product_subcategories`
  ADD PRIMARY KEY (`id`),
  ADD KEY `product_subcategories_category_id_foreign` (`category_id`);

--
-- Indexes for table `regions`
--
ALTER TABLE `regions`
  ADD PRIMARY KEY (`id`);

--
-- Indexes for table `roles`
--
ALTER TABLE `roles`
  ADD PRIMARY KEY (`id`);

--
-- Indexes for table `role_permissions`
--
ALTER TABLE `role_permissions`
  ADD PRIMARY KEY (`id`),
  ADD KEY `role_permissions_role_id_foreign` (`role_id`),
  ADD KEY `role_permissions_permission_id_foreign` (`permission_id`);

--
-- Indexes for table `routes`
--
ALTER TABLE `routes`
  ADD PRIMARY KEY (`id`),
  ADD KEY `routes_sector_id_foreign` (`sector_id`);

--
-- Indexes for table `sale_codes`
--
ALTER TABLE `sale_codes`
  ADD PRIMARY KEY (`id`);

--
-- Indexes for table `sectors`
--
ALTER TABLE `sectors`
  ADD PRIMARY KEY (`id`),
  ADD KEY `sectors_article_id_foreign` (`article_id`);

--
-- Indexes for table `sector_images`
--
ALTER TABLE `sector_images`
  ADD PRIMARY KEY (`id`),
  ADD KEY `sector_images_sector_id_foreign` (`sector_id`);

--
-- Indexes for table `sector_local_images`
--
ALTER TABLE `sector_local_images`
  ADD PRIMARY KEY (`id`);

--
-- Indexes for table `sector_local_images_jsons`
--
ALTER TABLE `sector_local_images_jsons`
  ADD PRIMARY KEY (`id`),
  ADD UNIQUE KEY `sector_local_images_jsons_sector_local_image_id_unique` (`sector_local_image_id`);

--
-- Indexes for table `sector_local_images_json_sectors`
--
ALTER TABLE `sector_local_images_json_sectors`
  ADD PRIMARY KEY (`id`),
  ADD UNIQUE KEY `sector_local_images_json_sectors_sect_loc_img_json_id_unique` (`sect_loc_img_json_id`),
  ADD KEY `sector_local_images_json_sectors_sector_id_foreign` (`sector_id`);

--
-- Indexes for table `sector_local_image_sector`
--
ALTER TABLE `sector_local_image_sector`
  ADD PRIMARY KEY (`id`),
  ADD KEY `sector_local_image_sector_sector_id_foreign` (`sector_id`),
  ADD KEY `sector_local_image_sector_image_id_foreign` (`image_id`);

--
-- Indexes for table `services`
--
ALTER TABLE `services`
  ADD PRIMARY KEY (`id`),
  ADD KEY `services_us_service_id_foreign` (`us_service_id`),
  ADD KEY `services_ka_service_id_foreign` (`ka_service_id`);

--
-- Indexes for table `service_followers`
--
ALTER TABLE `service_followers`
  ADD PRIMARY KEY (`id`),
  ADD UNIQUE KEY `service_followers_email_unique` (`email`);

--
-- Indexes for table `service_images`
--
ALTER TABLE `service_images`
  ADD PRIMARY KEY (`id`),
  ADD KEY `service_images_service_id_foreign` (`service_id`);

--
-- Indexes for table `shiped_regions`
--
ALTER TABLE `shiped_regions`
  ADD PRIMARY KEY (`id`);

--
-- Indexes for table `sites`
--
ALTER TABLE `sites`
  ADD PRIMARY KEY (`id`);

--
-- Indexes for table `site_social_links`
--
ALTER TABLE `site_social_links`
  ADD PRIMARY KEY (`id`);

--
-- Indexes for table `social_accounts`
--
ALTER TABLE `social_accounts`
  ADD PRIMARY KEY (`id`),
  ADD KEY `social_accounts_user_id_foreign` (`user_id`);

--
-- Indexes for table `sport_route_reviews`
--
ALTER TABLE `sport_route_reviews`
  ADD PRIMARY KEY (`id`),
  ADD KEY `sport_route_reviews_route_id_foreign` (`route_id`);

--
-- Indexes for table `spot_rocks_images`
--
ALTER TABLE `spot_rocks_images`
  ADD PRIMARY KEY (`id`),
  ADD KEY `spot_rocks_images_article_id_foreign` (`article_id`);

--
-- Indexes for table `suport_local_bisneses`
--
ALTER TABLE `suport_local_bisneses`
  ADD PRIMARY KEY (`id`),
  ADD UNIQUE KEY `suport_local_bisneses_url_title_unique` (`url_title`),
  ADD KEY `suport_local_bisneses_us_bisnes_id_foreign` (`us_bisnes_id`),
  ADD KEY `suport_local_bisneses_ka_bisnes_id_foreign` (`ka_bisnes_id`);

--
-- Indexes for table `suport_local_bisnes_articles`
--
ALTER TABLE `suport_local_bisnes_articles`
  ADD PRIMARY KEY (`id`),
  ADD KEY `suport_local_bisnes_articles_bisnes_id_foreign` (`bisnes_id`),
  ADD KEY `suport_local_bisnes_articles_article_id_foreign` (`article_id`);

--
-- Indexes for table `suport_local_bisnes_images`
--
ALTER TABLE `suport_local_bisnes_images`
  ADD PRIMARY KEY (`id`),
  ADD KEY `suport_local_bisnes_images_bisnes_id_foreign` (`bisnes_id`);

--
-- Indexes for table `tasks`
--
ALTER TABLE `tasks`
  ADD PRIMARY KEY (`id`),
  ADD KEY `tasks_from_user_id_foreign` (`from_user_id`),
  ADD KEY `tasks_for_user_id_foreign` (`for_user_id`);

--
-- Indexes for table `tours`
--
ALTER TABLE `tours`
  ADD PRIMARY KEY (`id`),
  ADD KEY `tours_category_id_foreign` (`category_id`),
  ADD KEY `tours_us_tour_id_foreign` (`us_tour_id`),
  ADD KEY `tours_ka_tour_id_foreign` (`ka_tour_id`);

--
-- Indexes for table `tour_categories`
--
ALTER TABLE `tour_categories`
  ADD PRIMARY KEY (`id`);

--
-- Indexes for table `tour_images`
--
ALTER TABLE `tour_images`
  ADD PRIMARY KEY (`id`),
  ADD KEY `tour_images_tour_id_foreign` (`tour_id`);

--
-- Indexes for table `tour_reservations`
--
ALTER TABLE `tour_reservations`
  ADD PRIMARY KEY (`id`),
  ADD KEY `tour_reservations_tour_id_foreign` (`tour_id`);

--
-- Indexes for table `tour_reservations_users`
--
ALTER TABLE `tour_reservations_users`
  ADD PRIMARY KEY (`id`),
  ADD KEY `tour_reservations_users_reservatione_id_foreign` (`reservation_id`),
  ADD KEY `tour_reservations_users_user_id_foreign` (`user_id`);

--
-- Indexes for table `users`
--
ALTER TABLE `users`
  ADD PRIMARY KEY (`id`),
  ADD UNIQUE KEY `users_email_unique` (`email`);

--
-- Indexes for table `user_adreses`
--
ALTER TABLE `user_adreses`
  ADD PRIMARY KEY (`id`),
  ADD KEY `user_adreses_user_id_foreign` (`user_id`);

--
-- Indexes for table `user_adrese_order`
--
ALTER TABLE `user_adrese_order`
  ADD PRIMARY KEY (`id`),
  ADD KEY `user_adrese_order_order_id_foreign` (`order_id`),
  ADD KEY `user_adrese_order_user_adrese_id_foreign` (`user_adrese_id`);

--
-- Indexes for table `user_complaints`
--
ALTER TABLE `user_complaints`
  ADD PRIMARY KEY (`id`),
  ADD KEY `user_complaints_complainted_user_id_foreign` (`complainted_user_id`),
  ADD KEY `user_complaints_user_id_foreign` (`user_id`);

--
-- Indexes for table `user_followers`
--
ALTER TABLE `user_followers`
  ADD PRIMARY KEY (`id`);

--
-- Indexes for table `user_notifications`
--
ALTER TABLE `user_notifications`
  ADD PRIMARY KEY (`id`),
  ADD KEY `user_notifications_user_id_foreign` (`user_id`);

--
-- Indexes for table `user_permissions`
--
ALTER TABLE `user_permissions`
  ADD PRIMARY KEY (`id`),
  ADD KEY `user_permissions_user_id_foreign` (`user_id`),
  ADD KEY `user_permissions_permission_id_foreign` (`permission_id`);

--
-- Indexes for table `user_products`
--
ALTER TABLE `user_products`
  ADD PRIMARY KEY (`id`),
  ADD KEY `user_products_product_id_foreign` (`product_id`),
  ADD KEY `user_products_user_id_foreign` (`user_id`);

--
-- Indexes for table `user_product_feedbacks`
--
ALTER TABLE `user_product_feedbacks`
  ADD PRIMARY KEY (`id`),
  ADD KEY `user_product_feedbacks_user_id_foreign` (`user_id`),
  ADD KEY `user_product_feedbacks_feedback_id_foreign` (`feedback_id`);

--
-- Indexes for table `user_requests`
--
ALTER TABLE `user_requests`
  ADD PRIMARY KEY (`id`),
  ADD KEY `user_requests_user_id_foreign` (`user_id`);

--
-- Indexes for table `user_role`
--
ALTER TABLE `user_role`
  ADD PRIMARY KEY (`id`),
  ADD KEY `user_role_user_id_foreign` (`user_id`),
  ADD KEY `user_role_role_id_foreign` (`role_id`);

--
-- Indexes for table `user_sites`
--
ALTER TABLE `user_sites`
  ADD PRIMARY KEY (`id`),
  ADD KEY `user_sites_user_id_foreign` (`user_id`);

--
-- Indexes for table `user_tours`
--
ALTER TABLE `user_tours`
  ADD PRIMARY KEY (`id`),
  ADD KEY `user_tours_tour_id_foreign` (`tour_id`),
  ADD KEY `user_tours_user_id_foreign` (`user_id`);

--
-- Indexes for table `warehouses`
--
ALTER TABLE `warehouses`
  ADD PRIMARY KEY (`id`);

--
-- Indexes for table `warehouses_product_options`
--
ALTER TABLE `warehouses_product_options`
  ADD PRIMARY KEY (`id`),
  ADD KEY `warehouses_product_options_warehouse_id_foreign` (`warehouse_id`),
  ADD KEY `warehouses_product_options_product_option_id_foreign` (`product_option_id`);

--
-- AUTO_INCREMENT for dumped tables
--

--
-- AUTO_INCREMENT for table `articles`
--
ALTER TABLE `articles`
  MODIFY `id` bigint UNSIGNED NOT NULL AUTO_INCREMENT, AUTO_INCREMENT=109;

--
-- AUTO_INCREMENT for table `article_comments`
--
ALTER TABLE `article_comments`
  MODIFY `id` bigint UNSIGNED NOT NULL AUTO_INCREMENT, AUTO_INCREMENT=8;

--
-- AUTO_INCREMENT for table `article_comment_answers`
--
ALTER TABLE `article_comment_answers`
  MODIFY `id` bigint UNSIGNED NOT NULL AUTO_INCREMENT, AUTO_INCREMENT=2;

--
-- AUTO_INCREMENT for table `article_comment_complaints`
--
ALTER TABLE `article_comment_complaints`
  MODIFY `id` bigint UNSIGNED NOT NULL AUTO_INCREMENT;

--
-- AUTO_INCREMENT for table `article_comment_user`
--
ALTER TABLE `article_comment_user`
  MODIFY `id` bigint UNSIGNED NOT NULL AUTO_INCREMENT, AUTO_INCREMENT=5;

--
-- AUTO_INCREMENT for table `article_images`
--
ALTER TABLE `article_images`
  MODIFY `id` bigint UNSIGNED NOT NULL AUTO_INCREMENT, AUTO_INCREMENT=152;

--
-- AUTO_INCREMENT for table `article_mount`
--
ALTER TABLE `article_mount`
  MODIFY `id` bigint UNSIGNED NOT NULL AUTO_INCREMENT, AUTO_INCREMENT=38;

--
-- AUTO_INCREMENT for table `article_other_urls`
--
ALTER TABLE `article_other_urls`
  MODIFY `id` bigint UNSIGNED NOT NULL AUTO_INCREMENT;

--
-- AUTO_INCREMENT for table `article_region`
--
ALTER TABLE `article_region`
  MODIFY `id` bigint UNSIGNED NOT NULL AUTO_INCREMENT, AUTO_INCREMENT=22;

--
-- AUTO_INCREMENT for table `carts`
--
ALTER TABLE `carts`
  MODIFY `id` bigint UNSIGNED NOT NULL AUTO_INCREMENT, AUTO_INCREMENT=5;

--
-- AUTO_INCREMENT for table `climbing_routes_jsons`
--
ALTER TABLE `climbing_routes_jsons`
  MODIFY `id` bigint UNSIGNED NOT NULL AUTO_INCREMENT;

--
-- AUTO_INCREMENT for table `custom_order_addresses`
--
ALTER TABLE `custom_order_addresses`
  MODIFY `id` bigint UNSIGNED NOT NULL AUTO_INCREMENT;

--
-- AUTO_INCREMENT for table `custom_order_addresses_order`
--
ALTER TABLE `custom_order_addresses_order`
  MODIFY `id` bigint UNSIGNED NOT NULL AUTO_INCREMENT;

--
-- AUTO_INCREMENT for table `events`
--
ALTER TABLE `events`
  MODIFY `id` bigint UNSIGNED NOT NULL AUTO_INCREMENT, AUTO_INCREMENT=12;

--
-- AUTO_INCREMENT for table `failed_jobs`
--
ALTER TABLE `failed_jobs`
  MODIFY `id` bigint UNSIGNED NOT NULL AUTO_INCREMENT;

--
-- AUTO_INCREMENT for table `favorite_films`
--
ALTER TABLE `favorite_films`
  MODIFY `id` bigint UNSIGNED NOT NULL AUTO_INCREMENT;

--
-- AUTO_INCREMENT for table `favorite_outdoor_areas`
--
ALTER TABLE `favorite_outdoor_areas`
  MODIFY `id` bigint UNSIGNED NOT NULL AUTO_INCREMENT, AUTO_INCREMENT=4;

--
-- AUTO_INCREMENT for table `favorite_products`
--
ALTER TABLE `favorite_products`
  MODIFY `id` bigint UNSIGNED NOT NULL AUTO_INCREMENT, AUTO_INCREMENT=3;

--
-- AUTO_INCREMENT for table `films`
--
ALTER TABLE `films`
  MODIFY `id` bigint UNSIGNED NOT NULL AUTO_INCREMENT;

--
-- AUTO_INCREMENT for table `film_categories`
--
ALTER TABLE `film_categories`
  MODIFY `id` bigint UNSIGNED NOT NULL AUTO_INCREMENT;

--
-- AUTO_INCREMENT for table `film_files`
--
ALTER TABLE `film_files`
  MODIFY `id` bigint UNSIGNED NOT NULL AUTO_INCREMENT;

--
-- AUTO_INCREMENT for table `film_reitings`
--
ALTER TABLE `film_reitings`
  MODIFY `id` bigint UNSIGNED NOT NULL AUTO_INCREMENT;

--
-- AUTO_INCREMENT for table `film_tags`
--
ALTER TABLE `film_tags`
  MODIFY `id` bigint UNSIGNED NOT NULL AUTO_INCREMENT;

--
-- AUTO_INCREMENT for table `general_infos`
--
ALTER TABLE `general_infos`
  MODIFY `id` bigint UNSIGNED NOT NULL AUTO_INCREMENT, AUTO_INCREMENT=13;

--
-- AUTO_INCREMENT for table `general_info_article`
--
ALTER TABLE `general_info_article`
  MODIFY `id` bigint UNSIGNED NOT NULL AUTO_INCREMENT, AUTO_INCREMENT=123;

--
-- AUTO_INCREMENT for table `general_info_event`
--
ALTER TABLE `general_info_event`
  MODIFY `id` bigint UNSIGNED NOT NULL AUTO_INCREMENT, AUTO_INCREMENT=13;

--
-- AUTO_INCREMENT for table `header_images`
--
ALTER TABLE `header_images`
  MODIFY `id` bigint UNSIGNED NOT NULL AUTO_INCREMENT, AUTO_INCREMENT=8;

--
-- AUTO_INCREMENT for table `interested_events`
--
ALTER TABLE `interested_events`
  MODIFY `id` bigint UNSIGNED NOT NULL AUTO_INCREMENT, AUTO_INCREMENT=2;

--
-- AUTO_INCREMENT for table `jobs`
--
ALTER TABLE `jobs`
  MODIFY `id` bigint UNSIGNED NOT NULL AUTO_INCREMENT, AUTO_INCREMENT=4;

--
-- AUTO_INCREMENT for table `live_cameras`
--
ALTER TABLE `live_cameras`
  MODIFY `id` bigint UNSIGNED NOT NULL AUTO_INCREMENT;

--
-- AUTO_INCREMENT for table `locale_articles`
--
ALTER TABLE `locale_articles`
  MODIFY `id` bigint UNSIGNED NOT NULL AUTO_INCREMENT, AUTO_INCREMENT=408;

--
-- AUTO_INCREMENT for table `locale_bisneses`
--
ALTER TABLE `locale_bisneses`
  MODIFY `id` bigint UNSIGNED NOT NULL AUTO_INCREMENT, AUTO_INCREMENT=39;

--
-- AUTO_INCREMENT for table `locale_brands`
--
ALTER TABLE `locale_brands`
  MODIFY `id` bigint UNSIGNED NOT NULL AUTO_INCREMENT, AUTO_INCREMENT=5;

--
-- AUTO_INCREMENT for table `locale_events`
--
ALTER TABLE `locale_events`
  MODIFY `id` bigint UNSIGNED NOT NULL AUTO_INCREMENT, AUTO_INCREMENT=34;

--
-- AUTO_INCREMENT for table `locale_films`
--
ALTER TABLE `locale_films`
  MODIFY `id` bigint UNSIGNED NOT NULL AUTO_INCREMENT;

--
-- AUTO_INCREMENT for table `locale_mounts`
--
ALTER TABLE `locale_mounts`
  MODIFY `id` bigint UNSIGNED NOT NULL AUTO_INCREMENT, AUTO_INCREMENT=40;

--
-- AUTO_INCREMENT for table `locale_posts`
--
ALTER TABLE `locale_posts`
  MODIFY `id` bigint UNSIGNED NOT NULL AUTO_INCREMENT;

--
-- AUTO_INCREMENT for table `locale_products`
--
ALTER TABLE `locale_products`
  MODIFY `id` bigint UNSIGNED NOT NULL AUTO_INCREMENT, AUTO_INCREMENT=298;

--
-- AUTO_INCREMENT for table `locale_services`
--
ALTER TABLE `locale_services`
  MODIFY `id` bigint UNSIGNED NOT NULL AUTO_INCREMENT, AUTO_INCREMENT=13;

--
-- AUTO_INCREMENT for table `locale_sites`
--
ALTER TABLE `locale_sites`
  MODIFY `id` bigint UNSIGNED NOT NULL AUTO_INCREMENT, AUTO_INCREMENT=60;

--
-- AUTO_INCREMENT for table `locale_tours`
--
ALTER TABLE `locale_tours`
  MODIFY `id` bigint UNSIGNED NOT NULL AUTO_INCREMENT, AUTO_INCREMENT=67;

--
-- AUTO_INCREMENT for table `migrations`
--
ALTER TABLE `migrations`
  MODIFY `id` int UNSIGNED NOT NULL AUTO_INCREMENT, AUTO_INCREMENT=205;

--
-- AUTO_INCREMENT for table `mounts`
--
ALTER TABLE `mounts`
  MODIFY `id` bigint UNSIGNED NOT NULL AUTO_INCREMENT, AUTO_INCREMENT=16;

--
-- AUTO_INCREMENT for table `mount_route_images`
--
ALTER TABLE `mount_route_images`
  MODIFY `id` bigint UNSIGNED NOT NULL AUTO_INCREMENT, AUTO_INCREMENT=70;

--
-- AUTO_INCREMENT for table `mtps`
--
ALTER TABLE `mtps`
  MODIFY `id` bigint UNSIGNED NOT NULL AUTO_INCREMENT, AUTO_INCREMENT=15;

--
-- AUTO_INCREMENT for table `mtp_pitchs`
--
ALTER TABLE `mtp_pitchs`
  MODIFY `id` bigint UNSIGNED NOT NULL AUTO_INCREMENT, AUTO_INCREMENT=29;

--
-- AUTO_INCREMENT for table `non_registered_commenters`
--
ALTER TABLE `non_registered_commenters`
  MODIFY `id` bigint UNSIGNED NOT NULL AUTO_INCREMENT, AUTO_INCREMENT=3;

--
-- AUTO_INCREMENT for table `option_images`
--
ALTER TABLE `option_images`
  MODIFY `id` bigint UNSIGNED NOT NULL AUTO_INCREMENT, AUTO_INCREMENT=242;

--
-- AUTO_INCREMENT for table `orders`
--
ALTER TABLE `orders`
  MODIFY `id` bigint UNSIGNED NOT NULL AUTO_INCREMENT;

--
-- AUTO_INCREMENT for table `orders_user`
--
ALTER TABLE `orders_user`
  MODIFY `id` bigint UNSIGNED NOT NULL AUTO_INCREMENT;

--
-- AUTO_INCREMENT for table `order_products`
--
ALTER TABLE `order_products`
  MODIFY `id` bigint UNSIGNED NOT NULL AUTO_INCREMENT;

--
-- AUTO_INCREMENT for table `order_statuses`
--
ALTER TABLE `order_statuses`
  MODIFY `id` bigint UNSIGNED NOT NULL AUTO_INCREMENT;

--
-- AUTO_INCREMENT for table `order_tasks`
--
ALTER TABLE `order_tasks`
  MODIFY `id` bigint UNSIGNED NOT NULL AUTO_INCREMENT;

--
-- AUTO_INCREMENT for table `permissions`
--
ALTER TABLE `permissions`
  MODIFY `id` bigint UNSIGNED NOT NULL AUTO_INCREMENT, AUTO_INCREMENT=802;

--
-- AUTO_INCREMENT for table `personal_access_tokens`
--
ALTER TABLE `personal_access_tokens`
  MODIFY `id` bigint UNSIGNED NOT NULL AUTO_INCREMENT, AUTO_INCREMENT=43;

--
-- AUTO_INCREMENT for table `posts`
--
ALTER TABLE `posts`
  MODIFY `id` bigint UNSIGNED NOT NULL AUTO_INCREMENT;

--
-- AUTO_INCREMENT for table `products`
--
ALTER TABLE `products`
  MODIFY `id` bigint UNSIGNED NOT NULL AUTO_INCREMENT, AUTO_INCREMENT=69;

--
-- AUTO_INCREMENT for table `product_brands`
--
ALTER TABLE `product_brands`
  MODIFY `id` bigint UNSIGNED NOT NULL AUTO_INCREMENT, AUTO_INCREMENT=3;

--
-- AUTO_INCREMENT for table `product_categories`
--
ALTER TABLE `product_categories`
  MODIFY `id` bigint UNSIGNED NOT NULL AUTO_INCREMENT, AUTO_INCREMENT=18;

--
-- AUTO_INCREMENT for table `product_feedbacks`
--
ALTER TABLE `product_feedbacks`
  MODIFY `id` bigint UNSIGNED NOT NULL AUTO_INCREMENT, AUTO_INCREMENT=2;

--
-- AUTO_INCREMENT for table `product_feedback_complaints`
--
ALTER TABLE `product_feedback_complaints`
  MODIFY `id` bigint UNSIGNED NOT NULL AUTO_INCREMENT;

--
-- AUTO_INCREMENT for table `product_options`
--
ALTER TABLE `product_options`
  MODIFY `id` bigint UNSIGNED NOT NULL AUTO_INCREMENT, AUTO_INCREMENT=146;

--
-- AUTO_INCREMENT for table `product_option_tasks`
--
ALTER TABLE `product_option_tasks`
  MODIFY `id` bigint UNSIGNED NOT NULL AUTO_INCREMENT;

--
-- AUTO_INCREMENT for table `product_subcategories`
--
ALTER TABLE `product_subcategories`
  MODIFY `id` bigint UNSIGNED NOT NULL AUTO_INCREMENT, AUTO_INCREMENT=31;

--
-- AUTO_INCREMENT for table `regions`
--
ALTER TABLE `regions`
  MODIFY `id` bigint UNSIGNED NOT NULL AUTO_INCREMENT, AUTO_INCREMENT=7;

--
-- AUTO_INCREMENT for table `roles`
--
ALTER TABLE `roles`
  MODIFY `id` bigint UNSIGNED NOT NULL AUTO_INCREMENT, AUTO_INCREMENT=112;

--
-- AUTO_INCREMENT for table `role_permissions`
--
ALTER TABLE `role_permissions`
  MODIFY `id` bigint UNSIGNED NOT NULL AUTO_INCREMENT, AUTO_INCREMENT=341;

--
-- AUTO_INCREMENT for table `routes`
--
ALTER TABLE `routes`
  MODIFY `id` bigint UNSIGNED NOT NULL AUTO_INCREMENT, AUTO_INCREMENT=509;

--
-- AUTO_INCREMENT for table `sale_codes`
--
ALTER TABLE `sale_codes`
  MODIFY `id` bigint UNSIGNED NOT NULL AUTO_INCREMENT;

--
-- AUTO_INCREMENT for table `sectors`
--
ALTER TABLE `sectors`
  MODIFY `id` bigint UNSIGNED NOT NULL AUTO_INCREMENT, AUTO_INCREMENT=75;

--
-- AUTO_INCREMENT for table `sector_images`
--
ALTER TABLE `sector_images`
  MODIFY `id` bigint UNSIGNED NOT NULL AUTO_INCREMENT, AUTO_INCREMENT=147;

--
-- AUTO_INCREMENT for table `sector_local_images`
--
ALTER TABLE `sector_local_images`
  MODIFY `id` bigint UNSIGNED NOT NULL AUTO_INCREMENT, AUTO_INCREMENT=8;

--
-- AUTO_INCREMENT for table `sector_local_images_jsons`
--
ALTER TABLE `sector_local_images_jsons`
  MODIFY `id` bigint UNSIGNED NOT NULL AUTO_INCREMENT;

--
-- AUTO_INCREMENT for table `sector_local_images_json_sectors`
--
ALTER TABLE `sector_local_images_json_sectors`
  MODIFY `id` bigint UNSIGNED NOT NULL AUTO_INCREMENT;

--
-- AUTO_INCREMENT for table `sector_local_image_sector`
--
ALTER TABLE `sector_local_image_sector`
  MODIFY `id` bigint UNSIGNED NOT NULL AUTO_INCREMENT, AUTO_INCREMENT=20;

--
-- AUTO_INCREMENT for table `services`
--
ALTER TABLE `services`
  MODIFY `id` bigint UNSIGNED NOT NULL AUTO_INCREMENT, AUTO_INCREMENT=5;

--
-- AUTO_INCREMENT for table `service_followers`
--
ALTER TABLE `service_followers`
  MODIFY `id` bigint UNSIGNED NOT NULL AUTO_INCREMENT, AUTO_INCREMENT=23;

--
-- AUTO_INCREMENT for table `service_images`
--
ALTER TABLE `service_images`
  MODIFY `id` bigint UNSIGNED NOT NULL AUTO_INCREMENT, AUTO_INCREMENT=9;

--
-- AUTO_INCREMENT for table `shiped_regions`
--
ALTER TABLE `shiped_regions`
  MODIFY `id` bigint UNSIGNED NOT NULL AUTO_INCREMENT, AUTO_INCREMENT=4;

--
-- AUTO_INCREMENT for table `sites`
--
ALTER TABLE `sites`
  MODIFY `id` bigint UNSIGNED NOT NULL AUTO_INCREMENT, AUTO_INCREMENT=2;

--
-- AUTO_INCREMENT for table `site_social_links`
--
ALTER TABLE `site_social_links`
  MODIFY `id` bigint UNSIGNED NOT NULL AUTO_INCREMENT, AUTO_INCREMENT=7;

--
-- AUTO_INCREMENT for table `social_accounts`
--
ALTER TABLE `social_accounts`
  MODIFY `id` bigint UNSIGNED NOT NULL AUTO_INCREMENT;

--
-- AUTO_INCREMENT for table `sport_route_reviews`
--
ALTER TABLE `sport_route_reviews`
  MODIFY `id` bigint UNSIGNED NOT NULL AUTO_INCREMENT, AUTO_INCREMENT=131;

--
-- AUTO_INCREMENT for table `spot_rocks_images`
--
ALTER TABLE `spot_rocks_images`
  MODIFY `id` bigint UNSIGNED NOT NULL AUTO_INCREMENT, AUTO_INCREMENT=17;

--
-- AUTO_INCREMENT for table `suport_local_bisneses`
--
ALTER TABLE `suport_local_bisneses`
  MODIFY `id` bigint UNSIGNED NOT NULL AUTO_INCREMENT, AUTO_INCREMENT=11;

--
-- AUTO_INCREMENT for table `suport_local_bisnes_articles`
--
ALTER TABLE `suport_local_bisnes_articles`
  MODIFY `id` bigint UNSIGNED NOT NULL AUTO_INCREMENT, AUTO_INCREMENT=81;

--
-- AUTO_INCREMENT for table `suport_local_bisnes_images`
--
ALTER TABLE `suport_local_bisnes_images`
  MODIFY `id` bigint UNSIGNED NOT NULL AUTO_INCREMENT, AUTO_INCREMENT=33;

--
-- AUTO_INCREMENT for table `tasks`
--
ALTER TABLE `tasks`
  MODIFY `id` bigint UNSIGNED NOT NULL AUTO_INCREMENT;

--
-- AUTO_INCREMENT for table `tours`
--
ALTER TABLE `tours`
  MODIFY `id` bigint UNSIGNED NOT NULL AUTO_INCREMENT, AUTO_INCREMENT=16;

--
-- AUTO_INCREMENT for table `tour_categories`
--
ALTER TABLE `tour_categories`
  MODIFY `id` bigint UNSIGNED NOT NULL AUTO_INCREMENT, AUTO_INCREMENT=6;

--
-- AUTO_INCREMENT for table `tour_images`
--
ALTER TABLE `tour_images`
  MODIFY `id` bigint UNSIGNED NOT NULL AUTO_INCREMENT, AUTO_INCREMENT=36;

--
-- AUTO_INCREMENT for table `tour_reservations`
--
ALTER TABLE `tour_reservations`
  MODIFY `id` bigint UNSIGNED NOT NULL AUTO_INCREMENT, AUTO_INCREMENT=24;

--
-- AUTO_INCREMENT for table `tour_reservations_users`
--
ALTER TABLE `tour_reservations_users`
  MODIFY `id` bigint UNSIGNED NOT NULL AUTO_INCREMENT, AUTO_INCREMENT=4;

--
-- AUTO_INCREMENT for table `users`
--
ALTER TABLE `users`
  MODIFY `id` bigint UNSIGNED NOT NULL AUTO_INCREMENT, AUTO_INCREMENT=28;

--
-- AUTO_INCREMENT for table `user_adreses`
--
ALTER TABLE `user_adreses`
  MODIFY `id` bigint UNSIGNED NOT NULL AUTO_INCREMENT, AUTO_INCREMENT=2;

--
-- AUTO_INCREMENT for table `user_adrese_order`
--
ALTER TABLE `user_adrese_order`
  MODIFY `id` bigint UNSIGNED NOT NULL AUTO_INCREMENT;

--
-- AUTO_INCREMENT for table `user_complaints`
--
ALTER TABLE `user_complaints`
  MODIFY `id` bigint UNSIGNED NOT NULL AUTO_INCREMENT;

--
-- AUTO_INCREMENT for table `user_followers`
--
ALTER TABLE `user_followers`
  MODIFY `id` bigint UNSIGNED NOT NULL AUTO_INCREMENT;

--
-- AUTO_INCREMENT for table `user_notifications`
--
ALTER TABLE `user_notifications`
  MODIFY `id` bigint UNSIGNED NOT NULL AUTO_INCREMENT, AUTO_INCREMENT=23;

--
-- AUTO_INCREMENT for table `user_permissions`
--
ALTER TABLE `user_permissions`
  MODIFY `id` bigint UNSIGNED NOT NULL AUTO_INCREMENT, AUTO_INCREMENT=16;

--
-- AUTO_INCREMENT for table `user_products`
--
ALTER TABLE `user_products`
  MODIFY `id` bigint UNSIGNED NOT NULL AUTO_INCREMENT, AUTO_INCREMENT=65;

--
-- AUTO_INCREMENT for table `user_product_feedbacks`
--
ALTER TABLE `user_product_feedbacks`
  MODIFY `id` bigint UNSIGNED NOT NULL AUTO_INCREMENT, AUTO_INCREMENT=2;

--
-- AUTO_INCREMENT for table `user_requests`
--
ALTER TABLE `user_requests`
  MODIFY `id` bigint UNSIGNED NOT NULL AUTO_INCREMENT;

--
-- AUTO_INCREMENT for table `user_role`
--
ALTER TABLE `user_role`
  MODIFY `id` bigint UNSIGNED NOT NULL AUTO_INCREMENT, AUTO_INCREMENT=56;

--
-- AUTO_INCREMENT for table `user_sites`
--
ALTER TABLE `user_sites`
  MODIFY `id` bigint UNSIGNED NOT NULL AUTO_INCREMENT, AUTO_INCREMENT=6;

--
-- AUTO_INCREMENT for table `user_tours`
--
ALTER TABLE `user_tours`
  MODIFY `id` bigint UNSIGNED NOT NULL AUTO_INCREMENT, AUTO_INCREMENT=19;

--
-- AUTO_INCREMENT for table `warehouses`
--
ALTER TABLE `warehouses`
  MODIFY `id` bigint UNSIGNED NOT NULL AUTO_INCREMENT, AUTO_INCREMENT=6;

--
-- AUTO_INCREMENT for table `warehouses_product_options`
--
ALTER TABLE `warehouses_product_options`
  MODIFY `id` bigint UNSIGNED NOT NULL AUTO_INCREMENT, AUTO_INCREMENT=53;

--
-- Constraints for dumped tables
--

--
-- Constraints for table `articles`
--
ALTER TABLE `articles`
  ADD CONSTRAINT `articles_ka_article_id_foreign` FOREIGN KEY (`ka_article_id`) REFERENCES `locale_articles` (`id`) ON DELETE CASCADE,
  ADD CONSTRAINT `articles_us_article_id_foreign` FOREIGN KEY (`us_article_id`) REFERENCES `locale_articles` (`id`) ON DELETE CASCADE;

--
-- Constraints for table `article_comments`
--
ALTER TABLE `article_comments`
  ADD CONSTRAINT `article_comments_article_id_foreign` FOREIGN KEY (`article_id`) REFERENCES `articles` (`id`);

--
-- Constraints for table `article_comment_answers`
--
ALTER TABLE `article_comment_answers`
  ADD CONSTRAINT `article_comment_answers_answer_id_foreign` FOREIGN KEY (`answer_id`) REFERENCES `article_comments` (`id`) ON DELETE CASCADE,
  ADD CONSTRAINT `article_comment_answers_comment_id_foreign` FOREIGN KEY (`comment_id`) REFERENCES `article_comments` (`id`) ON DELETE CASCADE;

--
-- Constraints for table `article_comment_complaints`
--
ALTER TABLE `article_comment_complaints`
  ADD CONSTRAINT `article_comment_complaints_comment_id_foreign` FOREIGN KEY (`comment_id`) REFERENCES `article_comments` (`id`) ON DELETE CASCADE,
  ADD CONSTRAINT `article_comment_complaints_user_id_foreign` FOREIGN KEY (`user_id`) REFERENCES `users` (`id`) ON DELETE CASCADE;

--
-- Constraints for table `article_comment_user`
--
ALTER TABLE `article_comment_user`
  ADD CONSTRAINT `article_comment_user_comment_id_foreign` FOREIGN KEY (`comment_id`) REFERENCES `article_comments` (`id`),
  ADD CONSTRAINT `article_comment_user_user_id_foreign` FOREIGN KEY (`user_id`) REFERENCES `users` (`id`);

--
-- Constraints for table `article_images`
--
ALTER TABLE `article_images`
  ADD CONSTRAINT `article_images_article_id_foreign` FOREIGN KEY (`article_id`) REFERENCES `articles` (`id`);

--
-- Constraints for table `article_mount`
--
ALTER TABLE `article_mount`
  ADD CONSTRAINT `article_mount_article_id_foreign` FOREIGN KEY (`article_id`) REFERENCES `articles` (`id`) ON DELETE CASCADE,
  ADD CONSTRAINT `article_mount_mount_id_foreign` FOREIGN KEY (`mount_id`) REFERENCES `mounts` (`id`) ON DELETE CASCADE;

--
-- Constraints for table `article_other_urls`
--
ALTER TABLE `article_other_urls`
  ADD CONSTRAINT `article_other_urls_article_id_foreign` FOREIGN KEY (`article_id`) REFERENCES `articles` (`id`);

--
-- Constraints for table `article_region`
--
ALTER TABLE `article_region`
  ADD CONSTRAINT `article_region_article_id_foreign` FOREIGN KEY (`article_id`) REFERENCES `articles` (`id`) ON DELETE CASCADE,
  ADD CONSTRAINT `article_region_region_id_foreign` FOREIGN KEY (`region_id`) REFERENCES `regions` (`id`) ON DELETE CASCADE;

--
-- Constraints for table `carts`
--
ALTER TABLE `carts`
  ADD CONSTRAINT `carts_option_id_foreign` FOREIGN KEY (`option_id`) REFERENCES `product_options` (`id`),
  ADD CONSTRAINT `carts_user_id_foreign` FOREIGN KEY (`user_id`) REFERENCES `users` (`id`);

--
-- Constraints for table `climbing_routes_jsons`
--
ALTER TABLE `climbing_routes_jsons`
  ADD CONSTRAINT `climbing_routes_jsons_route_id_foreign` FOREIGN KEY (`route_id`) REFERENCES `routes` (`id`),
  ADD CONSTRAINT `climbing_routes_jsons_sector_image_id_foreign` FOREIGN KEY (`sector_image_id`) REFERENCES `sector_images` (`id`);

--
-- Constraints for table `custom_order_addresses_order`
--
ALTER TABLE `custom_order_addresses_order`
  ADD CONSTRAINT `custom_order_addresses_order_custom_order_address_id_foreign` FOREIGN KEY (`custom_order_address_id`) REFERENCES `custom_order_addresses` (`id`) ON DELETE CASCADE,
  ADD CONSTRAINT `custom_order_addresses_order_order_id_foreign` FOREIGN KEY (`order_id`) REFERENCES `orders` (`id`) ON DELETE CASCADE;

--
-- Constraints for table `events`
--
ALTER TABLE `events`
  ADD CONSTRAINT `events_ka_event_id_foreign` FOREIGN KEY (`ka_event_id`) REFERENCES `locale_events` (`id`) ON DELETE CASCADE,
  ADD CONSTRAINT `events_us_event_id_foreign` FOREIGN KEY (`us_event_id`) REFERENCES `locale_events` (`id`) ON DELETE CASCADE;

--
-- Constraints for table `favorite_films`
--
ALTER TABLE `favorite_films`
  ADD CONSTRAINT `favorite_films_film_id_foreign` FOREIGN KEY (`film_id`) REFERENCES `films` (`id`) ON DELETE CASCADE,
  ADD CONSTRAINT `favorite_films_user_id_foreign` FOREIGN KEY (`user_id`) REFERENCES `users` (`id`) ON DELETE CASCADE;

--
-- Constraints for table `favorite_outdoor_areas`
--
ALTER TABLE `favorite_outdoor_areas`
  ADD CONSTRAINT `favorite_outdoor_areas_article_id_foreign` FOREIGN KEY (`article_id`) REFERENCES `articles` (`id`) ON DELETE CASCADE,
  ADD CONSTRAINT `favorite_outdoor_areas_user_id_foreign` FOREIGN KEY (`user_id`) REFERENCES `users` (`id`) ON DELETE CASCADE;

--
-- Constraints for table `favorite_products`
--
ALTER TABLE `favorite_products`
  ADD CONSTRAINT `favorite_products_product_id_foreign` FOREIGN KEY (`product_id`) REFERENCES `products` (`id`),
  ADD CONSTRAINT `favorite_products_user_id_foreign` FOREIGN KEY (`user_id`) REFERENCES `users` (`id`);

--
-- Constraints for table `films`
--
ALTER TABLE `films`
  ADD CONSTRAINT `films_ka_film_id_foreign` FOREIGN KEY (`ka_film_id`) REFERENCES `locale_films` (`id`) ON DELETE CASCADE,
  ADD CONSTRAINT `films_us_film_id_foreign` FOREIGN KEY (`us_film_id`) REFERENCES `locale_films` (`id`) ON DELETE CASCADE;

--
-- Constraints for table `film_files`
--
ALTER TABLE `film_files`
  ADD CONSTRAINT `film_files_film_id_foreign` FOREIGN KEY (`film_id`) REFERENCES `films` (`id`) ON DELETE CASCADE;

--
-- Constraints for table `film_reitings`
--
ALTER TABLE `film_reitings`
  ADD CONSTRAINT `film_reitings_film_id_foreign` FOREIGN KEY (`film_id`) REFERENCES `films` (`id`) ON DELETE CASCADE,
  ADD CONSTRAINT `film_reitings_user_id_foreign` FOREIGN KEY (`user_id`) REFERENCES `users` (`id`) ON DELETE CASCADE;

--
-- Constraints for table `general_info_article`
--
ALTER TABLE `general_info_article`
  ADD CONSTRAINT `general_info_article_article_id_foreign` FOREIGN KEY (`article_id`) REFERENCES `articles` (`id`),
  ADD CONSTRAINT `general_info_article_info_id_foreign` FOREIGN KEY (`info_id`) REFERENCES `general_infos` (`id`);

--
-- Constraints for table `general_info_event`
--
ALTER TABLE `general_info_event`
  ADD CONSTRAINT `general_info_events_event_id_foreign` FOREIGN KEY (`event_id`) REFERENCES `events` (`id`),
  ADD CONSTRAINT `general_info_events_info_id_foreign` FOREIGN KEY (`info_id`) REFERENCES `general_infos` (`id`);

--
-- Constraints for table `interested_events`
--
ALTER TABLE `interested_events`
  ADD CONSTRAINT `interested_events_event_id_foreign` FOREIGN KEY (`event_id`) REFERENCES `events` (`id`) ON DELETE CASCADE,
  ADD CONSTRAINT `interested_events_user_id_foreign` FOREIGN KEY (`user_id`) REFERENCES `users` (`id`) ON DELETE CASCADE;

--
-- Constraints for table `live_cameras`
--
ALTER TABLE `live_cameras`
  ADD CONSTRAINT `live_cameras_article_id_foreign` FOREIGN KEY (`article_id`) REFERENCES `articles` (`id`);

--
-- Constraints for table `mounts`
--
ALTER TABLE `mounts`
  ADD CONSTRAINT `mounts_ka_mount_id_foreign` FOREIGN KEY (`ka_mount_id`) REFERENCES `locale_mounts` (`id`) ON DELETE CASCADE,
  ADD CONSTRAINT `mounts_us_mount_id_foreign` FOREIGN KEY (`us_mount_id`) REFERENCES `locale_mounts` (`id`) ON DELETE CASCADE;

--
-- Constraints for table `mount_route_images`
--
ALTER TABLE `mount_route_images`
  ADD CONSTRAINT `mount_route_images_article_id_foreign` FOREIGN KEY (`article_id`) REFERENCES `articles` (`id`) ON DELETE CASCADE;

--
-- Constraints for table `mtps`
--
ALTER TABLE `mtps`
  ADD CONSTRAINT `mtps_sector_id_foreign` FOREIGN KEY (`sector_id`) REFERENCES `sectors` (`id`) ON DELETE CASCADE;

--
-- Constraints for table `mtp_pitchs`
--
ALTER TABLE `mtp_pitchs`
  ADD CONSTRAINT `mtp_pitchs_mtp_id_foreign` FOREIGN KEY (`mtp_id`) REFERENCES `mtps` (`id`) ON DELETE CASCADE;

--
-- Constraints for table `option_images`
--
ALTER TABLE `option_images`
  ADD CONSTRAINT `option_images_option_id_foreign` FOREIGN KEY (`option_id`) REFERENCES `product_options` (`id`) ON DELETE CASCADE;

--
-- Constraints for table `orders_user`
--
ALTER TABLE `orders_user`
  ADD CONSTRAINT `orders_user_order_id_foreign` FOREIGN KEY (`order_id`) REFERENCES `orders` (`id`) ON DELETE CASCADE,
  ADD CONSTRAINT `orders_user_user_id_foreign` FOREIGN KEY (`user_id`) REFERENCES `users` (`id`) ON DELETE CASCADE;

--
-- Constraints for table `order_products`
--
ALTER TABLE `order_products`
  ADD CONSTRAINT `order_products_order_id_foreign` FOREIGN KEY (`order_id`) REFERENCES `orders` (`id`) ON DELETE CASCADE,
  ADD CONSTRAINT `order_products_product_id_foreign` FOREIGN KEY (`product_id`) REFERENCES `products` (`id`),
  ADD CONSTRAINT `order_products_product_option_id_foreign` FOREIGN KEY (`product_option_id`) REFERENCES `product_options` (`id`);

--
-- Constraints for table `order_statuses`
--
ALTER TABLE `order_statuses`
  ADD CONSTRAINT `order_statuses_order_id_foreign` FOREIGN KEY (`order_id`) REFERENCES `orders` (`id`) ON DELETE CASCADE;

--
-- Constraints for table `order_tasks`
--
ALTER TABLE `order_tasks`
  ADD CONSTRAINT `order_tasks_order_id_foreign` FOREIGN KEY (`order_id`) REFERENCES `orders` (`id`) ON DELETE CASCADE,
  ADD CONSTRAINT `order_tasks_task_id_foreign` FOREIGN KEY (`task_id`) REFERENCES `tasks` (`id`) ON DELETE CASCADE;

--
-- Constraints for table `posts`
--
ALTER TABLE `posts`
  ADD CONSTRAINT `posts_ka_post_id_foreign` FOREIGN KEY (`ka_post_id`) REFERENCES `locale_posts` (`id`) ON DELETE CASCADE,
  ADD CONSTRAINT `posts_us_post_id_foreign` FOREIGN KEY (`us_post_id`) REFERENCES `locale_posts` (`id`) ON DELETE CASCADE,
  ADD CONSTRAINT `posts_user_id_foreign` FOREIGN KEY (`user_id`) REFERENCES `users` (`id`);

--
-- Constraints for table `products`
--
ALTER TABLE `products`
  ADD CONSTRAINT `products_brand_id_foreign` FOREIGN KEY (`brand_id`) REFERENCES `product_brands` (`id`) ON DELETE CASCADE,
  ADD CONSTRAINT `products_ka_product_id_foreign` FOREIGN KEY (`ka_product_id`) REFERENCES `locale_products` (`id`) ON DELETE CASCADE,
  ADD CONSTRAINT `products_subcategory_id_foreign` FOREIGN KEY (`subcategory_id`) REFERENCES `product_subcategories` (`id`) ON DELETE CASCADE,
  ADD CONSTRAINT `products_us_product_id_foreign` FOREIGN KEY (`us_product_id`) REFERENCES `locale_products` (`id`) ON DELETE CASCADE;

--
-- Constraints for table `product_brands`
--
ALTER TABLE `product_brands`
  ADD CONSTRAINT `brands_ka_brand_id_foreign` FOREIGN KEY (`ka_brand_id`) REFERENCES `locale_brands` (`id`) ON DELETE CASCADE,
  ADD CONSTRAINT `brands_us_brand_id_foreign` FOREIGN KEY (`us_brand_id`) REFERENCES `locale_brands` (`id`) ON DELETE CASCADE;

--
-- Constraints for table `product_feedbacks`
--
ALTER TABLE `product_feedbacks`
  ADD CONSTRAINT `product_feedbacks_product_id_foreign` FOREIGN KEY (`product_id`) REFERENCES `products` (`id`);

--
-- Constraints for table `product_feedback_complaints`
--
ALTER TABLE `product_feedback_complaints`
  ADD CONSTRAINT `product_feedback_complaints_feedback_id_foreign` FOREIGN KEY (`feedback_id`) REFERENCES `product_feedbacks` (`id`) ON DELETE CASCADE,
  ADD CONSTRAINT `product_feedback_complaints_user_id_foreign` FOREIGN KEY (`user_id`) REFERENCES `users` (`id`) ON DELETE CASCADE;

--
-- Constraints for table `product_options`
--
ALTER TABLE `product_options`
  ADD CONSTRAINT `product_options_product_id_foreign` FOREIGN KEY (`product_id`) REFERENCES `products` (`id`);

--
-- Constraints for table `product_option_tasks`
--
ALTER TABLE `product_option_tasks`
  ADD CONSTRAINT `product_option_tasks_product_option_id_foreign` FOREIGN KEY (`product_option_id`) REFERENCES `product_options` (`id`) ON DELETE CASCADE,
  ADD CONSTRAINT `product_option_tasks_task_id_foreign` FOREIGN KEY (`task_id`) REFERENCES `tasks` (`id`) ON DELETE CASCADE;

--
-- Constraints for table `product_subcategories`
--
ALTER TABLE `product_subcategories`
  ADD CONSTRAINT `product_subcategories_category_id_foreign` FOREIGN KEY (`category_id`) REFERENCES `product_categories` (`id`);

--
-- Constraints for table `role_permissions`
--
ALTER TABLE `role_permissions`
  ADD CONSTRAINT `role_permissions_permission_id_foreign` FOREIGN KEY (`permission_id`) REFERENCES `permissions` (`id`) ON DELETE CASCADE,
  ADD CONSTRAINT `role_permissions_role_id_foreign` FOREIGN KEY (`role_id`) REFERENCES `roles` (`id`) ON DELETE CASCADE;

--
-- Constraints for table `routes`
--
ALTER TABLE `routes`
  ADD CONSTRAINT `routes_sector_id_foreign` FOREIGN KEY (`sector_id`) REFERENCES `sectors` (`id`) ON DELETE CASCADE;

--
-- Constraints for table `sectors`
--
ALTER TABLE `sectors`
  ADD CONSTRAINT `sectors_article_id_foreign` FOREIGN KEY (`article_id`) REFERENCES `articles` (`id`);

--
-- Constraints for table `sector_images`
--
ALTER TABLE `sector_images`
  ADD CONSTRAINT `sector_images_sector_id_foreign` FOREIGN KEY (`sector_id`) REFERENCES `sectors` (`id`);

--
-- Constraints for table `sector_local_images_jsons`
--
ALTER TABLE `sector_local_images_jsons`
  ADD CONSTRAINT `sector_local_images_jsons_sector_local_image_id_foreign` FOREIGN KEY (`sector_local_image_id`) REFERENCES `sector_local_images` (`id`);

--
-- Constraints for table `sector_local_images_json_sectors`
--
ALTER TABLE `sector_local_images_json_sectors`
  ADD CONSTRAINT `sector_local_images_json_sectors_sect_loc_img_json_id_foreign` FOREIGN KEY (`sect_loc_img_json_id`) REFERENCES `sector_local_images_jsons` (`id`),
  ADD CONSTRAINT `sector_local_images_json_sectors_sector_id_foreign` FOREIGN KEY (`sector_id`) REFERENCES `sectors` (`id`) ON DELETE CASCADE;

--
-- Constraints for table `sector_local_image_sector`
--
ALTER TABLE `sector_local_image_sector`
  ADD CONSTRAINT `sector_local_image_sector_image_id_foreign` FOREIGN KEY (`image_id`) REFERENCES `sector_local_images` (`id`),
  ADD CONSTRAINT `sector_local_image_sector_sector_id_foreign` FOREIGN KEY (`sector_id`) REFERENCES `sectors` (`id`);

--
-- Constraints for table `services`
--
ALTER TABLE `services`
  ADD CONSTRAINT `services_ka_service_id_foreign` FOREIGN KEY (`ka_service_id`) REFERENCES `locale_services` (`id`) ON DELETE CASCADE,
  ADD CONSTRAINT `services_us_service_id_foreign` FOREIGN KEY (`us_service_id`) REFERENCES `locale_services` (`id`) ON DELETE CASCADE;

--
-- Constraints for table `service_images`
--
ALTER TABLE `service_images`
  ADD CONSTRAINT `service_images_service_id_foreign` FOREIGN KEY (`service_id`) REFERENCES `services` (`id`) ON DELETE CASCADE;

--
-- Constraints for table `social_accounts`
--
ALTER TABLE `social_accounts`
  ADD CONSTRAINT `social_accounts_user_id_foreign` FOREIGN KEY (`user_id`) REFERENCES `users` (`id`) ON DELETE CASCADE;

--
-- Constraints for table `sport_route_reviews`
--
ALTER TABLE `sport_route_reviews`
  ADD CONSTRAINT `sport_route_reviews_route_id_foreign` FOREIGN KEY (`route_id`) REFERENCES `routes` (`id`);

--
-- Constraints for table `spot_rocks_images`
--
ALTER TABLE `spot_rocks_images`
  ADD CONSTRAINT `spot_rocks_images_article_id_foreign` FOREIGN KEY (`article_id`) REFERENCES `articles` (`id`);

--
-- Constraints for table `suport_local_bisneses`
--
ALTER TABLE `suport_local_bisneses`
  ADD CONSTRAINT `suport_local_bisneses_ka_bisnes_id_foreign` FOREIGN KEY (`ka_bisnes_id`) REFERENCES `locale_bisneses` (`id`),
  ADD CONSTRAINT `suport_local_bisneses_us_bisnes_id_foreign` FOREIGN KEY (`us_bisnes_id`) REFERENCES `locale_bisneses` (`id`);

--
-- Constraints for table `suport_local_bisnes_articles`
--
ALTER TABLE `suport_local_bisnes_articles`
  ADD CONSTRAINT `suport_local_bisnes_articles_article_id_foreign` FOREIGN KEY (`article_id`) REFERENCES `articles` (`id`) ON DELETE CASCADE,
  ADD CONSTRAINT `suport_local_bisnes_articles_bisnes_id_foreign` FOREIGN KEY (`bisnes_id`) REFERENCES `suport_local_bisneses` (`id`) ON DELETE CASCADE;

--
-- Constraints for table `suport_local_bisnes_images`
--
ALTER TABLE `suport_local_bisnes_images`
  ADD CONSTRAINT `suport_local_bisnes_images_bisnes_id_foreign` FOREIGN KEY (`bisnes_id`) REFERENCES `suport_local_bisneses` (`id`);

--
-- Constraints for table `tasks`
--
ALTER TABLE `tasks`
  ADD CONSTRAINT `tasks_for_user_id_foreign` FOREIGN KEY (`for_user_id`) REFERENCES `users` (`id`) ON DELETE CASCADE,
  ADD CONSTRAINT `tasks_from_user_id_foreign` FOREIGN KEY (`from_user_id`) REFERENCES `users` (`id`) ON DELETE CASCADE;

--
-- Constraints for table `tours`
--
ALTER TABLE `tours`
  ADD CONSTRAINT `tours_category_id_foreign` FOREIGN KEY (`category_id`) REFERENCES `tour_categories` (`id`) ON DELETE CASCADE,
  ADD CONSTRAINT `tours_ka_tour_id_foreign` FOREIGN KEY (`ka_tour_id`) REFERENCES `locale_tours` (`id`) ON DELETE CASCADE,
  ADD CONSTRAINT `tours_us_tour_id_foreign` FOREIGN KEY (`us_tour_id`) REFERENCES `locale_tours` (`id`) ON DELETE CASCADE;

--
-- Constraints for table `tour_images`
--
ALTER TABLE `tour_images`
  ADD CONSTRAINT `tour_images_tour_id_foreign` FOREIGN KEY (`tour_id`) REFERENCES `tours` (`id`) ON DELETE CASCADE;

--
-- Constraints for table `tour_reservations`
--
ALTER TABLE `tour_reservations`
  ADD CONSTRAINT `tour_reservations_tour_id_foreign` FOREIGN KEY (`tour_id`) REFERENCES `tours` (`id`) ON DELETE CASCADE;

--
-- Constraints for table `tour_reservations_users`
--
ALTER TABLE `tour_reservations_users`
  ADD CONSTRAINT `tour_reservations_users_reservatione_id_foreign` FOREIGN KEY (`reservation_id`) REFERENCES `tour_reservations` (`id`) ON DELETE CASCADE,
  ADD CONSTRAINT `tour_reservations_users_user_id_foreign` FOREIGN KEY (`user_id`) REFERENCES `users` (`id`) ON DELETE CASCADE;

--
-- Constraints for table `user_adreses`
--
ALTER TABLE `user_adreses`
  ADD CONSTRAINT `user_adreses_user_id_foreign` FOREIGN KEY (`user_id`) REFERENCES `users` (`id`);

--
-- Constraints for table `user_adrese_order`
--
ALTER TABLE `user_adrese_order`
  ADD CONSTRAINT `user_adrese_order_order_id_foreign` FOREIGN KEY (`order_id`) REFERENCES `orders` (`id`) ON DELETE CASCADE,
  ADD CONSTRAINT `user_adrese_order_user_adrese_id_foreign` FOREIGN KEY (`user_adrese_id`) REFERENCES `user_adreses` (`id`) ON DELETE CASCADE;

--
-- Constraints for table `user_complaints`
--
ALTER TABLE `user_complaints`
  ADD CONSTRAINT `user_complaints_complainted_user_id_foreign` FOREIGN KEY (`complainted_user_id`) REFERENCES `users` (`id`) ON DELETE CASCADE,
  ADD CONSTRAINT `user_complaints_user_id_foreign` FOREIGN KEY (`user_id`) REFERENCES `users` (`id`) ON DELETE CASCADE;

--
-- Constraints for table `user_notifications`
--
ALTER TABLE `user_notifications`
  ADD CONSTRAINT `user_notifications_user_id_foreign` FOREIGN KEY (`user_id`) REFERENCES `users` (`id`) ON DELETE CASCADE;

--
-- Constraints for table `user_permissions`
--
ALTER TABLE `user_permissions`
  ADD CONSTRAINT `user_permissions_permission_id_foreign` FOREIGN KEY (`permission_id`) REFERENCES `permissions` (`id`) ON DELETE CASCADE,
  ADD CONSTRAINT `user_permissions_user_id_foreign` FOREIGN KEY (`user_id`) REFERENCES `users` (`id`) ON DELETE CASCADE;

--
-- Constraints for table `user_products`
--
ALTER TABLE `user_products`
  ADD CONSTRAINT `user_products_product_id_foreign` FOREIGN KEY (`product_id`) REFERENCES `products` (`id`) ON DELETE CASCADE,
  ADD CONSTRAINT `user_products_user_id_foreign` FOREIGN KEY (`user_id`) REFERENCES `users` (`id`) ON DELETE CASCADE;

--
-- Constraints for table `user_product_feedbacks`
--
ALTER TABLE `user_product_feedbacks`
  ADD CONSTRAINT `user_product_feedbacks_feedback_id_foreign` FOREIGN KEY (`feedback_id`) REFERENCES `product_feedbacks` (`id`),
  ADD CONSTRAINT `user_product_feedbacks_user_id_foreign` FOREIGN KEY (`user_id`) REFERENCES `users` (`id`);

--
-- Constraints for table `user_requests`
--
ALTER TABLE `user_requests`
  ADD CONSTRAINT `user_requests_user_id_foreign` FOREIGN KEY (`user_id`) REFERENCES `users` (`id`) ON DELETE CASCADE;

--
-- Constraints for table `user_role`
--
ALTER TABLE `user_role`
  ADD CONSTRAINT `user_role_role_id_foreign` FOREIGN KEY (`role_id`) REFERENCES `roles` (`id`) ON DELETE CASCADE,
  ADD CONSTRAINT `user_role_user_id_foreign` FOREIGN KEY (`user_id`) REFERENCES `users` (`id`) ON DELETE CASCADE;

--
-- Constraints for table `user_sites`
--
ALTER TABLE `user_sites`
  ADD CONSTRAINT `user_sites_user_id_foreign` FOREIGN KEY (`user_id`) REFERENCES `users` (`id`) ON DELETE CASCADE;

--
-- Constraints for table `user_tours`
--
ALTER TABLE `user_tours`
  ADD CONSTRAINT `user_tours_tour_id_foreign` FOREIGN KEY (`tour_id`) REFERENCES `tours` (`id`) ON DELETE CASCADE,
  ADD CONSTRAINT `user_tours_user_id_foreign` FOREIGN KEY (`user_id`) REFERENCES `users` (`id`) ON DELETE CASCADE;

--
-- Constraints for table `warehouses_product_options`
--
ALTER TABLE `warehouses_product_options`
  ADD CONSTRAINT `warehouses_product_options_product_option_id_foreign` FOREIGN KEY (`product_option_id`) REFERENCES `product_options` (`id`),
  ADD CONSTRAINT `warehouses_product_options_warehouse_id_foreign` FOREIGN KEY (`warehouse_id`) REFERENCES `warehouses` (`id`);
COMMIT;

/*!40101 SET CHARACTER_SET_CLIENT=@OLD_CHARACTER_SET_CLIENT */;
/*!40101 SET CHARACTER_SET_RESULTS=@OLD_CHARACTER_SET_RESULTS */;
/*!40101 SET COLLATION_CONNECTION=@OLD_COLLATION_CONNECTION */;
